Mod:Item:MetaData, Localized Name
minecraft:air, Air
minecraft:stone:0, Stone
minecraft:stone:1, Granite
minecraft:stone:2, Polished Granite
minecraft:stone:3, Diorite
minecraft:stone:4, Polished Diorite
minecraft:stone:5, Andesite
minecraft:stone:6, Polished Andesite
minecraft:grass, Grass Block
minecraft:dirt:0, Dirt
minecraft:dirt:1, Coarse Dirt
minecraft:dirt:2, Podzol
minecraft:cobblestone, Cobblestone
minecraft:planks:0, Oak Wood Planks
minecraft:planks:1, Spruce Wood Planks
minecraft:planks:2, Birch Wood Planks
minecraft:planks:3, Jungle Wood Planks
minecraft:planks:4, Acacia Wood Planks
minecraft:planks:5, Dark Oak Wood Planks
minecraft:sapling:0, Oak Sapling
minecraft:sapling:1, Spruce Sapling
minecraft:sapling:2, Birch Sapling
minecraft:sapling:3, Jungle Sapling
minecraft:sapling:4, Acacia Sapling
minecraft:sapling:5, Dark Oak Sapling
minecraft:bedrock, Bedrock
minecraft:sand:0, Sand
minecraft:sand:1, Red Sand
minecraft:gravel, Gravel
minecraft:gold_ore, Gold Ore
minecraft:iron_ore, Iron Ore
minecraft:coal_ore, Coal Ore
minecraft:log:0, Oak Wood
minecraft:log:1, Spruce Wood
minecraft:log:2, Birch Wood
minecraft:log:3, Jungle Wood
minecraft:leaves:0, Oak Leaves
minecraft:leaves:1, Spruce Leaves
minecraft:leaves:2, Birch Leaves
minecraft:leaves:3, Jungle Leaves
minecraft:sponge:0, Sponge
minecraft:sponge:1, Wet Sponge
minecraft:glass, Glass
minecraft:lapis_ore, Lapis Lazuli Ore
minecraft:lapis_block, Lapis Lazuli Block
minecraft:dispenser, Dispenser
minecraft:sandstone:0, Sandstone
minecraft:sandstone:1, Chiseled Sandstone
minecraft:sandstone:2, Smooth Sandstone
minecraft:noteblock, Note Block
minecraft:golden_rail, Powered Rail
minecraft:detector_rail, Detector Rail
minecraft:sticky_piston, Sticky Piston
minecraft:web, Cobweb
minecraft:tallgrass:1, Grass
minecraft:tallgrass:2, Fern
minecraft:deadbush, Dead Bush
minecraft:piston, Piston
minecraft:wool:0, White Wool
minecraft:wool:1, Orange Wool
minecraft:wool:2, Magenta Wool
minecraft:wool:3, Light Blue Wool
minecraft:wool:4, Yellow Wool
minecraft:wool:5, Lime Wool
minecraft:wool:6, Pink Wool
minecraft:wool:7, Gray Wool
minecraft:wool:8, Light Gray Wool
minecraft:wool:9, Cyan Wool
minecraft:wool:10, Purple Wool
minecraft:wool:11, Blue Wool
minecraft:wool:12, Brown Wool
minecraft:wool:13, Green Wool
minecraft:wool:14, Red Wool
minecraft:wool:15, Black Wool
minecraft:yellow_flower:0, Dandelion
minecraft:red_flower:0, Poppy
minecraft:red_flower:1, Blue Orchid
minecraft:red_flower:2, Allium
minecraft:red_flower:3, Azure Bluet
minecraft:red_flower:4, Red Tulip
minecraft:red_flower:5, Orange Tulip
minecraft:red_flower:6, White Tulip
minecraft:red_flower:7, Pink Tulip
minecraft:red_flower:8, Oxeye Daisy
minecraft:brown_mushroom, Mushroom
minecraft:red_mushroom, Mushroom
minecraft:gold_block, Block of Gold
minecraft:iron_block, Block of Iron
minecraft:stone_slab:0, Stone Slab
minecraft:stone_slab:1, Sandstone Slab
minecraft:stone_slab:3, Cobblestone Slab
minecraft:stone_slab:4, Bricks Slab
minecraft:stone_slab:5, Stone Bricks Slab
minecraft:stone_slab:6, Nether Brick Slab
minecraft:stone_slab:7, Quartz Slab
minecraft:brick_block, Bricks
minecraft:tnt, TNT
minecraft:bookshelf, Bookshelf
minecraft:mossy_cobblestone, Moss Stone
minecraft:obsidian, Obsidian
minecraft:torch, Torch
minecraft:mob_spawner, Monster Spawner
minecraft:oak_stairs, Oak Wood Stairs
minecraft:chest, Chest
minecraft:diamond_ore, Diamond Ore
minecraft:diamond_block, Block of Diamond
minecraft:crafting_table, Crafting Table
minecraft:farmland, Farmland
minecraft:furnace, Furnace
minecraft:ladder, Ladder
minecraft:rail, Rail
minecraft:stone_stairs, Cobblestone Stairs
minecraft:lever, Lever
minecraft:stone_pressure_plate, Stone Pressure Plate
minecraft:wooden_pressure_plate, Wooden Pressure Plate
minecraft:redstone_ore, Redstone Ore
minecraft:redstone_torch, Redstone Torch
minecraft:stone_button, Button
minecraft:snow_layer, Snow
minecraft:ice, Ice
minecraft:snow, Snow
minecraft:cactus, Cactus
minecraft:clay, Clay
minecraft:jukebox, Jukebox
minecraft:fence, Oak Fence
minecraft:pumpkin, Pumpkin
minecraft:netherrack, Netherrack
minecraft:soul_sand, Soul Sand
minecraft:glowstone, Glowstone
minecraft:lit_pumpkin, Jack o'Lantern
minecraft:stained_glass:0, White Stained Glass
minecraft:stained_glass:1, Orange Stained Glass
minecraft:stained_glass:2, Magenta Stained Glass
minecraft:stained_glass:3, Light Blue Stained Glass
minecraft:stained_glass:4, Yellow Stained Glass
minecraft:stained_glass:5, Lime Stained Glass
minecraft:stained_glass:6, Pink Stained Glass
minecraft:stained_glass:7, Gray Stained Glass
minecraft:stained_glass:8, Light Gray Stained Glass
minecraft:stained_glass:9, Cyan Stained Glass
minecraft:stained_glass:10, Purple Stained Glass
minecraft:stained_glass:11, Blue Stained Glass
minecraft:stained_glass:12, Brown Stained Glass
minecraft:stained_glass:13, Green Stained Glass
minecraft:stained_glass:14, Red Stained Glass
minecraft:stained_glass:15, Black Stained Glass
minecraft:trapdoor, Wooden Trapdoor
minecraft:monster_egg:0, Stone Monster Egg
minecraft:monster_egg:1, Cobblestone Monster Egg
minecraft:monster_egg:2, Stone Brick Monster Egg
minecraft:monster_egg:3, Mossy Stone Brick Monster Egg
minecraft:monster_egg:4, Cracked Stone Brick Monster Egg
minecraft:monster_egg:5, Chiseled Stone Brick Monster Egg
minecraft:stonebrick:0, Stone Bricks
minecraft:stonebrick:1, Mossy Stone Bricks
minecraft:stonebrick:2, Cracked Stone Bricks
minecraft:stonebrick:3, Chiseled Stone Bricks
minecraft:brown_mushroom_block, Mushroom
minecraft:red_mushroom_block, Mushroom
minecraft:iron_bars, Iron Bars
minecraft:glass_pane, Glass Pane
minecraft:melon_block, Melon
minecraft:vine, Vines
minecraft:fence_gate, Oak Fence Gate
minecraft:brick_stairs, Brick Stairs
minecraft:stone_brick_stairs, Stone Brick Stairs
minecraft:mycelium, Mycelium
minecraft:waterlily, Lily Pad
minecraft:nether_brick, Nether Brick
minecraft:nether_brick_fence, Nether Brick Fence
minecraft:nether_brick_stairs, Nether Brick Stairs
minecraft:enchanting_table, Enchantment Table
minecraft:end_portal_frame, End Portal
minecraft:end_stone, End Stone
minecraft:dragon_egg, Dragon Egg
minecraft:redstone_lamp, Redstone Lamp
minecraft:wooden_slab:0, Oak Wood Slab
minecraft:wooden_slab:1, Spruce Wood Slab
minecraft:wooden_slab:2, Birch Wood Slab
minecraft:wooden_slab:3, Jungle Wood Slab
minecraft:wooden_slab:4, Acacia Wood Slab
minecraft:wooden_slab:5, Dark Oak Wood Slab
minecraft:sandstone_stairs, Sandstone Stairs
minecraft:emerald_ore, Emerald Ore
minecraft:ender_chest, Ender Chest
minecraft:tripwire_hook, Tripwire Hook
minecraft:emerald_block, Block of Emerald
minecraft:spruce_stairs, Spruce Wood Stairs
minecraft:birch_stairs, Birch Wood Stairs
minecraft:jungle_stairs, Jungle Wood Stairs
minecraft:command_block, Command Block
minecraft:beacon, Beacon
minecraft:cobblestone_wall:0, Cobblestone Wall
minecraft:cobblestone_wall:1, Mossy Cobblestone Wall
minecraft:wooden_button, Button
minecraft:anvil:0, Anvil
minecraft:anvil:1, Slightly Damaged Anvil
minecraft:anvil:2, Very Damaged Anvil
minecraft:trapped_chest, Trapped Chest
minecraft:light_weighted_pressure_plate, Weighted Pressure Plate (Light)
minecraft:heavy_weighted_pressure_plate, Weighted Pressure Plate (Heavy)
minecraft:daylight_detector, Daylight Sensor
minecraft:redstone_block, Block of Redstone
minecraft:quartz_ore, Nether Quartz Ore
minecraft:hopper, Hopper
minecraft:quartz_block:0, Block of Quartz
minecraft:quartz_block:1, Chiseled Quartz Block
minecraft:quartz_block:2, Pillar Quartz Block
minecraft:quartz_stairs, Quartz Stairs
minecraft:activator_rail, Activator Rail
minecraft:dropper, Dropper
minecraft:stained_hardened_clay:0, White Terracotta
minecraft:stained_hardened_clay:1, Orange Terracotta
minecraft:stained_hardened_clay:2, Magenta Terracotta
minecraft:stained_hardened_clay:3, Light Blue Terracotta
minecraft:stained_hardened_clay:4, Yellow Terracotta
minecraft:stained_hardened_clay:5, Lime Terracotta
minecraft:stained_hardened_clay:6, Pink Terracotta
minecraft:stained_hardened_clay:7, Gray Terracotta
minecraft:stained_hardened_clay:8, Light Gray Terracotta
minecraft:stained_hardened_clay:9, Cyan Terracotta
minecraft:stained_hardened_clay:10, Purple Terracotta
minecraft:stained_hardened_clay:11, Blue Terracotta
minecraft:stained_hardened_clay:12, Brown Terracotta
minecraft:stained_hardened_clay:13, Green Terracotta
minecraft:stained_hardened_clay:14, Red Terracotta
minecraft:stained_hardened_clay:15, Black Terracotta
minecraft:stained_glass_pane:0, White Stained Glass Pane
minecraft:stained_glass_pane:1, Orange Stained Glass Pane
minecraft:stained_glass_pane:2, Magenta Stained Glass Pane
minecraft:stained_glass_pane:3, Light Blue Stained Glass Pane
minecraft:stained_glass_pane:4, Yellow Stained Glass Pane
minecraft:stained_glass_pane:5, Lime Stained Glass Pane
minecraft:stained_glass_pane:6, Pink Stained Glass Pane
minecraft:stained_glass_pane:7, Gray Stained Glass Pane
minecraft:stained_glass_pane:8, Light Gray Stained Glass Pane
minecraft:stained_glass_pane:9, Cyan Stained Glass Pane
minecraft:stained_glass_pane:10, Purple Stained Glass Pane
minecraft:stained_glass_pane:11, Blue Stained Glass Pane
minecraft:stained_glass_pane:12, Brown Stained Glass Pane
minecraft:stained_glass_pane:13, Green Stained Glass Pane
minecraft:stained_glass_pane:14, Red Stained Glass Pane
minecraft:stained_glass_pane:15, Black Stained Glass Pane
minecraft:leaves2:0, Acacia Leaves
minecraft:leaves2:1, Dark Oak Leaves
minecraft:log2:0, Acacia Wood
minecraft:log2:1, Dark Oak Wood
minecraft:acacia_stairs, Acacia Wood Stairs
minecraft:dark_oak_stairs, Dark Oak Wood Stairs
minecraft:slime, Slime Block
minecraft:barrier, Barrier
minecraft:iron_trapdoor, Iron Trapdoor
minecraft:prismarine:0, Prismarine
minecraft:prismarine:1, Prismarine Bricks
minecraft:prismarine:2, Dark Prismarine
minecraft:sea_lantern, Sea Lantern
minecraft:hay_block, Hay Bale
minecraft:carpet:0, White Carpet
minecraft:carpet:1, Orange Carpet
minecraft:carpet:2, Magenta Carpet
minecraft:carpet:3, Light Blue Carpet
minecraft:carpet:4, Yellow Carpet
minecraft:carpet:5, Lime Carpet
minecraft:carpet:6, Pink Carpet
minecraft:carpet:7, Gray Carpet
minecraft:carpet:8, Light Gray Carpet
minecraft:carpet:9, Cyan Carpet
minecraft:carpet:10, Purple Carpet
minecraft:carpet:11, Blue Carpet
minecraft:carpet:12, Brown Carpet
minecraft:carpet:13, Green Carpet
minecraft:carpet:14, Red Carpet
minecraft:carpet:15, Black Carpet
minecraft:hardened_clay, Terracotta
minecraft:coal_block, Block of Coal
minecraft:packed_ice, Packed Ice
minecraft:double_plant:0, Sunflower
minecraft:double_plant:1, Lilac
minecraft:double_plant:2, Double Tallgrass
minecraft:double_plant:3, Large Fern
minecraft:double_plant:4, Rose Bush
minecraft:double_plant:5, Peony
minecraft:red_sandstone:0, Red Sandstone
minecraft:red_sandstone:1, Chiseled Red Sandstone
minecraft:red_sandstone:2, Smooth Red Sandstone
minecraft:red_sandstone_stairs, Red Sandstone Stairs
minecraft:stone_slab2:0, Red Sandstone Slab
minecraft:spruce_fence_gate, Spruce Fence Gate
minecraft:birch_fence_gate, Birch Fence Gate
minecraft:jungle_fence_gate, Jungle Fence Gate
minecraft:dark_oak_fence_gate, Dark Oak Fence Gate
minecraft:acacia_fence_gate, Acacia Fence Gate
minecraft:spruce_fence, Spruce Fence
minecraft:birch_fence, Birch Fence
minecraft:jungle_fence, Jungle Fence
minecraft:dark_oak_fence, Dark Oak Fence
minecraft:acacia_fence, Acacia Fence
minecraft:end_rod, End Rod
minecraft:chorus_plant, Chorus Plant
minecraft:chorus_flower, Chorus Flower
minecraft:purpur_block, Purpur Block
minecraft:purpur_pillar, Purpur Pillar
minecraft:purpur_stairs, Purpur Stairs
minecraft:purpur_slab:0, Purpur Slab
minecraft:end_bricks, End Stone Bricks
minecraft:grass_path, Grass Path
minecraft:repeating_command_block, Repeating Command Block
minecraft:chain_command_block, Chain Command Block
minecraft:magma, Magma Block
minecraft:nether_wart_block, Nether Wart Block
minecraft:red_nether_brick, Red Nether Brick
minecraft:bone_block, Bone Block
minecraft:structure_void, Structure Void
minecraft:observer, Observer
minecraft:white_shulker_box, White Shulker Box
minecraft:orange_shulker_box, Orange Shulker Box
minecraft:magenta_shulker_box, Magenta Shulker Box
minecraft:light_blue_shulker_box, Light Blue Shulker Box
minecraft:yellow_shulker_box, Yellow Shulker Box
minecraft:lime_shulker_box, Lime Shulker Box
minecraft:pink_shulker_box, Pink Shulker Box
minecraft:gray_shulker_box, Gray Shulker Box
minecraft:silver_shulker_box, Light Gray Shulker Box
minecraft:cyan_shulker_box, Cyan Shulker Box
minecraft:purple_shulker_box, Purple Shulker Box
minecraft:blue_shulker_box, Blue Shulker Box
minecraft:brown_shulker_box, Brown Shulker Box
minecraft:green_shulker_box, Green Shulker Box
minecraft:red_shulker_box, Red Shulker Box
minecraft:black_shulker_box, Black Shulker Box
minecraft:white_glazed_terracotta, White Glazed Terracotta
minecraft:orange_glazed_terracotta, Orange Glazed Terracotta
minecraft:magenta_glazed_terracotta, Magenta Glazed Terracotta
minecraft:light_blue_glazed_terracotta, Light Blue Glazed Terracotta
minecraft:yellow_glazed_terracotta, Yellow Glazed Terracotta
minecraft:lime_glazed_terracotta, Lime Glazed Terracotta
minecraft:pink_glazed_terracotta, Pink Glazed Terracotta
minecraft:gray_glazed_terracotta, Gray Glazed Terracotta
minecraft:silver_glazed_terracotta, Light Gray Glazed Terracotta
minecraft:cyan_glazed_terracotta, Cyan Glazed Terracotta
minecraft:purple_glazed_terracotta, Purple Glazed Terracotta
minecraft:blue_glazed_terracotta, Blue Glazed Terracotta
minecraft:brown_glazed_terracotta, Brown Glazed Terracotta
minecraft:green_glazed_terracotta, Green Glazed Terracotta
minecraft:red_glazed_terracotta, Red Glazed Terracotta
minecraft:black_glazed_terracotta, Black Glazed Terracotta
minecraft:concrete:0, White Concrete
minecraft:concrete:1, Orange Concrete
minecraft:concrete:2, Magenta Concrete
minecraft:concrete:3, Light Blue Concrete
minecraft:concrete:4, Yellow Concrete
minecraft:concrete:5, Lime Concrete
minecraft:concrete:6, Pink Concrete
minecraft:concrete:7, Gray Concrete
minecraft:concrete:8, Light Gray Concrete
minecraft:concrete:9, Cyan Concrete
minecraft:concrete:10, Purple Concrete
minecraft:concrete:11, Blue Concrete
minecraft:concrete:12, Brown Concrete
minecraft:concrete:13, Green Concrete
minecraft:concrete:14, Red Concrete
minecraft:concrete:15, Black Concrete
minecraft:concrete_powder:0, White Concrete Powder
minecraft:concrete_powder:1, Orange Concrete Powder
minecraft:concrete_powder:2, Magenta Concrete Powder
minecraft:concrete_powder:3, Light Blue Concrete Powder
minecraft:concrete_powder:4, Yellow Concrete Powder
minecraft:concrete_powder:5, Lime Concrete Powder
minecraft:concrete_powder:6, Pink Concrete Powder
minecraft:concrete_powder:7, Gray Concrete Powder
minecraft:concrete_powder:8, Light Gray Concrete Powder
minecraft:concrete_powder:9, Cyan Concrete Powder
minecraft:concrete_powder:10, Purple Concrete Powder
minecraft:concrete_powder:11, Blue Concrete Powder
minecraft:concrete_powder:12, Brown Concrete Powder
minecraft:concrete_powder:13, Green Concrete Powder
minecraft:concrete_powder:14, Red Concrete Powder
minecraft:concrete_powder:15, Black Concrete Powder
minecraft:structure_block, Structure Block
minecraft:iron_shovel, Iron Shovel
minecraft:iron_pickaxe, Iron Pickaxe
minecraft:iron_axe, Iron Axe
minecraft:flint_and_steel, Flint and Steel
minecraft:apple, Apple
minecraft:bow, Bow
minecraft:arrow, Arrow
minecraft:coal:0, Coal
minecraft:coal:1, Charcoal
minecraft:diamond, Diamond
minecraft:iron_ingot, Iron Ingot
minecraft:gold_ingot, Gold Ingot
minecraft:iron_sword, Iron Sword
minecraft:wooden_sword, Wooden Sword
minecraft:wooden_shovel, Wooden Shovel
minecraft:wooden_pickaxe, Wooden Pickaxe
minecraft:wooden_axe, Wooden Axe
minecraft:stone_sword, Stone Sword
minecraft:stone_shovel, Stone Shovel
minecraft:stone_pickaxe, Stone Pickaxe
minecraft:stone_axe, Stone Axe
minecraft:diamond_sword, Diamond Sword
minecraft:diamond_shovel, Diamond Shovel
minecraft:diamond_pickaxe, Diamond Pickaxe
minecraft:diamond_axe, Diamond Axe
minecraft:stick, Stick
minecraft:bowl, Bowl
minecraft:mushroom_stew, Mushroom Stew
minecraft:golden_sword, Golden Sword
minecraft:golden_shovel, Golden Shovel
minecraft:golden_pickaxe, Golden Pickaxe
minecraft:golden_axe, Golden Axe
minecraft:string, String
minecraft:feather, Feather
minecraft:gunpowder, Gunpowder
minecraft:wooden_hoe, Wooden Hoe
minecraft:stone_hoe, Stone Hoe
minecraft:iron_hoe, Iron Hoe
minecraft:diamond_hoe, Diamond Hoe
minecraft:golden_hoe, Golden Hoe
minecraft:wheat_seeds, Seeds
minecraft:wheat, Wheat
minecraft:bread, Bread
minecraft:leather_helmet, Leather Cap
minecraft:leather_chestplate, Leather Tunic
minecraft:leather_leggings, Leather Pants
minecraft:leather_boots, Leather Boots
minecraft:chainmail_helmet, Chain Helmet
minecraft:chainmail_chestplate, Chain Chestplate
minecraft:chainmail_leggings, Chain Leggings
minecraft:chainmail_boots, Chain Boots
minecraft:iron_helmet, Iron Helmet
minecraft:iron_chestplate, Iron Chestplate
minecraft:iron_leggings, Iron Leggings
minecraft:iron_boots, Iron Boots
minecraft:diamond_helmet, Diamond Helmet
minecraft:diamond_chestplate, Diamond Chestplate
minecraft:diamond_leggings, Diamond Leggings
minecraft:diamond_boots, Diamond Boots
minecraft:golden_helmet, Golden Helmet
minecraft:golden_chestplate, Golden Chestplate
minecraft:golden_leggings, Golden Leggings
minecraft:golden_boots, Golden Boots
minecraft:flint, Flint
minecraft:porkchop, Raw Porkchop
minecraft:cooked_porkchop, Cooked Porkchop
minecraft:painting, Painting
minecraft:golden_apple:0, Golden Apple
minecraft:golden_apple:1, Golden Apple
minecraft:sign, Sign
minecraft:wooden_door, Oak Door
minecraft:bucket, Bucket
minecraft:water_bucket, Water Bucket
minecraft:lava_bucket, Lava Bucket
minecraft:minecart, Minecart
minecraft:saddle, Saddle
minecraft:iron_door, Iron Door
minecraft:redstone, Redstone
minecraft:snowball, Snowball
minecraft:boat, Oak Boat
minecraft:leather, Leather
minecraft:milk_bucket, Milk
minecraft:brick, Brick
minecraft:clay_ball, Clay
minecraft:reeds, Sugar Canes
minecraft:paper, Paper
minecraft:book, Book
minecraft:slime_ball, Slimeball
minecraft:chest_minecart, Minecart with Chest
minecraft:furnace_minecart, Minecart with Furnace
minecraft:egg, Egg
minecraft:compass, Compass
minecraft:fishing_rod, Fishing Rod
minecraft:clock, Clock
minecraft:glowstone_dust, Glowstone Dust
minecraft:fish:0, Raw Fish
minecraft:fish:1, Raw Salmon
minecraft:fish:2, Clownfish
minecraft:fish:3, Pufferfish
minecraft:cooked_fish:0, Cooked Fish
minecraft:cooked_fish:1, Cooked Salmon
minecraft:dye:0, Ink Sac
minecraft:dye:1, Rose Red
minecraft:dye:2, Cactus Green
minecraft:dye:3, Cocoa Beans
minecraft:dye:4, Lapis Lazuli
minecraft:dye:5, Purple Dye
minecraft:dye:6, Cyan Dye
minecraft:dye:7, Light Gray Dye
minecraft:dye:8, Gray Dye
minecraft:dye:9, Pink Dye
minecraft:dye:10, Lime Dye
minecraft:dye:11, Dandelion Yellow
minecraft:dye:12, Light Blue Dye
minecraft:dye:13, Magenta Dye
minecraft:dye:14, Orange Dye
minecraft:dye:15, Bone Meal
minecraft:bone, Bone
minecraft:sugar, Sugar
minecraft:cake, Cake
minecraft:bed:0, White Bed
minecraft:bed:1, Orange Bed
minecraft:bed:2, Magenta Bed
minecraft:bed:3, Light Blue Bed
minecraft:bed:4, Yellow Bed
minecraft:bed:5, Lime Bed
minecraft:bed:6, Pink Bed
minecraft:bed:7, Gray Bed
minecraft:bed:8, Light Gray Bed
minecraft:bed:9, Cyan Bed
minecraft:bed:10, Purple Bed
minecraft:bed:11, Blue Bed
minecraft:bed:12, Brown Bed
minecraft:bed:13, Green Bed
minecraft:bed:14, Red Bed
minecraft:bed:15, Black Bed
minecraft:repeater, Redstone Repeater
minecraft:cookie, Cookie
minecraft:filled_map:0, Map
minecraft:shears, Shears
minecraft:melon, Melon
minecraft:pumpkin_seeds, Pumpkin Seeds
minecraft:melon_seeds, Melon Seeds
minecraft:beef, Raw Beef
minecraft:cooked_beef, Steak
minecraft:chicken, Raw Chicken
minecraft:cooked_chicken, Cooked Chicken
minecraft:rotten_flesh, Rotten Flesh
minecraft:ender_pearl, Ender Pearl
minecraft:blaze_rod, Blaze Rod
minecraft:ghast_tear, Ghast Tear
minecraft:gold_nugget, Gold Nugget
minecraft:nether_wart, Nether Wart
minecraft:potion, Potion
minecraft:glass_bottle, Glass Bottle
minecraft:spider_eye, Spider Eye
minecraft:fermented_spider_eye, Fermented Spider Eye
minecraft:blaze_powder, Blaze Powder
minecraft:magma_cream, Magma Cream
minecraft:brewing_stand, Brewing Stand
minecraft:cauldron, Cauldron
minecraft:ender_eye, Eye of Ender
minecraft:speckled_melon, Glistering Melon
minecraft:spawn_egg, Spawn
minecraft:experience_bottle, Bottle o' Enchanting
minecraft:fire_charge, Fire Charge
minecraft:writable_book, Book and Quill
minecraft:written_book, Written Book
minecraft:emerald, Emerald
minecraft:item_frame, Item Frame
minecraft:flower_pot, Flower Pot
minecraft:carrot, Carrot
minecraft:potato, Potato
minecraft:baked_potato, Baked Potato
minecraft:poisonous_potato, Poisonous Potato
minecraft:map, Empty Map
minecraft:golden_carrot, Golden Carrot
minecraft:skull:0, Skeleton Skull
minecraft:skull:1, Wither Skeleton Skull
minecraft:skull:2, Zombie Head
minecraft:skull:3, Head
minecraft:skull:4, Creeper Head
minecraft:skull:5, Dragon Head
minecraft:carrot_on_a_stick, Carrot on a Stick
minecraft:nether_star, Nether Star
minecraft:pumpkin_pie, Pumpkin Pie
minecraft:fireworks, Firework Rocket
minecraft:firework_charge, Firework Star
minecraft:enchanted_book, Enchanted Book
minecraft:comparator, Redstone Comparator
minecraft:netherbrick, Nether Brick
minecraft:quartz, Nether Quartz
minecraft:tnt_minecart, Minecart with TNT
minecraft:hopper_minecart, Minecart with Hopper
minecraft:prismarine_shard, Prismarine Shard
minecraft:prismarine_crystals, Prismarine Crystals
minecraft:rabbit, Raw Rabbit
minecraft:cooked_rabbit, Cooked Rabbit
minecraft:rabbit_stew, Rabbit Stew
minecraft:rabbit_foot, Rabbit's Foot
minecraft:rabbit_hide, Rabbit Hide
minecraft:armor_stand, Armor Stand
minecraft:iron_horse_armor, Iron Horse Armor
minecraft:golden_horse_armor, Gold Horse Armor
minecraft:diamond_horse_armor, Diamond Horse Armor
minecraft:lead, Lead
minecraft:name_tag, Name Tag
minecraft:command_block_minecart, Minecart with Command Block
minecraft:mutton, Raw Mutton
minecraft:cooked_mutton, Cooked Mutton
minecraft:banner:15, White Banner
minecraft:banner:14, Orange Banner
minecraft:banner:13, Magenta Banner
minecraft:banner:12, Light Blue Banner
minecraft:banner:11, Yellow Banner
minecraft:banner:10, Lime Banner
minecraft:banner:9, Pink Banner
minecraft:banner:8, Gray Banner
minecraft:banner:7, Light Gray Banner
minecraft:banner:6, Cyan Banner
minecraft:banner:5, Purple Banner
minecraft:banner:4, Blue Banner
minecraft:banner:3, Brown Banner
minecraft:banner:2, Green Banner
minecraft:banner:1, Red Banner
minecraft:banner:0, Black Banner
minecraft:end_crystal, End Crystal
minecraft:spruce_door, Spruce Door
minecraft:birch_door, Birch Door
minecraft:jungle_door, Jungle Door
minecraft:acacia_door, Acacia Door
minecraft:dark_oak_door, Dark Oak Door
minecraft:chorus_fruit, Chorus Fruit
minecraft:chorus_fruit_popped, Popped Chorus Fruit
minecraft:beetroot, Beetroot
minecraft:beetroot_seeds, Beetroot Seeds
minecraft:beetroot_soup, Beetroot Soup
minecraft:dragon_breath, Dragon's Breath
minecraft:splash_potion, Splash Potion
minecraft:spectral_arrow, Spectral Arrow
minecraft:tipped_arrow, Tipped Arrow
minecraft:lingering_potion, Lingering Potion
minecraft:shield, Shield
minecraft:elytra, Elytra
minecraft:spruce_boat, Spruce Boat
minecraft:birch_boat, Birch Boat
minecraft:jungle_boat, Jungle Boat
minecraft:acacia_boat, Acacia Boat
minecraft:dark_oak_boat, Dark Oak Boat
minecraft:totem_of_undying, Totem of Undying
minecraft:shulker_shell, Shulker Shell
minecraft:iron_nugget, Iron Nugget
minecraft:knowledge_book, Knowledge Book
minecraft:record_13, Music Disc
minecraft:record_cat, Music Disc
minecraft:record_blocks, Music Disc
minecraft:record_chirp, Music Disc
minecraft:record_far, Music Disc
minecraft:record_mall, Music Disc
minecraft:record_mellohi, Music Disc
minecraft:record_stal, Music Disc
minecraft:record_strad, Music Disc
minecraft:record_ward, Music Disc
minecraft:record_11, Music Disc
minecraft:record_wait, Music Disc
microblockcbe:saw_stone, Stone Saw
microblockcbe:saw_iron, Iron Saw
microblockcbe:saw_diamond, Diamond Saw
microblockcbe:stone_rod, Stone Rod
mwc:magazine_extra, item.mwc_magazine_extra.name
mwc:combat_sustainment_backpack_tan, Combat Sustainment Backpack (Tan)
mwc:combat_sustainment_backpack_black, Combat Sustainment Backpack (Black)
mwc:combat_sustainment_backpack_forest, Combat Sustainment Backpack (Forest)
mwc:assault_backpack_tan, Assault Backpack (Tan)
mwc:assault_backpack_black, Assault Backpack (Black)
mwc:assault_backpack_forest, Assault Backpack (Forest)
mwc:tru_spec_cordura_backpack_tan, Tru-Spec Cordura Backpack (Tan)
mwc:tru_spec_cordura_backpack_black, Tru-Spec Cordura Backpack (Black)
mwc:tru_spec_cordura_backpack_forest, Tru-Spec Cordura Backpack (Forest)
mwc:f5_switchblade_backpack, F5 Switchblade Backpack
mwc:duffle_bag, Duffle Bag
mwc:m43a_chest_harness, M43A Chest Harness
mwc:flyye_field_compact_plate_carrier, Molle Plate Carrier
mwc:molle_black, Molle Plate Carrier (Black)
mwc:molle_green, Molle Plate Carrier (Green)
mwc:molle_urban, Molle Plate Carrier (Urban)
mwc:swat_vest, UTG-547 Tactical Vest
mwc:usmc_vest, Force Recon Vest
mwc:usmc_vest_black, Force Recon Vest (Black)
mwc:usmc_vest_green, Force Recon Vest (Green)
mwc:usmc_vest_urban, Force Recon Vest (Urban)
mwc:marine_helmet, Kevlar Helmet (Tan)
mwc:marine_chest, Combat Jacket (Tan)
mwc:marine_boots, Combat Boots (Tan)
mwc:spec_ops_helmet, Kevlar Helmet (Black)
mwc:spec_ops_chest, Combat Jacket (Black)
mwc:spec_ops_boots, Combat Boots (Black)
mwc:spetznaz_helmet, Kevlar Helmet (Green)
mwc:spetznaz_chest, Combat Jacket (Forest)
mwc:spetznaz_boots, Combat Boots (Forest)
mwc:urban_helmet, Kevlar Helmet (Urban)
mwc:urban_chest, Combat Jacket (Urban)
mwc:urban_boots, Combat Boots (Urban)
mwc:blackcamo_chest, Multi-Camo Black Shirt
mwc:forest_chest, Military Forest Shirt
mwc:blackjeans_boots, Black Jeans/Boots
mwc:khakijeans_boots, Khaki Jeans/Black Boots
mwc:santa_helmet, Santa Beret
mwc:santa_chest, Santa Coat
mwc:santa_boots, Santa Boots
mwc:nazisanta_helmet, Third Reich Santa Hat
mwc:nazisanta_chest, Third Reich Santa Coat
mwc:nazisanta_boots, Third Reich Santa Boots
mwc:juggernaut_helmet, Juggernaut Helmet
mwc:juggernaut_chest, Juggernaut Chestpiece
mwc:juggernaut_boots, Juggernaut Boots
mwc:ghillie_helmet, Ghillie Hood
mwc:ghillie_chest, Ghillie Fatigues
mwc:ghillie_boots, Ghillie Boots
mwc:swat_helmet, Swat Helmet
mwc:swat_chest, Swat Chestplate
mwc:swat_boots, Swat Boots
mwc:tactical_helmet, Tactical Nightvision Goggles
mwc:jpnvg18_helmet, GPNVG-18 Nightvision Helmet
mwc:m40gasmask_helmet, M40 Gas Mask
mwc:g11handguardk1, G11 K1 Handguard
mwc:g11handguardk2, G11 K2 Handguard
mwc:fabdefensemount, FAB Defense Mount
mwc:mas21mount, MAS-21 Scope Mount
mwc:p90swordfish, P90 Swordfish Kit
mwc:p90defaultkit, P90 Default Kit
mwc:p90terminator, P90 Terminator Conversion Kit
mwc:scarhandguard, Scar Handguard
mwc:scarhhandguard, Scar-H Handguard
mwc:scarmidwestindustrieshandguard, MidWest Industries SCAR Handguard
mwc:scarmlokhandguard, MLOK SCAR Handguard
mwc:sig556handguard, SIG-556 Handguard
mwc:sig556handguardrailed, SIG-556 Quad-Rail Handguard
mwc:sig556handguardka, SIG-556 KA Handguard
mwc:sig556grip, SIG-556 Grip
mwc:scarlreceiver, SCAR-L Receiver
mwc:krissvectorreceiver, Vector Receiver
mwc:krissvector556handguard, Kriss Vector 5.56x45mm NATO Body
mwc:vectormk1modularhandguard, Vector Mk1 Modular Handguard
mwc:vectorcarbinehandguard, Vector Carbine Handguard
mwc:vectortapedgrip, Vector Taped Grip
mwc:origin12handguard, Origin-12 Handguard
mwc:hks20handguard, Origin-12 [HKS-20] Handguard
mwc:remington700chassis, Remington-700 Chassis
mwc:remington700apacchassis, Remington-700 APAC Chassis
mwc:remington700mdtxrschassis, Remington-700 MDTXRS Chassis
mwc:ssg08chassis, SSG-08 Chassis
mwc:arx160chassis, ARX-160 Chassis
mwc:g2contenderbarrelshort, G2 Contender Barrel
mwc:g2contenderbarrellong, G2 Contender Extended Barrel
mwc:g2contendergrip, G2 Contender Grip
mwc:g2contenderstock, G2 Contender Stock
mwc:origin12grip, Origin-12 Grip
mwc:hks20grip, Origin-12 [HKS-20] Grip
mwc:origin12stock, Origin-12 Stock
mwc:hks20stock, Origin-12 [HKS-20] Stock
mwc:acrhandguard, ACR Handguard
mwc:acrhandguardblack, ACR Handguard (Black)
mwc:acrwemskhandguardtan, ACR WE MSK Handguard
mwc:acrprecisionhandguardtan, ACR Precision Handguard
mwc:acrsbrhandguardtan, ACR SBR Handguard
mwc:acrpolymerhandguardtan, ACR Polymer Handguard
mwc:acrsquaredrophandguardtan, ACR Square Drop Handguard
mwc:type20handguard, Type-20 Handguard
mwc:honeybadgerhandguard, AAC Honey Badger Handguard
mwc:honeybadgermatrixarmshandguard, AAC Honey Badger Matrix Arms Handguard
mwc:m60handguard, M60 Handguard
mwc:m60e4guard, M60E4 Handguard
mwc:m249handguard, M249 Handguard
mwc:mk48handguard, Mk48 Handguard
mwc:m249upperhandguard, M249 Upper Handguard
mwc:mk48upperhandguard, Mk48 Upper Handguard
mwc:stonerhandguard, Stoner A1 Handguard
mwc:auga1, AUG A1 Conversion Kit
mwc:auga2handguard, AUG A2 Handguard
mwc:auga3handguard, AUG A3 Handguard
mwc:ef88handguard, EF-88 Handguard
mwc:augdefaultkit, AUG Default Kit
mwc:augparaconversion, AUG PARA Conversion Kit
mwc:auga3extguard, AUG A3 Extended Guard
mwc:m1carbinebody, M1 Carbine Body
mwc:m1a1carbinebody, M1 [M1A1] Carbine Body
mwc:m1carbinehandguard, M1 Carbine Handguard
mwc:m1carbineventilatedhandguard, M1 Carbine Ventilated Handguard
mwc:m1scoutcarbinehandguard, M1 Scout Carbine Handguard
mwc:g3a1handguard, G3 Handguard
mwc:g3handguardrailed, G3 Railed Handguard
mwc:dsr1handguard, DSR-1 Handguard
mwc:dsr1handguardrailed, DSR-1 Railed Handguard
mwc:dsr1barrel, DSR1 Barrel
mwc:dsr1barrellong, DSR-1 Extended Barrel
mwc:m14body, M14 DMR Chassis
mwc:m14dmrsocomchassis, M14 DMR SOCOM Chassis
mwc:mk14tanbody, Mk14 EBR Chassis (Tan)
mwc:mk14snowbody, Mk14 EBR Chassis (Arctic)
mwc:mk14blackbody, Mk14 EBR Chassis
mwc:m14cover, M14 DMR Cover
mwc:m14trirailcover, M14 DMR Tri-Rail Cover
mwc:m14rail, M14 DMR / Mk14 EBR Scope Mount
mwc:scarstock, Scar Stock
mwc:scarretractablestock, Scar Retractable Stock
mwc:scaradapterstock, Scar Stock Adapter
mwc:scarhstock, Scar H Stock
mwc:vectorstock, Kriss Vector Stock
mwc:vectorstockadapter, Vector Stock Adapter
mwc:ump45receiver, UMP45 Receiver
mwc:ump9receiver, UMP9 Receiver
mwc:ump45stock, UMP45 Stock
mwc:mac10stock, MAC-10 Stock
mwc:mac21stock, MAC-21 Stock
mwc:acrstock, ACR Stock
mwc:acrstockblack, ACR Stock (Black)
mwc:acrfixedstocktan, ACR Fixed Stock
mwc:acrprsstocktan, ACR PRS Stock
mwc:acrlongrangestock, ACR Precision Stock
mwc:acrpdwstock, ACR PDW Stock
mwc:m1014stock, M1014 Stock
mwc:m1014grip, M1014 Grip
mwc:m4benellistock, M4Benelli Stock
mwc:spas12stock, Spas12 Stock
mwc:m249stock, M249 Stock
mwc:m249parastock, M249 Para Stock
mwc:m249milspecstock, M249 Mil-Spec Stock
mwc:m249hk416stock, M249 HK416 Stock
mwc:utgtrirailhandguard, UTG Tri Rail Handguard
mwc:mp5bmhandguard, MP5BM Handguard
mwc:mimp5mhandguard, MI MP5 Handguard
mwc:scorpionevo3a1handguardshort, Short Scorpion Handguard
mwc:scorpionevo3a1handguardlong, Long Scorpion Handguard
mwc:mimp5trrail, MI MP5 TR Rail
mwc:mimp5mrail, MI MP5 M Rail
mwc:shotgunrail, Shotgun Rail
mwc:kar98krail, Kar98K Rail
mwc:m60rail, M60 Rail
mwc:m16a1scopemount, M16A1 Scope Mount
mwc:famasf1scopemount, Famas F1 Scope Mount
mwc:m16a1picatinnyrail, M16A1 Picatinny Rail
mwc:famasf1picatinnyrail, Famas F1 Picatinny Rail
mwc:ngswrrail, item.mwc_NGSWRRail.name
mwc:railriser, Rail Riser
mwc:m1911slide, M1911 Slide
mwc:m1911body, M1911 Body
mwc:m191144magslide, M1911 .44 Magnum Slide
mwc:m191144magbody, M1911 .44 Magnum Body
mwc:m9a1slide, M9A1 Slide
mwc:m9a1body, M9A1 Body
mwc:samuraiedgeslide, M9A1 Samurai Edge Slide
mwc:samuraiedgebody, M9A1 Samurai Edge Body
mwc:samuraiedgemount, Samurai Edge Scope Mount
mwc:deserteagleslide, item.mwc_DesertEagleSlide.name
mwc:deserteaglebody, IMI Desert Eagle Body
mwc:deserteaglelongbody, IMI Desert Eagle Body (Extended Muzzle)
mwc:deserteaglebodygolden, item.mwc_DesertEagleBodyGolden.name
mwc:deserteagleslidegolden, item.mwc_DesertEagleSlideGolden.name
mwc:deserteaglebodyblack, item.mwc_DesertEagleBodyBlack.name
mwc:deserteagleslideblack, item.mwc_DesertEagleSlideBlack.name
mwc:glock19body, Glock-19 Body
mwc:glock19xbody, Glock-19X Body
mwc:glockrazorbackbody, Glock-19 Razorback Body
mwc:glock19slide, Glock-19 Slide
mwc:glock18cslide, Glock-18C Slide
mwc:glock18ccncslide, Glock-18CCNC Slide
mwc:glock19xslide, Glock-19X Slide
mwc:glockrazorbackslide, Glock Razorback Slide
mwc:glock19rockslideolive, Glock-19 Rock Slide (Olive)
mwc:glock19ghostprecisionslide, Glock-19 Ghost Precision Slide
mwc:sccycpx2body, CPX-2 Body
mwc:sccycpx2bodytan, CPX-2 Body (Tan)
mwc:sccycpx2griptape, CPX-2 Taped Grip
mwc:sccycpx2slide, CPX-2 Slide
mwc:sccycpx2bslide, CPX-2 Slide
mwc:p226slide, P226 Slide
mwc:fivesevenslide, item.mwc_FiveSevenSlide.name
mwc:makarovbody, PM Body
mwc:makarovpmslide, PM Slide
mwc:makarovpbslide, PB Slide
mwc:mp443slide, MP443 Slide
mwc:makarovpbbody, PB Body
mwc:mac10body, MAC-10 Body
mwc:mac10action, MAC-10 Action
mwc:mp5navyhandguard, MP5 Navy Handguard
mwc:mp5a5handguard, MP5A5 Handguard
mwc:mp5sdhandguard, MP5SD Handguard
mwc:mp5hoguegrip, MP5 Hogue Grip
mwc:glockhoguegrip, Glock Hogue Grip
mwc:glockhoguegriptan, Glock Hogue Grip (Tan)
mwc:apsgrip, APS Grip
mwc:apsstock, APS Stock
mwc:mac10grip, MAC-10 Grip
mwc:mp5stock, MP5 Stock
mwc:mp5a3stock, MP5A3 Stock
mwc:mp5a4stock, MP5A4 Stock
mwc:mp5stockadapter, MP5 Stock Adapter
mwc:lvoavhandguard, LVOAV Handguard
mwc:ar15fn15handguard, AR15/FN15 Handguard
mwc:m38handguard, M38 Handguard
mwc:hk416handguardblackandtan, HK416 Handguard (Black/Tan)
mwc:hk417handguard, HK417 Handguard
mwc:hk417handguardtan, HK417 Handguard (Tan)
mwc:mk18handguard, Mk18 Handguard
mwc:mk18handguardblack, Mk18 Handguard (black)
mwc:block2socomhandguard, Block 2 SOCOM Handguard
mwc:fsstaclitehandguard, FSS TacLite Handguard
mwc:m4magpulhandguard, M4 Magpul Handguard
mwc:m4magpulhandguardtan, M4 Magpul Handguard (Tan)
mwc:m4receiver, M4 Receiver
mwc:hk416receiver, HK416 Receiver
mwc:c8sfwreceiver, item.mwc_C8SFWReceiver.name
mwc:vltorreceiver, VLTOR Receiver
mwc:ar57receiver, AR-57 Receiver
mwc:hk417receiver, HK417 Receiver
mwc:hk417receivertan, HK417 Receiver (Tan)
mwc:m110receiver, M110 Receiver
mwc:z10receiver, item.mwc_Z10Receiver.name
mwc:beowulf50calreceiver, Beowulf .50 Cal Receiver
mwc:s710receiver, S7-10 Receiver
mwc:cz805brenreceiver, CZ-805 Bren Receiver
mwc:honeybadgerreceiver, AAC Honey Badger Receiver
mwc:honeybadgerreceiverblack, AAC Honey Badger Receiver (Black)
mwc:honeybadgerknightsreceiver, AAC Honey Badger Knights Receiver
mwc:honeybadgerknightsreceiverblack, AAC Honey Badger Knights Receiver (Black)
mwc:placeholder, item.mwc_Placeholder.name
mwc:famasplaceholder, item.mwc_FamasPlaceholder.name
mwc:apc9placeholder, item.mwc_APC9Placeholder.name
mwc:p90placeholder, item.mwc_P90Placeholder.name
mwc:pistolplaceholder, item.mwc_PistolPlaceholder.name
mwc:gripplaceholder, item.mwc_GripPlaceholder.name
mwc:m40a6gripplaceholder, item.mwc_M40A6GripPlaceholder.name
mwc:laserplaceholder, item.mwc_LaserPlaceholder.name
mwc:m4handguard, M4 Handguard
mwc:ar57handguard, AR-57 Handguard
mwc:ntw20guard, NTW-20 Handguard
mwc:m16handguard, M16 Handguard
mwc:m16a1handguard, M16A1 Handguard
mwc:m4carbinehandguard, M4 Carbine Handguard
mwc:m16a4handguard, M16A4 Quad-Rail Handguard
mwc:m110handguard, M110 Handguard
mwc:z10handguard, Zbroyar Z10 Handguard
mwc:ar10supersasshandguard, AR10 Super SASS Handguard
mwc:s710handguard, S7-10 Handguard
mwc:sigmcxhandguard, SIG MCX Handguard
mwc:sigmcxhandguardshort, Long SIG MCX Handguard
mwc:mpxhandguard, SIG MPX Handguard
mwc:mpxhandguardextended, SIG MPX Extended Handguard
mwc:mpxhandguardrailed, SIG MPX Handguard
mwc:k2c1handguard, K2C1 Handguard
mwc:heraarmsgrip, Hera Arms Grip
mwc:m4grip, M4 Grip
mwc:m4griptan, M4 Grip (Tan)
mwc:socom_grip, SOCOM Grip
mwc:m4gripgray, M4 Grip (Gray)
mwc:hk416grip, HK-416 Grip
mwc:hk416griptan, HK-416 Grip (Tan)
mwc:m110grip, M110 Grip
mwc:s710tricungrip, S7-10 Tricun Grip
mwc:k2c1grip, K2C1 Grip
mwc:ak47grip, AK-47 Grip
mwc:ak101grip, AK-101 Grip
mwc:akergogrip, AK Ergo Grip
mwc:akergogripgreen, AK Ergo Grip (Olive)
mwc:akergogriptan, AK Ergo Grip (Tan)
mwc:ak12grip, AK-12 Prototype Grip
mwc:ak12ergogrip, AK-12 Ergo Grip
mwc:honeybadgerstock, AAC Honey Badger Stock
mwc:honeybadgerstockblack, AAC Honey Badger Stock (Black)
mwc:g3stock, G3 Stock
mwc:mp7stock, MP7 Stock
mwc:mp7milspecstock, MP7 Mil-Spec Stock
mwc:ak47stock, AK-47 Stock
mwc:dragunovgripstock, SVD Dragunov Stock
mwc:dragunov98stock, SVD Dragunov-98 Stock
mwc:rpkstock, RPK Stock
mwc:ak101stock, AK-101 Stock
mwc:ak74stock, AK-74 Stock
mwc:ak12stock, AK-12 Prototype Stock
mwc:ak12zenitcostock, AK-12 Zenitco Stock
mwc:vssvintorezstock, VSS Vintorez Stock
mwc:asvalstock, AS Val Stock
mwc:vssvintorezmilspecstock, VSS Vintorez Mil-Spec Stock
mwc:collapsablemoestock, Collapsible MOE Stock
mwc:collapsablemoestockgreen, Collapsible MOE Stock (Olive)
mwc:magpulctrstock, Magpul CTR Stock
mwc:magpulctrstocktan, Magpul CTR Stock (Tan)
mwc:milspecstock, Mil-Spec Stock
mwc:cz805brenstock, CZ-805 Bren Stock
mwc:sigmcxstock, SIG MCX Stock
mwc:c8stock, item.mwc_C8Stock.name
mwc:milspecstocktan, Mil-Spec Stock (Tan)
mwc:heraarmsstock, Hera Arms Stock
mwc:hk416stock, HK416 Stock
mwc:socom_stock, item.mwc_SOCOM_Stock.name
mwc:m16stock, M16 Stock
mwc:hk416stocktan, HK416 Stock (Tan)
mwc:m110stock, M110 Stock
mwc:arprsprecisionstock, AR PRS Precision Stock
mwc:ak47handleguard, AK-47 Handguard
mwc:dragunovhandguard, SVD Dragunov Handguard
mwc:dragunov98handguard, SVD Dragunov-98 Handguard
mwc:ak101handguard, AK-101 Handguard
mwc:ak74handguard, AK-74 Handguard
mwc:akmagpulhandleguard, AK Magpul Handguard
mwc:akmagpulhandleguardtan, AK Magpul Handguard (Tan)
mwc:mlokhandguard, MLOK Handguard
mwc:mlokextendedhandguard, MLOK Extended Handguard
mwc:ak15handleguard, AK-15 Handguard
mwc:ak12kalhandguard, AK-12 Handguard
mwc:rpk16handguard, RPK-16 Handguard
mwc:ak12handguard, AK-12 Prototype Handguard
mwc:ak12bhandguard, AK-12B Handguard
mwc:kbp9a91handguard, KBP 9A-91 Handguard
mwc:kbp9a91compacthandguard, KBP 9A-91 Compact Handguard
mwc:kbp9a91kulatachandguard, KBP 9A-91 KulaTac Handguard
mwc:vssvintorezhandguard, VSS Vintorez Handguard
mwc:asvalhandguard, AS VAL Handguard
mwc:vssvintoreztrirailmount, VSS Vintorez Scope Mount
mwc:ak47dustcover, AK-47 Dust Cover
mwc:dragunovdustcover, SVD Dragunov Dust Cover
mwc:dragunov98dustcover, SVD Dragunov-98 Dust Cover
mwc:akmdustcover, AKM Dust Cover
mwc:ak101dustcover, AK-101 Dust Cover
mwc:veprdustcover, Vepr Dust Cover
mwc:ak15dustcover, AK-15 Dust Cover
mwc:ak12dustcover, AK-12 Prototype Dust Cover
mwc:ak12bdustcover, AK-12B Dust Cover
mwc:vssvintorezdustcover, VSS Vintorez Dust Cover
mwc:vssmdustcover, VSSM Dust Cover
mwc:fnfaldustcover, FN FAL Dust Cover
mwc:sa58dustcover, SA-58 Dust Cover
mwc:fnfalgrip, FN FAL Grip
mwc:fnfalstock, FN FAL Stock
mwc:fnfalhandguard, FN FAL Handguard
mwc:fnfalparahandguard, FN FAL PARA Handguard
mwc:m4frontsight, AR Front Iron Sight
mwc:m60frontsight, M60E4 Front Iron Sight
mwc:m38frontsight, M38 Front Sight
mwc:hk416frontsight, HK-416 Front Iron Sight
mwc:mbusfrontsight, MBUS Front Iron Sight
mwc:leupold, Leupold VX-6 CDS TMOA Rifle Scope
mwc:pso1, PSO-1 Scope
mwc:okp7, OKP-7 Sight
mwc:fmg9carryhandle, FMG-9 Carry Handle
mwc:reflex, 15 MOA Reflex Sight
mwc:bijiareflex, Bijia Reflex Sight
mwc:microreflex, Micro Reflex Sight
mwc:acog, Trigicon ACOG
mwc:specter, Elcan Specter SFOV4-A1 Sight
mwc:holographic2, EOTech EXPS3-0 (Tan)
mwc:holographicalt, EOTech 512 A65 Holographic (Black)
mwc:eotechhybrid2, EOTech Hybrid 2 Sight
mwc:vortexsight, Vortex UH-1 Holographic Sight
mwc:microt1, Micro-T1 Sight
mwc:aimpointcompm2, Aimpoint Comp M2 Sight
mwc:aimpointcompm5, Aimpoint Comp M5 Sight
mwc:rmrsight, RMR Sight
mwc:kobra, 8-18 Kobra Sight
mwc:kobragen3, Kobra Gen-3 Sight
mwc:kobramount, Mounted 8-18 Kobra Sight
mwc:hpscope, JPU HP 3-9x40 Scope
mwc:leupoldrailscope, Leupold VX-6 CDS TMOA Rifle Scope (w/ Rail)
mwc:nightraiderscope, Night Raider Scope
mwc:m2a1_sight, M2A1 Sight
mwc:f2000scope, FNPM 1.6x
mwc:m202scope, item.mwc_M202scope.name
mwc:augscope, AUG Scope
mwc:silencer556x45, 5.56x45mm NATO Silencer
mwc:silencer545x39, 5.45x39mm Silencer
mwc:silencer762x39, 7.62x39mm Silencer
mwc:m32barrel, M32 Extended Barrel
mwc:remington870pump, R870 Wood Pump
mwc:remington870magpulpump, R870 Magpul Pump
mwc:remington870policemagnumpump, R870 Police Magnum Pump
mwc:remington870fabdefensepump, R870 FAB Defense Pump
mwc:remington870stock, R870 Wood Stock
mwc:remington870policemagnumstock, R870 Police Magnum Stock
mwc:remington870milspecstock, R870 Mil-Spec Stock
mwc:remington870hk416stockstock, R870 HK-416 Stock
mwc:remington870sawedgrip, R870 Sawed Grip (Sawed Stock)
mwc:remington870barrel, R870 Barrel
mwc:remington870policemagnumbarrel, R870 Police Magnum Barrel
mwc:remington870sawedbarrel, R870 Sawed Barrel
mwc:ks23stock, KS23 Stock
mwc:ks23raptorgrip, KS-23 Grip
mwc:ks23mstock, KS23M Stock
mwc:ks23barrel, KS-23 Barrel
mwc:ks23extendedbarrel, KS-23 Extended Barrel
mwc:rpkbarrel, RPK Barrel
mwc:akiron, AK Front Sight
mwc:ak12iron, AK-12 Front Iron Sight
mwc:silencerpbs, PBS Silencer
mwc:silencer9mm, 9(x18/19)mm Silencer
mwc:samuraiedgesuppressor, Samurai Edge Silencer
mwc:silencer9x39mm, 9x39mm Silencer
mwc:kbp9a91suppressor, KBP 9A-91 Carbine Silencer
mwc:silencer45acp, .45 ACP Silencer
mwc:silencer_eabh, EABH Silencer
mwc:silencer762x54, 7.62x54mm Silencer
mwc:silencer762x51, 7.62x51mm NATO Silencer
mwc:silencer50bmg, .50 BMG Silencer
mwc:silencer556x39, 5.56x39mm Silencer
mwc:akmiron, Standard Iron Sight
mwc:tritiumrearsights, Tritium Rear Iron Sight
mwc:mbusrearsights, MBUS Rear Iron Sight
mwc:hk416rearsights, HK-416 Rear Iron Sight
mwc:fnfalrearsights, FN FAL Rear Iron Sight
mwc:m16a1rearsight, item.mwc_M16A1RearSight.name
mwc:k2c1rearsight, K2C1 Iron Sight
mwc:scorpionrearsight, Scorpion Rear Iron Sight
mwc:scorpionfrontsight, Scorpion Front Iron Sight
mwc:mp7ironsights, MP7 Iron Sight
mwc:mp7ironsightsstanding, MP7 Standing Iron Sight
mwc:kar98ksight, Karabiner Iron Sight
mwc:ak15ironsight, AK-15 Rear Iron Sight
mwc:ak12ironsight, AK-12 Rear Iron Sight
mwc:silencermp7, 4.6x30mm Silencer
mwc:silencer357, .357 Silencer
mwc:silencer57x38, 5.7x28mm Silencer
mwc:silencer12gauge, 12 Gauge Silencer
mwc:silencer300aacblackout, .300 AAC Blackout Silencer
mwc:honeybadgersilencer, AAC Honey Badger Silencer
mwc:silencer65x39, 6.5mm Silencer
mwc:laser, UTG Tactical Laser
mwc:laser2, LD19206-IR Tactical Laser
mwc:sccycpx2laser, CPX-2 Laser
mwc:danwessonlaser, D&W Laser
mwc:m1928grip, M1928 Grip
mwc:m1a1grip, M1A1 Grip
mwc:grip2, Grip
mwc:junogrip, Juno Grip
mwc:glock18cstock, G18C DRS-HS
mwc:vp70stock, VP-70 Stock
mwc:angledgrip, Angled Grip
mwc:stubbygrip, Stubby Grip
mwc:vgrip, Foregrip
mwc:bipod, Bipod
mwc:auggrip, AUG Grip
mwc:uspmatchcompensator, P12 Compensator
mwc:chainb, item.mwc_ChainB.name
mwc:chaina, item.mwc_ChainA.name
mwc:chain, item.mwc_Chain.name
mwc:g95ironsights, item.mwc_G95IronSights.name
mwc:g95uprightironsights, item.mwc_G95UprightIronSights.name
mwc:origin12action, item.mwc_Origin12Action.name
mwc:p90action, item.mwc_P90Action.name
mwc:m1carbineaction, item.mwc_M1CarbineAction.name
mwc:g11action, item.mwc_G11Action.name
mwc:augaction, item.mwc_AUGAction.name
mwc:mas21slide, item.mwc_MAS21Slide.name
mwc:mas21barrel, item.mwc_MAS21Barrel.name
mwc:mas21part, item.mwc_MAS21Part.name
mwc:m32main1b, item.mwc_M32Main1B.name
mwc:m134barrels, item.mwc_M134Barrels.name
mwc:browningauto5action, item.mwc_BrowningAuto5Action.name
mwc:m1garandaction, item.mwc_M1GarandAction.name
mwc:m1garandmag, item.mwc_M1GarandMag.name
mwc:m1897pump, item.mwc_M1897pump.name
mwc:super90pump, item.mwc_Super90Pump.name
mwc:pythonchamber, item.mwc_PythonChamber.name
mwc:revolverspeedloader, item.mwc_RevolverSpeedloader.name
mwc:revolverspeedloaderbullets, item.mwc_RevolverSpeedloaderBullets.name
mwc:magnumchamber, item.mwc_MagnumChamber.name
mwc:rhinochamber, item.mwc_RhinoChamber.name
mwc:acraction, item.mwc_ACRAction.name
mwc:m1014action, item.mwc_M1014Action.name
mwc:shotguninsertion, item.mwc_ShotgunInsertion.name
mwc:supernovapump, item.mwc_SupernovaPump.name
mwc:acrrails, item.mwc_ACRRails.name
mwc:rpg7rocket, item.mwc_RPG7rocket.name
mwc:m202rockets, item.mwc_m202rockets.name
mwc:glgrenade, item.mwc_GLgrenade.name
mwc:m79grenade, item.mwc_M79grenade.name
mwc:gl06cartridge, item.mwc_GL06Cartridge.name
mwc:m79cartridge, item.mwc_M79Cartridge.name
mwc:m32cartridge, item.mwc_M32Cartridge.name
mwc:m41amag, item.mwc_M41AMag.name
mwc:mp43edoublebarrel, item.mwc_MP43Edoublebarrel.name
mwc:hs12barrels, item.mwc_HS12Barrels.name
mwc:m1873action, item.mwc_M1873action.name
mwc:f2000action, item.mwc_F2000Action.name
mwc:g36caction, item.mwc_G36CAction.name
mwc:arx160action, item.mwc_ARX160Action.name
mwc:m1a1thompsonaction, item.mwc_M1A1ThompsonAction.name
mwc:kedraction, item.mwc_KedrAction.name
mwc:kedrstock, item.mwc_KedrStock.name
mwc:mp7grip, item.mwc_MP7Grip.name
mwc:m1928thompsonaction, item.mwc_M1928ThompsonAction.name
mwc:m1a1thompsonsight, item.mwc_M1A1ThompsonSight.name
mwc:m1928sight, item.mwc_M1928Sight.name
mwc:r870part, item.mwc_R870part.name
mwc:m82action, item.mwc_m82action.name
mwc:mp40action, item.mwc_MP40action.name
mwc:mp5boltaction, item.mwc_MP5boltaction.name
mwc:ump45action, item.mwc_UMP45action.name
mwc:mp5action, item.mwc_MP5action.name
mwc:mp7action, item.mwc_MP7action.name
mwc:g3bolt, item.mwc_G3Bolt.name
mwc:g3action, item.mwc_G3Action.name
mwc:mg42belt, item.mwc_mg42belt.name
mwc:mg42latch, item.mwc_mg42latch.name
mwc:mg34latch, item.mwc_mg34latch.name
mwc:m60belt, item.mwc_M60Belt.name
mwc:stonerhatch, item.mwc_StonerHATCH.name
mwc:stonerbelt, item.mwc_StonerBELT.name
mwc:johnsonlmgaction, item.mwc_JohnsonLMGACTION.name
mwc:johnsonrifleaction, item.mwc_JohnsonRifleAction.name
mwc:johnsonriflesight, item.mwc_JohnsonRifleSight.name
mwc:stripperclip, item.mwc_StripperClip.name
mwc:stripperclipbullets, item.mwc_StripperClipBullets.name
mwc:ntw20barrel, item.mwc_NTW20Barrel.name
mwc:ntw20action, item.mwc_NTW20Action.name
mwc:m60hatch, item.mwc_M60Hatch.name
mwc:m249belt, item.mwc_M249Belt.name
mwc:m249hatch, item.mwc_M249Hatch.name
mwc:m249action, item.mwc_M249Action.name
mwc:mg42action, item.mwc_mg42action.name
mwc:scaraction, item.mwc_ScarAction.name
mwc:scarhaction, item.mwc_ScarHAction.name
mwc:mk14ebraction, item.mwc_Mk14EBRaction.name
mwc:mk14ebrsight, item.mwc_Mk14EBRsight.name
mwc:m14dmrrail, item.mwc_M14DMRRail.name
mwc:stg44action, item.mwc_STG44action.name
mwc:stg44actioncover, item.mwc_STG44actioncover.name
mwc:g43gewehraction, item.mwc_G43GewehrAction.name
mwc:springfieldrearsight, item.mwc_SpringfieldRearSight.name
mwc:springfieldaction, item.mwc_SpringfieldAction.name
mwc:kar98kaction, item.mwc_Kar98Kaction.name
mwc:vp70slide, item.mwc_VP70slide.name
mwc:apsslide, item.mwc_APSslide.name
mwc:apshammer, item.mwc_APShammer.name
mwc:usp45hammer, item.mwc_USP45hammer.name
mwc:p226hammer, item.mwc_P226hammer.name
mwc:m9a1hammer, item.mwc_M9A1hammer.name
mwc:mp443hammer, item.mwc_MP443hammer.name
mwc:m712action, item.mwc_M712action.name
mwc:m45a1slide, item.mwc_M45A1slide.name
mwc:m17_slide, item.mwc_m17_slide.name
mwc:makarov_slide, item.mwc_Makarov_Slide.name
mwc:p12_slide, item.mwc_P12_Slide.name
mwc:browninghipowerslide, item.mwc_BrowningHiPowerSlide.name
mwc:vssvintorezaction, item.mwc_VSSVintorezAction.name
mwc:akaction, item.mwc_AKaction.name
mwc:dragunovaction, item.mwc_DragunovAction.name
mwc:malyukaction, item.mwc_Malyukaction.name
mwc:ak15action, item.mwc_AK15action.name
mwc:kbp9a91action, item.mwc_KBP9A91action.name
mwc:fnfalactionlever, item.mwc_FNFALActionLever.name
mwc:fnfalaction, item.mwc_FNFALAction.name
mwc:famasf1action, item.mwc_FamasF1Action.name
mwc:ak12action, item.mwc_AK12action.name
mwc:saiga12action, item.mwc_Saiga12action.name
mwc:saiga12sights, item.mwc_Saiga12sights.name
mwc:as50action, item.mwc_AS50Action.name
mwc:albert01r_slide, item.mwc_albert01R_slide.name
mwc:uziaction, item.mwc_UziAction.name
mwc:uzirelease, item.mwc_UziRelease.name
mwc:uziironsight, item.mwc_UziIronSight.name
mwc:p10frontsight, item.mwc_P10frontsight.name
mwc:m40a6boltaction, item.mwc_M40A6BoltAction.name
mwc:m40a6boltactionprime, item.mwc_M40A6BoltActionPrime.name
mwc:ssg08boltaction1, item.mwc_SSG08BoltAction1.name
mwc:ssg08, item.mwc_SSG08.name
mwc:remington700boltaction, item.mwc_Remington700BoltAction.name
mwc:remington700boltactionmain, item.mwc_Remington700BoltActionMain.name
mwc:sv98boltaction, item.mwc_SV98BoltAction.name
mwc:l96action, item.mwc_L96Action.name
mwc:lp115bolt2, item.mwc_LP115Bolt2.name
mwc:dsr1boltaction, item.mwc_DSR1BoltAction.name
mwc:dsr1boltactionmain, item.mwc_DSR1BoltActionMain.name
mwc:interventionboltaction, item.mwc_InterventionBoltAction.name
mwc:l115mag, item.mwc_L115Mag.name
mwc:m500a2pump, item.mwc_M500A2pump.name
mwc:hescspump, item.mwc_HESCSpump.name
mwc:ks23pump, item.mwc_KS23pump.name
mwc:kragaction1, item.mwc_KragAction1.name
mwc:kragaction2, item.mwc_KragAction2.name
mwc:kragchamber, item.mwc_KragChamber.name
mwc:shotgunshell, 12 Gauge Shotgun Shell
mwc:shotgunshelldouble, item.mwc_ShotgunShellDouble.name
mwc:shotgun4gauge, item.mwc_Shotgun4Gauge.name
mwc:bullet, item.mwc_Bullet.name
mwc:bulletsmall, item.mwc_BulletSmall.name
mwc:laserprojectile, item.mwc_LaserProjectile.name
mwc:ar15action, item.mwc_AR15Action.name
mwc:m4ejectoraction, item.mwc_M4EjectorAction.name
mwc:sig556action, item.mwc_SIG556Action.name
mwc:sigmcxaction, item.mwc_SIGMCXAction.name
mwc:m110ejectoraction, item.mwc_M110EjectorAction.name
mwc:beowulfaction, item.mwc_BeowulfAction.name
mwc:s710tricunactionpully, item.mwc_S710TricunActionPully.name
mwc:s710tricunactionejector, item.mwc_S710TricunActionEjector.name
mwc:k2c1action, item.mwc_K2C1Action.name
mwc:scorpionaction, item.mwc_ScorpionAction.name
mwc:apc9action, item.mwc_APC9Action.name
mwc:brenaction, item.mwc_BrenAction.name
mwc:m110action, item.mwc_M110Action.name
mwc:ar15iron, AR Carry Handle
mwc:extra, item.mwc_Extra.name
mwc:m4rail, item.mwc_M4Rail.name
mwc:m4asiimovrail, item.mwc_M4AsiimovRail.name
mwc:magnumrail, item.mwc_MagnumRail.name
mwc:railalt, item.mwc_RailAlt.name
mwc:aacrail, item.mwc_AACRail.name
mwc:m110rail, item.mwc_M110Rail.name
mwc:akpart, item.mwc_AKpart.name
mwc:akmuzzle, item.mwc_AKmuzzle.name
mwc:woodlandcamo, item.mwc_WoodlandCamo.name
mwc:pinkcamo, item.mwc_PinkCamo.name
mwc:arcticcamo, item.mwc_ArcticCamo.name
mwc:bluecamo, item.mwc_BlueCamo.name
mwc:unit01camo, item.mwc_Unit01Camo.name
mwc:bloodforestcamo, item.mwc_BloodForestCamo.name
mwc:diamondcamo, item.mwc_DiamondCamo.name
mwc:goldcamo, item.mwc_GoldCamo.name
mwc:oldiepinkcamo, item.mwc_oldiepinkcamo.name
mwc:grenade40mm, 40mm Grenade
mwc:m202rocket, M202 Rocket
mwc:rpg7_rocket, RPG-7 Rocket
mwc:energycase, EC 3rd.D Casing
mwc:plasmacapsule, Type-2 Plasma Capsule
mwc:bullet3006springfield, .30-06 Springfield Bullet
mwc:bullet8x58, 8x58mm Bullet
mwc:bullet792x33kurz, 7.92x33 Kurz Bullet
mwc:bullet50bmg, .50 BMG Bullet
mwc:bullet20x82mm, 20x82mm Bullet
mwc:bullet408ct, .408 Cheyenne Tactical Bullet
mwc:bullet308winchester, .308 Winchester Bullet
mwc:bullet_277, .277 FURY Bullet
mwc:bullet792x57, 7.92x57mm Bullet
mwc:bullet762x54, 7.62x54mm Bullet
mwc:bullet762x51, 7.62x51mm Bullet
mwc:shotgun12gauge, 12 Gauge Shotgun Shell
mwc:shotgun4g, 4 Gauge Shotgun Shell
mwc:bullet762x35, 7.62x35mm Bullet
mwc:bullet765x21, 7.65x21mm Bullet
mwc:bullet762x39, 7.62x39mm Bullet
mwc:bullet556x45, 5.56x45mm NATO Bullet
mwc:bullet65, 6.5mm Bullet
mwc:bullet545x39, 5.45x39mm Bullet
mwc:bullet4570, .45-70 Government Bullet
mwc:bullet4440, 44-40 Winchester Bullet
mwc:bullet45acp, .45 ACP Bullet
mwc:bullet357, .357 Bullet
mwc:bullet44, .44 Magnum Bullet
mwc:bullet40sw, .40 S&W Bullet
mwc:bullet50ae, .50 AE Bullet
mwc:bullet50beowulf, .50 Beowulf Bullet
mwc:bullet500, .500 Magnum Bullet
mwc:bullet380acp, .380 ACP Bullet
mwc:bullet763x25, 7.63x25mm Bullet
mwc:bullet9x39mm, 9x39mm Bullet
mwc:bullet9x19mm, 9x19mm Bullet
mwc:bullet9x18mm, 9x18mm Bullet
mwc:bullet57x28mm, 5.7x28mm Bullet
mwc:bullet46x30mm, 4.6x30mm Bullet
mwc:bullet10mm, 10mm Bullet
mwc:bullet473x33mm, 4.73x33mm Bullet
mwc:fuelcell, (Chainsaw) Fuel Capsule
mwc:brenmag, 30rnd 7.62x51mm Bren Magazine
mwc:johnsonmag, 20rnd .30-06 Springfield Magazine
mwc:vectormag, 25rnd .45 ACP Vector Magazine
mwc:vectordrummag, 50rnd .45 ACP Vector Drum Magazine
mwc:m4a1mag_2, 30rnd 5.56x45mm NATO STANAG Magazine
mwc:ngswr_mag, 20rnd .277 FURY Magazine
mwc:famasf1mag, 30rnd 5.56x45mm NATO F1 Magazine
mwc:beowulfmag, 13rnd .50 Beowulf Magazine
mwc:aug9mmmag, 30rnd 9x19mm PARA Magazine
mwc:s710tricunmag, 30rnd 10mm Magazine
mwc:m134mag, 1000rnd 7.62x51mm Magazine
mwc:m60mag, 100rnd 7.62x51mm Magazine
mwc:m249mag, 100rnd 5.56x45mm NATO Magazine
mwc:stonermag, 100rnd 5.56x45mm Stoner Magazine
mwc:honeybadgermag_2, 30rnd 7.62x35mm AAC Magazine
mwc:m38mag_2, 30rnd 5.56x45mm NATO PMAG Magazine
mwc:socom_mag, 30rnd 5.56x45mm NATO SOCOM STANAG Magazine
mwc:hk417_mag, 20rnd 7.62x51mm 417 Magazine
mwc:c8mag, 30rnd 5.56x45mm NATO STANAG SFW Magazine
mwc:stanag50, 50rnd 5.56x45mm NATO STANAG Drum Magazine
mwc:stanag60, 60rnd 5.56x45mm NATO STANAG Drum Magazine
mwc:stanag100, 100rnd 5.56x45mm NATO STANAG Drum Magazine
mwc:g36cmag_2, 30rnd 5.56x45mm NATO HK Magazine
mwc:ak101mag_2, 30rnd 5.56x45mm Magazine
mwc:ak74mag, 30rnd 5.45x39mm AK-74 Magazine
mwc:ak74mag60, 60rnd 5.45x39mm 74 Magazine
mwc:ak60mag, 60rnd 5.56x45mm Magazine
mwc:ak15mag_2, 30rnd 7.62x39mm PMAG Magazine
mwc:ak12mag_2, 30rnd 5.45x39mm 12 Magazine
mwc:ak75mag545x39, 75rnd 5.45x39mm Drum Magazine
mwc:ak12mag, 31rnd 5.45x39mm Magazine
mwc:ak47pmagtan, 30rnd 7.62x39mm PMAG Magazine (Tan)
mwc:ak47mag, 30rnd 7.62x39mm Magazine
mwc:ak50mag, 50rnd 7.62x39mm Drum Magazine
mwc:ak75mag, 75rnd 7.62x39mm Drum Magazine
mwc:ak100mag, 100rnd 7.62x39mm Drum Magazine
mwc:dragunovmag, 10rnd 7.62x54mm SVD Magazine
mwc:saigamag_2, 5rnd 12G Magazine
mwc:origin12mag, 5rnd 12 Gauge Origin Magazine
mwc:origin12drummag, 20rnd 12 Gauge Drum Magazine
mwc:m9mag_2, 15rnd 9x19mm Magazine
mwc:fivesevenmag, 20rnd 5.7x28mm Five-Seven Magazine
mwc:samuraiedgemag, 15rnd .40 S&W Samurai Edge Magazine
mwc:sccycpx2mag, 10rnd 9x19mm CPX-2 Magazine
mwc:sccycpx2magext, 15rnd 9x19mm CPX-2 Magazine
mwc:deserteaglemag, .50 AE 7rnd Magazine
mwc:m9mag30, 30rnd 9x19mm Magazine
mwc:m9drummag, 65rnd 9x19mm Drum Magazine
mwc:mp443mag_2, 18rnd 9x19mm 443 Magazine
mwc:m45a1mag_2, 7rnd .45 ACP Magazine
mwc:m1911_44mag, 7rnd .44 1911 Magazine
mwc:m45a1mag14, 14rnd .45 ACP Magazine
mwc:m17mag, 17rnd 9x19mm SAUER Magazine
mwc:makarovmag, 8rnd 9x18 PM Magazine
mwc:usp45mag, 8rnd .45 ACP HK Magazine
mwc:hipowermag, 13rnd 9x19mm Magazine
mwc:frommerstopmag, 8rnd .380 ACP Magazine
mwc:apsmag_2, 20rnd 9x19mm Magazine (APS)
mwc:glockmag13, 13rnd 9x19mm Glock Magazine
mwc:glock18cmag_2, 20rnd 9x19mm Magazine
mwc:glockmag50, 50rnd 9x19mm Drum Magazine
mwc:as50mag_2, 10rnd .50 BMG Magazine (AS50)
mwc:m82mag_2, 10rnd .50 BMG NATO Magazine
mwc:ntw20mag, 3rnd 20x82mm Magazine
mwc:kbp9a91mag_2, 20rnd 9x39mm KBP Magazine
mwc:kedrmag_2, 20rnd 9x19mm Magazine (Kedr)
mwc:l96a1mag_2, 10rnd 7.62x54mm LAPUA Magazine
mwc:dsr1mag, 5rnd 7.62x51mm DSR-1 Magazine
mwc:dsr1magext, 10rnd 7.62x51mm DSR-1 Magazine
mwc:interventionmag, 7rnd .408 CT Magazine
mwc:m40a6mag_2, 7rnd .308 Winchester Magazine
mwc:r700mag, 5rnd 7.62x54mm M700 Magazine
mwc:r700mag10rnd, 10rnd 7.62x54mm M700 Magazine
mwc:ssg08mag, 8rnd .308 Winchester Magazine
mwc:m110mag_2, 10rnd 7.62x51mm NATO Magazine
mwc:z10mag, 10rnd 7.62x51mm NATO Z10 Magazine
mwc:m1928mag, 50rnd .45 ACP Magazine (M1928)
mwc:m1a1mag, 30rnd .45 ACP Magazine (M1A1)
mwc:m712mag_2, 20rnd 7.63x25mm Mauser Magazine
mwc:mg42mag_2, 50rnd 7.92x57mm MG Magazine
mwc:dp28mag, 47rnd 7.62x54mm Magazine
mwc:m1carbinemag, 15rnd .30 Carbine Magazine
mwc:fnfalmag, 20rnd 7.62x51mm Magazine
mwc:g3mag, 20rnd 7.62x51mm HK G3 Magazine
mwc:mk14ebrmag_2, 20rnd 7.62x51mm NATO EBR Magazine
mwc:m14drum50, 50rnd 7.62x51mm NATO EBR DRUM Magazine
mwc:mp40mag_2, 32rnd 9x19mm MP Magazine
mwc:mp5a5mag, 30rnd 9x19mm HK Magazine
mwc:hk50drum, 50rnd 9x19mm HK Drum Magazine
mwc:mp7mag, 40rnd 4.6x30mm Magazine
mwc:mp7mag20, 20rnd 4.6x30mm Magazine
mwc:ump45mag, 25rnd .45 ACP HK Magazine
mwc:ump9mag, 30rnd 9x19mm HK UMP Magazine
mwc:mpxmag, 30rnd 9x19mm MPX Magazine
mwc:apc9mag, 30rnd 9x19mm APC9 Magazine
mwc:scorpionmag, 30rnd 9x19mm EVO Magazine
mwc:p90mag, 50rnd 5.7x28mm Magazine
mwc:p90terminatormag, 65rnd 5.7x28mm Terminator Magazine
mwc:mac10mag, 30rnd .45 ACP Magazine
mwc:g11mag, 50rnd 4.73x33mm Magazine
mwc:scarhmag_2, 20rnd 7.62x51mm NATO CQC Magazine
mwc:scar40mag, 40rnd 7.62x51mm NATO CQC Magazine
mwc:scar60mag, 60rnd 7.62x51mm NATO CQC Drum Magazine
mwc:vssvintorezmag_2, 10rnd 9x39mm Magazine
mwc:asvalmag, 20rnd 9x39mm Magazine
mwc:stg44mag_2, 30rnd 7.92x33mm Magazine
mwc:g43_gewehr_mag, 10rnd 7.92x57mm Gewehr Magazine
mwc:sv98mag_2, 10rnd 7.62x54mm Izhmash Magazine
mwc:uzimag_2, 32rnd 9x19mm Magazine
mwc:vp70mag_2, 18rnd 9x19mm Magazine
mwc:m4a1, M4A1
mwc:ar15, AR-15
mwc:m16a1, M16A1
mwc:m16a4, M16A4
mwc:m38_dmr, HK 416
mwc:acr, Remington ACR
mwc:ngsw_r, NGSW-R
mwc:sig_mcx, SIG MCX
mwc:aac_honey_badger, AAC Honey Badger
mwc:ak47, AK-47
mwc:ak15, AK-15
mwc:malyuk, Malyuk
mwc:ak12_kal, AK-12
mwc:izhmash_ak12, AK-12 Prototype
mwc:ak101, AK-101
mwc:ak74, AK-74
mwc:kbp_9a91, KBP 9A-91 Carbine
mwc:k2c1, K2C1
mwc:scar_h_cqc, Mk17 CQC Scar-H
mwc:scar_l, Mk16 Scar-L
mwc:sig556, SIG-556
mwc:cz805_bren, CZ-805 Bren
mwc:arx160, ARX-160
mwc:type20, Type-20
mwc:famas_f1, Famas F1
mwc:g36c, HK G36C
mwc:g11, HK G11
mwc:f2000, FN F2000
mwc:steyr_aug_a1, Steyr AUG A1
mwc:stg44, StG-44
mwc:m1_garand, M1 Garand
mwc:m1941_johnson_rifle, M1941 Johnson (Rifle)
mwc:g43_gewehr, G43 Gewehr
mwc:m1_carbine, M1 Carbine
mwc:m1873, M1873
mwc:mares_leg, Mare's Leg
mwc:ar10_super_sass, AR-10 Super SASS
mwc:beowulf_50_cal, Beowulf .50 Cal
mwc:m110_sass, M110 SASS
mwc:zbroyar_z10, Zbroyar-Z10
mwc:hk_417, HK 417
mwc:mk14_ebr, M14 DMR
mwc:fnfal, FN FAL
mwc:g3, G3
mwc:springfield, M1903 Springfield
mwc:m82_barrett, M82 Barrett
mwc:m40a6, M40A6
mwc:svd_dragunov, SVD Dragunov
mwc:vss_vintorez, VSS Vintorez
mwc:as50, AS50
mwc:ssg_08, SSG-08
mwc:m200_intervention, M200 Intervention
mwc:dsr1, DSR1
mwc:l96a1, L96A1
mwc:remington_700, Remington-700
mwc:sv98, SV-98
mwc:krag_jorgensen, Krag Jorgensen
mwc:kar98k, Karabiner-98 Kurz
mwc:mp7, HK MP7
mwc:mp5a5, HK MP5
mwc:p90, FN P90
mwc:mac10, MAC-10
mwc:kriss_vector, Kriss Vector
mwc:ump_45, UMP45
mwc:scorpion_evo3_a1, Scorpion EVO3 A1
mwc:sig_mpx, SIG MPX
mwc:fmg9, FMG-9
mwc:uzi, Uzi
mwc:s7_10_tricun, S7-10 Tricun
mwc:apc9, APC9
mwc:pp91_kedr, PP-91 Kedr
mwc:mp40, MP-40
mwc:m1928_thompson, M1928 Thompson
mwc:origin12, Origin-12
mwc:saiga12, Saiga 12
mwc:spas_12, Spas-12
mwc:m1014, M1014
mwc:supernova, Benelli Supernova
mwc:remington870, Remington-870
mwc:ks23, KS-23
mwc:m1897, M1897
mwc:hs12, HS-12
mwc:mp43e, MP-43E
mwc:browning_auto_5, Browning Auto-5
mwc:m60e4, M60E4
mwc:mg42, MG-42
mwc:mg34, MG-34
mwc:dp28, DP-28
mwc:bren_mkii, Bren MkII
mwc:m1941_johnson, M1941 Johnson (LMG)
mwc:m249, M249
mwc:stonera1, Stoner A1
mwc:m134, M134
mwc:python, Colt Python
mwc:taurus_raging_hunter, Taurus Raging Hunter .44 Magnum
mwc:chiappa_rhino, Chiappa Rhino
mwc:aps, APS
mwc:makarov_pm, Makarov PM
mwc:desert_eagle, IMI Desert Eagle
mwc:glock_18c, Glock-18C
mwc:glock_19, Glock-19
mwc:fiveseven, FN Five-Seven
mwc:m9a1, M9A1 Beretta
mwc:p226, SIG P226
mwc:mp443, MP443
mwc:vp70, VP-70
mwc:m17, M17
mwc:sccy_cpx_2, CPX-2
mwc:hk_p12, HK P12
mwc:mas_21, MAS-21
mwc:g2_contender, G2 Contender
mwc:m712, M712
mwc:m1911, Colt M1911
mwc:browning_hi_power, Browning Hi-Power
mwc:m202, M202 FLASH
mwc:rpg7, RPG-7
mwc:m32_mgl, M32 MGL
mwc:gl06, GL-06
mwc:m79, M79 GL
mwc:chainsaw, Chainsaw
mwc:turretgun, item.turretgun.name
mwc:turretgunupgraded, item.turretgunupgraded.name
mwc:turretgunsilenced, item.turretgunsilenced.name
mwc:tablet, Tablet
mwc:wcam, Camera
mwc:gas-detector, Gas Detector
mwc:grenadesafetypin, item.mwc_GrenadeSafetyPin.name
mwc:m67frag, M67 Frag Grenade
mwc:impactgrenade, Impact Grenade
mwc:m18white, M18 Smoke Grenade (White)
mwc:gasgrenade, Gas Grenade
mwc:flash, Flash Grenade
mwc:turret, Automated Turret
mwc:turretupgraded, Automated Turret vers.2
mwc:turretsilenced, Automated Turret vers.SA
mwc:tactical_tomahawk, Tactical Tomahawk
mwc:baseball_bat, Baseball Bat
mwc:baseball_bat_nails, Nailed Baseball Bat
mwc:night_stick, Night Stick
mwc:weapon_workbench, Weapons/Armor Workbench
mwc:ammo_press, Ammo Press
hbm:test_render, tile.test_render.name
hbm:obj_tester, tile.obj_tester.name
hbm:cheater_virus, Gelid Euphemium
hbm:cheater_virus_seed, Unstable Euphemium Schrabide Block
hbm:crystal_virus, Dark Crystal
hbm:crystal_hardened, Hardened Dark Crystal
hbm:crystal_pulsar, Pulsating Crystal
hbm:balefire, Balefire
hbm:fire_digamma, Lingering Digamma
hbm:digamma_matter, Digammarium
hbm:asphalt, Asphalt
hbm:asphalt_light, Glowing Asphalt
hbm:reinforced_glass, Reinforced Glass
hbm:reinforced_light, Reinforced Glowstone
hbm:reinforced_lamp_off, Reinforced Lamp
hbm:reinforced_lamp_on, Reinforced Lamp
hbm:reinforced_stone, Dense Stone
hbm:brick_concrete, Concrete Bricks
hbm:brick_concrete_mossy, Mossy Concrete Bricks
hbm:brick_concrete_cracked, Cracked Concrete Bricks
hbm:brick_concrete_broken, Broken Concrete Bricks
hbm:brick_concrete_marked, Marked Concrete Bricks
hbm:reinforced_brick, Reinforced Stone
hbm:brick_compound, Compound Mesh
hbm:brick_light, Light Bricks
hbm:brick_asbestos, Asbestos Bricks
hbm:reinforced_sand, Reinforced Sandstone
hbm:brick_obsidian, Obsidian Bricks
hbm:cmb_brick, CMB Steel Tile
hbm:cmb_brick_reinforced, Reinforced CMB Bricks
hbm:concrete, Concrete Tile
hbm:concrete_smooth, Concrete
hbm:concrete_colored:0, White Concrete
hbm:concrete_colored:1, Orange Concrete
hbm:concrete_colored:2, Magenta Concrete
hbm:concrete_colored:3, Light Blue Concrete
hbm:concrete_colored:4, Yellow Concrete
hbm:concrete_colored:5, Lime Concrete
hbm:concrete_colored:6, Pink Concrete
hbm:concrete_colored:7, Gray Concrete
hbm:concrete_colored:8, Light Gray Concrete
hbm:concrete_colored:9, Cyan Concrete
hbm:concrete_colored:10, Purple Concrete
hbm:concrete_colored:11, Blue Concrete
hbm:concrete_colored:12, Brown Concrete
hbm:concrete_colored:13, Green Concrete
hbm:concrete_colored:14, Red Concrete
hbm:concrete_colored:15, Black Concrete
hbm:concrete_colored_ext:0, Builder's Choice Concrete - Industrial Tinge
hbm:concrete_colored_ext:1, Builder's Choice Concrete - Industrial Stripe
hbm:concrete_colored_ext:2, Builder's Choice Concrete - Deep Indigo
hbm:concrete_colored_ext:3, Builder's Choice Concrete - Mysterious Purple
hbm:concrete_colored_ext:4, Builder's Choice Concrete - Manly Pink
hbm:concrete_colored_ext:5, Builder's Choice Concrete - Hazard Stripe
hbm:concrete_colored_ext:6, Builder's Choice Concrete - Desert Storm
hbm:concrete_colored_ext:7, Builder's Choice Concrete - Bronze Plating
hbm:rebar, Rebar
hbm:concrete_rebar, Reinforced Concrete
hbm:concrete_super:0, Über Concrete
hbm:concrete_super:1, Über Concrete
hbm:concrete_super:2, Über Concrete
hbm:concrete_super:3, Über Concrete
hbm:concrete_super:4, Über Concrete
hbm:concrete_super:5, Über Concrete
hbm:concrete_super:6, Über Concrete
hbm:concrete_super:7, Über Concrete
hbm:concrete_super:8, Über Concrete
hbm:concrete_super:9, Über Concrete
hbm:concrete_super:10, Über Concrete
hbm:concrete_super:11, Über Concrete
hbm:concrete_super:12, Über Concrete
hbm:concrete_super:13, Über Concrete
hbm:concrete_super:14, Über Concrete
hbm:concrete_super_broken, Moldy Debris
hbm:concrete_asbestos, Asbestos Concrete
hbm:concrete_pillar, Rebar Reinforced Concrete Pillar
hbm:ducrete_smooth, Ducrete Tile
hbm:ducrete, Ducrete
hbm:ducrete_brick, Ducrete Brick
hbm:ducrete_reinforced, Reinforced Ducrete
hbm:lightstone:0, Raw Lightstone
hbm:lightstone:1, Lightstone Tile
hbm:lightstone:2, Lightstone Bricks
hbm:lightstone:3, Lightstone Chiseled Bricks
hbm:lightstone:4, Chiseled Lightstone
hbm:vinyl_tile:0, Large Vinyl Tile
hbm:vinyl_tile:1, Small Vinyl Tiles
hbm:tile_lab, Laboratory Tiles
hbm:tile_lab_cracked, Cracked Laboratory Tiles
hbm:tile_lab_broken, Broken Laboratory Tiles
hbm:reinforced_stone_stairs, Dense Stone Stairs
hbm:brick_concrete_stairs, Concrete Brick Stairs
hbm:brick_concrete_mossy_stairs, Mossy Concrete Brick Stairs
hbm:brick_concrete_cracked_stairs, Cracked Concrete Brick Stairs
hbm:brick_concrete_broken_stairs, Broken Concrete Brick Stairs
hbm:reinforced_brick_stairs, Reinforced Stone Stairs
hbm:brick_compound_stairs, Compound Mesh Stairs
hbm:brick_asbestos_stairs, Asbestos Brick Stairs
hbm:reinforced_sand_stairs, Reinforced Sand Stairs
hbm:brick_obsidian_stairs, Obsidian Brick Stairs
hbm:cmb_brick_reinforced_stairs, Reinforced CMB Brick Stairs
hbm:concrete_stairs, Concrete Tile Stairs
hbm:concrete_smooth_stairs, Concrete Stairs
hbm:concrete_colored_stairs_white, White Concrete Stairs
hbm:concrete_colored_stairs_orange, Orange Concrete Stairs
hbm:concrete_colored_stairs_magenta, Magenta Concrete Stairs
hbm:concrete_colored_stairs_light_blue, Light Blue Concrete Stairs
hbm:concrete_colored_stairs_yellow, Yellow Concrete Stairs
hbm:concrete_colored_stairs_lime, Lime Concrete Stairs
hbm:concrete_colored_stairs_pink, Pink Concrete Stairs
hbm:concrete_colored_stairs_gray, Gray Concrete Stairs
hbm:concrete_colored_stairs_silver, Silver Concrete Stairs
hbm:concrete_colored_stairs_cyan, Cyan Concrete Stairs
hbm:concrete_colored_stairs_purple, Purple Concrete Stairs
hbm:concrete_colored_stairs_blue, Blue Concrete Stairs
hbm:concrete_colored_stairs_brown, Brown Concrete Stairs
hbm:concrete_colored_stairs_green, Green Concrete Stairs
hbm:concrete_colored_stairs_red, Red Concrete Stairs
hbm:concrete_colored_stairs_black, Black Concrete Stairs
hbm:concrete_colored_ext_stairs_machine, Builder's Choice Concrete - Industrial Tinge Stairs
hbm:concrete_colored_ext_stairs_machine_stripe, Builder's Choice Concrete - Industrial Stripe Stairs
hbm:concrete_colored_ext_stairs_indigo, Builder's Choice Concrete - Deep Indigo Stairs
hbm:concrete_colored_ext_stairs_purple, Builder's Choice Concrete - Mysterious Purple Stairs
hbm:concrete_colored_ext_stairs_pink, Builder's Choice Concrete - Manly Pink Stairs
hbm:concrete_colored_ext_stairs_hazard, Builder's Choice Concrete - Hazard Stripe Stairs
hbm:concrete_colored_ext_stairs_sand, Builder's Choice Concrete - Desert Storm Stairs
hbm:concrete_colored_ext_stairs_bronze, Builder's Choice Concrete - Bronze Plating Stairs
hbm:concrete_asbestos_stairs, Asbestos Concrete Stairs
hbm:ducrete_smooth_stairs, Ducrete Tile Stairs
hbm:ducrete_stairs, Ducrete Stairs
hbm:ducrete_brick_stairs, Ducrete Brick Stairs
hbm:ducrete_reinforced_stairs, Reinforced Ducrete Stairs
hbm:tile_lab_stairs, Laboratory Tile Stairs
hbm:tile_lab_cracked_stairs, Cracked Laboratory Tile Stairs
hbm:tile_lab_broken_stairs, Broken Laboratory Tile Stairs
hbm:reinforced_stone_slab:0, Reinforced Stone Slab
hbm:brick_concrete_slab:0, Concrete Brick Slab
hbm:brick_concrete_mossy_slab:0, Mossy Concrete Slab
hbm:brick_concrete_cracked_slab:0, Cracked Concrete Slab
hbm:brick_concrete_broken_slab:0, Broken Concrete Slab
hbm:reinforced_brick_slab:0, Reinforced Brick Slab
hbm:brick_compound_slab:0, Compound Mesh Slab
hbm:brick_asbestos_slab:0, Asbestos Brick Slab
hbm:reinforced_sand_slab:0, Reinforced Sand Slab
hbm:brick_obsidian_slab:0, Obsidian Brick Slab
hbm:cmb_brick_reinforced_slab:0, Reinforced CMB Brick Slab
hbm:concrete_slab:0, Concrete Tile Slab
hbm:concrete_smooth_slab:0, Concrete Slab
hbm:concrete_white_slab:0, White Concrete Slab
hbm:concrete_orange_slab:0, Orange Concrete Slab
hbm:concrete_magenta_slab:0, Magenta Concrete Slab
hbm:concrete_light_blue_slab:0, Light Blue Concrete Slab
hbm:concrete_yellow_slab:0, Yellow Concrete Slab
hbm:concrete_lime_slab:0, Lime Concrete Slab
hbm:concrete_pink_slab:0, Pink Concrete Slab
hbm:concrete_gray_slab:0, Gray Concrete Slab
hbm:concrete_silver_slab:0, Silver Concrete Slab
hbm:concrete_cyan_slab:0, Cyan Concrete Slab
hbm:concrete_purple_slab:0, Purple Concrete Slab
hbm:concrete_blue_slab:0, Blue Concrete Slab
hbm:concrete_brown_slab:0, Brown Concrete Slab
hbm:concrete_green_slab:0, Green Concrete Slab
hbm:concrete_red_slab:0, Red Concrete Slab
hbm:concrete_black_slab:0, Black Concrete Slab
hbm:concrete_asbestos_slab:0, Asbestos Concrete Slab
hbm:ducrete_smooth_slab:0, Ducrete Tile Slab
hbm:ducrete_slab:0, Ducrete Slab
hbm:ducrete_brick_slab:0, Ducrete Brick Slab
hbm:ducrete_reinforced_slab:0, Reinforced Ducrete Slab
hbm:tile_lab_slab:0, Laboratory Tile Slab
hbm:tile_lab_cracked_slab:0, Cracked Laboratory Tile Slab
hbm:tile_lab_broken_slab:0, Broken Laboratory Tile Slab
hbm:lamp_demon, Demon Core Lamp
hbm:lantern, Lantern
hbm:lantern_behemoth, Old Lantern
hbm:block_scrap, Block of Scrap
hbm:block_electrical_scrap, Block of Electrical Scrap
hbm:ore_uranium, Uranium Ore
hbm:ore_uranium_scorched, Scorched Uranium Ore
hbm:ore_schrabidium, Schrabidium Ore
hbm:ore_sellafield_emerald:0, Sellafite Emerald Ore
hbm:ore_sellafield_uranium_scorched:0, Scorched Sellafite Uranium Ore
hbm:ore_sellafield_schrabidium:0, Sellafite Schrabidium Ore
hbm:ore_sellafield_diamond:0, Sellafite Diamond Ore
hbm:ore_sellafield_radgem:0, Sellafite Radioactive Gem Ore
hbm:ore_thorium, Thorium Ore
hbm:ore_titanium, Titanium Ore
hbm:ore_sulfur, Sulfur Ore
hbm:ore_niter, Niter Ore
hbm:ore_copper, Copper Ore
hbm:ore_tungsten, Tungsten Ore
hbm:ore_aluminium, Aluminium-Bearing Ore
hbm:ore_fluorite, Fluorite Ore
hbm:ore_lead, Lead Ore
hbm:ore_beryllium, Beryllium Ore
hbm:ore_lignite, Lignite Ore
hbm:ore_asbestos, Asbestos Ore
hbm:ore_rare, Rare Earth Ore
hbm:cluster_iron, Iron Ore Cluster
hbm:cluster_titanium, Titanium Ore Cluster
hbm:cluster_aluminium, Aluminium Ore Cluster
hbm:cluster_copper, Copper Ore Cluster
hbm:ore_cobalt, Cobalt Ore
hbm:ore_cinnabar, Cinnabar Ore
hbm:ore_coltan, Coltan Ore
hbm:ore_australium, Australian Ore
hbm:stone_depth, Depth Rock
hbm:ore_depth_cinnabar, Depth Cinnabar Ore
hbm:ore_depth_zirconium, Depth Zirconium Ore
hbm:ore_depth_borax, Depth Borax Ore
hbm:ore_alexandrite, Alexandrite Ore
hbm:cluster_depth_iron, Depth Iron Ore Cluster
hbm:cluster_depth_titanium, Depth Titanium Ore Cluster
hbm:cluster_depth_tungsten, Depth Tungsten Ore Cluster
hbm:ore_bedrock_coltan, Bedrock Coltan Ore
hbm:ore_bedrock_oil, Bedrock Oil Deposit
hbm:ore_bedrock_block, Bedrock Ore
hbm:ore_volcano, Geothermal Vent
hbm:ore_oil, Oil Deposit
hbm:ore_oil_empty, Empty Oil Deposit
hbm:ore_oil_sand, Tar Sand
hbm:stone_gneiss, Graphitic Schist
hbm:gneiss_brick, Schist Brick
hbm:gneiss_tile, Schist Tile
hbm:gneiss_chiseled, Chiseled Schist
hbm:ore_gneiss_iron, Schist Iron Ore
hbm:ore_gneiss_gold, Schist Gold Ore
hbm:ore_gneiss_uranium, Schist Uranium Ore
hbm:ore_gneiss_uranium_scorched, Scorched Schist Uranium Ore
hbm:ore_gneiss_copper, Schist Copper Ore
hbm:ore_gneiss_asbestos, Schist Asbestos Ore
hbm:ore_gneiss_lithium, Schist Lithium Ore
hbm:ore_gneiss_schrabidium, Schist Schrabidium Ore
hbm:ore_gneiss_rare, Schist Rare Earth Ore
hbm:ore_gneiss_gas, Gas Shale
hbm:ore_tikite, Trixite
hbm:ore_nether_coal, Burning Nether Coal Ore
hbm:ore_nether_smoldering, Smoldering Netherrack
hbm:ore_nether_cobalt, Nether Cobalt Ore
hbm:ore_nether_tungsten, Nether Tungsten Ore
hbm:ore_nether_sulfur, Nether Sulfur Ore
hbm:ore_nether_fire, Nether Phosphorus Ore
hbm:ore_nether_uranium, Nether Uranium Ore
hbm:ore_nether_uranium_scorched, Scorched Nether Uranium Ore
hbm:ore_nether_plutonium, Nether Plutonium Ore
hbm:ore_nether_schrabidium, Nether Schrabidium Ore
hbm:stone_depth_nether, Nether Depth Rock
hbm:ore_depth_nether_neodymium, Nether Depth Neodymium Ore
hbm:ore_depth_nether_nitan, Nether Depth Nitanium Ore
hbm:block_meteor, Meteorite Block
hbm:block_meteor_cobble, Meteorite Cobblestone
hbm:block_meteor_broken, Broken Meteorite Block
hbm:block_meteor_molten, Hot Meteorite Cobblestone
hbm:block_meteor_treasure, Meteorite Treasure Block
hbm:ore_meteor:0, Meteor Iron Ore
hbm:ore_meteor:1, Meteor Copper Ore
hbm:ore_meteor:2, Meteor Aluminium Ore
hbm:ore_meteor:3, Meteor Rare Earth Ore
hbm:ore_meteor:4, Meteor Cobalt Ore
hbm:meteor_polished, Polished Meteor Block
hbm:meteor_brick, Meteor Bricks
hbm:meteor_brick_mossy, Mossy Meteor Bricks
hbm:meteor_brick_cracked, Cracked Meteor Bricks
hbm:meteor_brick_chiseled, Chiseled Meteor Bricks
hbm:meteor_pillar, Meteor Pillar
hbm:meteor_spawner, Cyber Crab Assembler
hbm:meteor_battery, Starmetal Static Electricity Generator
hbm:brick_jungle, Enargite Bricks
hbm:brick_jungle_cracked, Cracked Enargite Bricks
hbm:brick_jungle_lava, Magmatic Enargite Bricks
hbm:brick_jungle_ooze, Radioactive Enargite Bricks
hbm:brick_jungle_mystic, Arcane Enargite Bricks
hbm:brick_jungle_trap, Trapped Enargite Bricks
hbm:brick_jungle_glyph, Enargite Glyph Bricks
hbm:brick_jungle_circle, Mechanist's Circle
hbm:stone_keyhole, Strange Stone
hbm:stone_keyhole_meta, Strange Red Room Brick
hbm:brick_red, Red Room Brick
hbm:deco_computer:0, IBM Personal Computer 300PL
hbm:deco_crt:0, Old CRT Screen
hbm:deco_crt:1, Old CRT Screen
hbm:deco_crt:2, Old CRT Screen
hbm:deco_crt:3, Old CRT Screen
hbm:deco_toaster:0, Broken Toaster
hbm:deco_toaster:1, Broken Toaster
hbm:deco_toaster:2, Broken Toaster
hbm:filing_cabinet:0, Dusty Filing Cabinet
hbm:filing_cabinet:1, Steel Filing Cabinet
hbm:brick_dungeon, Berzelianite Bricks
hbm:brick_dungeon_flat, Berzelianite Block
hbm:brick_dungeon_tile, Berzelianite Tile
hbm:brick_dungeon_circle, Berzelianite Cirlce
hbm:block_niter, Block of Niter
hbm:block_niter_reinforced, Reinforced Block of Niter
hbm:block_sulfur, Block of Sulfur
hbm:block_thorium, Block of Thorium-232
hbm:block_thorium_fuel, Block of Thorium Fuel
hbm:block_neptunium, Block of Neptunium
hbm:block_polonium, Block of Polonium-210
hbm:block_mox_fuel, Block of MOX Fuel
hbm:block_plutonium, Block of Plutonium
hbm:block_pu238, Block of Plutonium-238
hbm:block_pu239, Block of Plutonium-239
hbm:block_pu240, Block of Plutonium-240
hbm:block_pu_mix, Block of Reactor Grade Plutonium
hbm:block_plutonium_fuel, Block of Plutonium Fuel
hbm:block_uranium, Block of Uranium
hbm:block_u233, Block of Uranium-233
hbm:block_u235, Block of Uranium-235
hbm:block_u238, Block of Uranium-238
hbm:block_uranium_fuel, Block of Uranium Fuel
hbm:block_titanium, Block of Titanium
hbm:block_copper, Block of Copper
hbm:block_red_copper, Block of Red Copper
hbm:block_advanced_alloy, Block of Advanced Alloy
hbm:block_tungsten, Block of Tungsten
hbm:block_aluminium, Block of Aluminium
hbm:block_fluorite, Block of Fluorite
hbm:block_steel, Block of Steel
hbm:block_lead, Block of Lead
hbm:block_tcalloy, Block of Technetium Steel
hbm:block_cdalloy, Block of Cadmium Steel
hbm:block_cadmium, Block of Cadmium
hbm:block_bismuth, Block of Bismuth
hbm:block_coltan, Block of Coltan
hbm:block_tantalium, Block of Tantalium
hbm:block_niobium, Block of Niobium
hbm:block_trinitite, Block of Trinitite
hbm:block_beryllium, Block of Beryllium
hbm:block_schraranium, Block of Schraranium
hbm:block_schrabidium, Block of Schrabidium
hbm:block_schrabidate, Block of Ferric Schrabidate
hbm:block_solinium, Block of Solinium
hbm:block_schrabidium_fuel, Block of Schrabidium Fuel
hbm:block_au198, Block of Gold-198
hbm:block_euphemium, Block of Euphemium
hbm:block_dineutronium, Block of Dineutronium
hbm:block_schrabidium_cluster, Schrabidium Cluster
hbm:block_euphemium_cluster, Euphemium-Etched Schrabidium Cluster
hbm:block_combine_steel, Block of CMB Steel
hbm:block_magnetized_tungsten, Block of Magnetized Tungsten
hbm:block_desh, Reinforced Block of Desh
hbm:block_dura_steel, Reinforced Block of High-Speed Steel
hbm:block_saturnite, Block of Saturnite
hbm:tektite, Tektite
hbm:ore_tektite_osmiridium, Osmiridium-Infused Tektite
hbm:impact_dirt, Scorched Dirt
hbm:gravel_obsidian, Crushed Obsidian
hbm:gravel_diamond, Diamond Gravel
hbm:moon_turf, Moon Turf
hbm:deco_titanium, Titanium Deco Block
hbm:deco_red_copper, Red Copper Deco Block
hbm:deco_tungsten, Tungsten Deco Block
hbm:deco_aluminium, Aluminium Deco Block
hbm:deco_steel, Steel Deco Block
hbm:deco_rusty_steel, Rusty Steel Deco Block
hbm:deco_lead, Lead Deco Block
hbm:deco_beryllium, Beryllium Deco Block
hbm:deco_asbestos, Asbestos Roof
hbm:deco_rbmk, RBMK Deco Block
hbm:deco_rbmk_smooth, Smooth RBMK Deco Block
hbm:deco_loot, Loot Pile
hbm:bobblehead:1, Bobblehead
hbm:bobblehead:2, Bobblehead
hbm:bobblehead:3, Bobblehead
hbm:bobblehead:4, Bobblehead
hbm:bobblehead:5, Bobblehead
hbm:bobblehead:6, Bobblehead
hbm:bobblehead:7, Bobblehead
hbm:bobblehead:8, Bobblehead
hbm:bobblehead:9, Bobblehead
hbm:bobblehead:10, Bobblehead
hbm:bobblehead:11, Bobblehead
hbm:bobblehead:12, Bobblehead
hbm:bobblehead:13, Bobblehead
hbm:bobblehead:14, Bobblehead
hbm:bobblehead:15, Bobblehead
hbm:bobblehead:16, Bobblehead
hbm:bobblehead:17, Bobblehead
hbm:bobblehead:18, Bobblehead
hbm:bobblehead:19, Bobblehead
hbm:bobblehead:20, Bobblehead
hbm:bobblehead:21, Bobblehead
hbm:bobblehead:22, Bobblehead
hbm:bobblehead:23, Bobblehead
hbm:bobblehead:24, Bobblehead
hbm:pedestal, Pedestal
hbm:spinny_light, Spinny Light
hbm:hazmat, Hazmat Cloth Block
hbm:tape_recorder, Tape Recorder
hbm:steel_poles, Steel Pole
hbm:pole_top, Antenna Top
hbm:pole_satellite_receiver, Satellite Dish
hbm:steel_wall, Steel Wall
hbm:steel_corner, Steel Wall Corner
hbm:steel_roof, Flat Steel Roof
hbm:steel_beam, Steel Beam
hbm:steel_scaffold, Steel Scaffold
hbm:steel_grate, Steel Grate
hbm:steel_grate_wide, Item Grate
hbm:deco_pipe, Steel Pipe
hbm:deco_pipe_rusted, Rusty Steel Pipe
hbm:deco_pipe_green, Green Steel Pipe
hbm:deco_pipe_green_rusted, Rusty Green Steel Pipe
hbm:deco_pipe_red, Red Steel Pipe
hbm:deco_pipe_marked, Gas Pipe
hbm:deco_pipe_rim, Steel Pipe (Rimmed)
hbm:deco_pipe_rim_rusted, Rusty Steel Pipe (Rimmed)
hbm:deco_pipe_rim_green, Green Steel Pipe (Rimmed)
hbm:deco_pipe_rim_green_rusted, Rusty Green Steel Pipe (Rimmed)
hbm:deco_pipe_rim_red, Red Steel Pipe (Rimmed)
hbm:deco_pipe_rim_marked, Gas Pipe (Rimmed)
hbm:deco_pipe_framed, Steel Pipe (Framed)
hbm:deco_pipe_framed_rusted, Rusty Steel Pipe (Framed)
hbm:deco_pipe_framed_green, Green Steel Pipe (Framed)
hbm:deco_pipe_framed_green_rusted, Rusty Green Steel Pipe (Framed)
hbm:deco_pipe_framed_red, Red Steel Pipe (Framed)
hbm:deco_pipe_framed_marked, Gas Pipe (Framed)
hbm:deco_pipe_quad, Steel Pipes
hbm:deco_pipe_quad_rusted, Rusty Steel Pipes
hbm:deco_pipe_quad_green, Green Steel Pipes
hbm:deco_pipe_quad_green_rusted, Rusty Green Steel Pipes
hbm:deco_pipe_quad_red, Red Steel Pipes
hbm:deco_pipe_quad_marked, Gas Pipes
hbm:glyphid_base, Glyphid Hive Block
hbm:glyphid_spawner, Glyphid Hive Spawner
hbm:mush, Glowing Mushroom
hbm:mush_block, Grown Glowing Shroom
hbm:mush_block_stem, Grown Glowing Shroom Stem
hbm:block_waste, Block of Nuclear Waste
hbm:block_waste_painted, Painted Block of Nuclear Waste
hbm:block_waste_vitrified, Vitrified Block of Nuclear Waste
hbm:waste_mycelium, Glowing Mycelium
hbm:waste_earth, Dead Grass
hbm:waste_trinitite, Trinitite Ore
hbm:waste_trinitite_red, Red Trinitite Ore
hbm:waste_log, Charred Log
hbm:waste_planks, Charred Wooden Planks
hbm:waste_leaves, Dead Leaves
hbm:waste_grass_tall, Waste Grass
hbm:burning_earth, Burning Grass
hbm:plant_dead:0, Dead Plant
hbm:plant_dead:1, Dead Plant
hbm:plant_dead:2, Dead Plant
hbm:plant_dead:3, Dead Plant
hbm:plant_dead:4, Dead Plant
hbm:plant_flower:0, Foxglove
hbm:plant_flower:1, Hemp
hbm:plant_flower:2, Mustard Willow
hbm:plant_flower:3, Mustard Willow
hbm:plant_flower:4, Deadly Nightshade
hbm:plant_flower:5, Tobacco Plant
hbm:plant_tall:0, Hemp
hbm:plant_tall:1, Hemp
hbm:plant_tall:2, tile.plant_tall.mustard_willow_2.name
hbm:plant_tall:3, tile.plant_tall.mustard_willow_2.name
hbm:plant_tall:4, tile.plant_tall.mustard_willow_3.name
hbm:plant_tall:5, tile.plant_tall.mustard_willow_3.name
hbm:plant_tall:6, tile.plant_tall.mustard_willow_4.name
hbm:plant_tall:7, tile.plant_tall.mustard_willow_4.name
hbm:dirt_dead, Dead Dirt
hbm:dirt_oily, Oily Dirt
hbm:sand_dirty, Oily Sand
hbm:sand_dirty_red, Red Oily Sand
hbm:stone_cracked, Cracked Stone
hbm:frozen_grass, Frozen Grass
hbm:frozen_log, Frozen Log
hbm:frozen_planks, Frozen Planks
hbm:frozen_dirt, Frozen Dirt
hbm:fallout, Fallout
hbm:block_fallout, Block of Fallout
hbm:foam_layer, Foam layer
hbm:sand_boron_layer, Boron Sand Layer
hbm:leaves_layer, Fallen Leaves
hbm:oil_spill, Oil Spill
hbm:block_boron, Block of Boron
hbm:block_lanthanium, Block of Lanthanium
hbm:block_ra226, Block of Radium-226
hbm:block_actinium, Block of Actinium
hbm:block_tritium, Block of Tritium Cells
hbm:block_semtex, Block of Semtex
hbm:block_c4, Block of C-4
hbm:block_smore, Block of S'more
hbm:block_slag:0, Block of Slag
hbm:block_slag:1, Block of Slag
hbm:sellafield_slaked, Slaked Sellafite
hbm:sellafield_bedrock, Bedrock Sellafite
hbm:sellafield:0, Sellafite
hbm:sellafield:1, Hot Sellafite
hbm:sellafield:2, Boiling Sellafite
hbm:sellafield:3, Blazing Sellafite
hbm:sellafield:4, Infernal Sellafite
hbm:sellafield:5, Sellafite-Corium
hbm:geysir_water, Steam Geyser
hbm:geysir_chlorine, Chlorine Geyser
hbm:geysir_vapor, Vapor Geyser
hbm:geysir_nether, Volcanic Geyser
hbm:block_yellowcake, Block of Yellowcake
hbm:block_starmetal, §9Block of Starmetal§r
hbm:block_polymer, Block of Polymer
hbm:block_bakelite, Block of Bakelite
hbm:block_rubber, Block of Rubber
hbm:block_asbestos, Block of Asbestos
hbm:brick_fire, Firebricks
hbm:block_cobalt, Block of Cobalt
hbm:block_lithium, Block of Lithium
hbm:block_zirconium, Block of Zirconium
hbm:block_insulator, Roll of Insulation
hbm:block_fiberglass, Roll of Fiberglass
hbm:block_white_phosphorus, Block of White Phosphorus
hbm:block_red_phosphorus, Block of Red Phosphorus
hbm:block_foam, Foam
hbm:block_coke:0, Block of Coal Coke
hbm:block_coke:1, Block of Lignite Coke
hbm:block_coke:2, Block of Petroleum Coke
hbm:block_graphite:0, Block of Graphite
hbm:block_graphite_drilled:0, Drilled Graphite
hbm:block_graphite_drilled:1, Drilled Graphite
hbm:block_graphite_drilled:2, Drilled Graphite
hbm:block_graphite_drilled:3, Drilled Graphite
hbm:block_graphite_drilled:4, Drilled Graphite
hbm:block_graphite_drilled:5, Drilled Graphite
hbm:block_graphite_drilled:6, Drilled Graphite
hbm:block_graphite_drilled:7, Drilled Graphite
hbm:block_graphite_drilled:8, Drilled Graphite
hbm:block_graphite_drilled:9, Drilled Graphite
hbm:block_graphite_drilled:10, Drilled Graphite
hbm:block_graphite_drilled:11, Drilled Graphite
hbm:block_graphite_drilled:12, Drilled Graphite
hbm:block_graphite_drilled:13, Drilled Graphite
hbm:block_graphite_drilled:14, Drilled Graphite
hbm:block_graphite_fuel:0, Pile Fuel
hbm:block_graphite_fuel:1, Pile Fuel
hbm:block_graphite_fuel:2, Pile Fuel
hbm:block_graphite_fuel:3, Pile Fuel
hbm:block_graphite_fuel:4, Pile Fuel
hbm:block_graphite_fuel:5, Pile Fuel
hbm:block_graphite_fuel:6, Pile Fuel
hbm:block_graphite_fuel:7, Pile Fuel
hbm:block_graphite_fuel:8, Pile Fuel
hbm:block_graphite_fuel:9, Pile Fuel
hbm:block_graphite_fuel:10, Pile Fuel
hbm:block_graphite_fuel:11, Pile Fuel
hbm:block_graphite_fuel:12, Pile Fuel
hbm:block_graphite_fuel:13, Pile Fuel
hbm:block_graphite_fuel:14, Pile Fuel
hbm:block_graphite_plutonium:0, Pile Fuel (Bred)
hbm:block_graphite_plutonium:1, Pile Fuel (Bred)
hbm:block_graphite_plutonium:2, Pile Fuel (Bred)
hbm:block_graphite_plutonium:3, Pile Fuel (Bred)
hbm:block_graphite_plutonium:4, Pile Fuel (Bred)
hbm:block_graphite_plutonium:5, Pile Fuel (Bred)
hbm:block_graphite_plutonium:6, Pile Fuel (Bred)
hbm:block_graphite_plutonium:7, Pile Fuel (Bred)
hbm:block_graphite_plutonium:8, Pile Fuel (Bred)
hbm:block_graphite_plutonium:9, Pile Fuel (Bred)
hbm:block_graphite_plutonium:10, Pile Fuel (Bred)
hbm:block_graphite_plutonium:11, Pile Fuel (Bred)
hbm:block_graphite_plutonium:12, Pile Fuel (Bred)
hbm:block_graphite_plutonium:13, Pile Fuel (Bred)
hbm:block_graphite_plutonium:14, Pile Fuel (Bred)
hbm:block_graphite_rod:0, Pile Control Rod
hbm:block_graphite_rod:1, Pile Control Rod
hbm:block_graphite_rod:2, Pile Control Rod
hbm:block_graphite_rod:3, Pile Control Rod
hbm:block_graphite_rod:4, Pile Control Rod
hbm:block_graphite_rod:5, Pile Control Rod
hbm:block_graphite_rod:6, Pile Control Rod
hbm:block_graphite_rod:7, Pile Control Rod
hbm:block_graphite_rod:8, Pile Control Rod
hbm:block_graphite_rod:9, Pile Control Rod
hbm:block_graphite_rod:10, Pile Control Rod
hbm:block_graphite_rod:11, Pile Control Rod
hbm:block_graphite_rod:12, Pile Control Rod
hbm:block_graphite_rod:13, Pile Control Rod
hbm:block_graphite_rod:14, Pile Control Rod
hbm:block_graphite_source:0, Pile Neutron Source
hbm:block_graphite_source:1, Pile Neutron Source
hbm:block_graphite_source:2, Pile Neutron Source
hbm:block_graphite_source:3, Pile Neutron Source
hbm:block_graphite_source:4, Pile Neutron Source
hbm:block_graphite_source:5, Pile Neutron Source
hbm:block_graphite_source:6, Pile Neutron Source
hbm:block_graphite_source:7, Pile Neutron Source
hbm:block_graphite_source:8, Pile Neutron Source
hbm:block_graphite_source:9, Pile Neutron Source
hbm:block_graphite_source:10, Pile Neutron Source
hbm:block_graphite_source:11, Pile Neutron Source
hbm:block_graphite_source:12, Pile Neutron Source
hbm:block_graphite_source:13, Pile Neutron Source
hbm:block_graphite_source:14, Pile Neutron Source
hbm:block_graphite_lithium:0, Pile Lithium Fuel
hbm:block_graphite_lithium:1, Pile Lithium Fuel
hbm:block_graphite_lithium:2, Pile Lithium Fuel
hbm:block_graphite_lithium:3, Pile Lithium Fuel
hbm:block_graphite_lithium:4, Pile Lithium Fuel
hbm:block_graphite_lithium:5, Pile Lithium Fuel
hbm:block_graphite_lithium:6, Pile Lithium Fuel
hbm:block_graphite_lithium:7, Pile Lithium Fuel
hbm:block_graphite_lithium:8, Pile Lithium Fuel
hbm:block_graphite_lithium:9, Pile Lithium Fuel
hbm:block_graphite_lithium:10, Pile Lithium Fuel
hbm:block_graphite_lithium:11, Pile Lithium Fuel
hbm:block_graphite_lithium:12, Pile Lithium Fuel
hbm:block_graphite_lithium:13, Pile Lithium Fuel
hbm:block_graphite_lithium:14, Pile Lithium Fuel
hbm:block_graphite_tritium:0, Pile Lithium Fuel (Bred)
hbm:block_graphite_tritium:1, Pile Lithium Fuel (Bred)
hbm:block_graphite_tritium:2, Pile Lithium Fuel (Bred)
hbm:block_graphite_tritium:3, Pile Lithium Fuel (Bred)
hbm:block_graphite_tritium:4, Pile Lithium Fuel (Bred)
hbm:block_graphite_tritium:5, Pile Lithium Fuel (Bred)
hbm:block_graphite_tritium:6, Pile Lithium Fuel (Bred)
hbm:block_graphite_tritium:7, Pile Lithium Fuel (Bred)
hbm:block_graphite_tritium:8, Pile Lithium Fuel (Bred)
hbm:block_graphite_tritium:9, Pile Lithium Fuel (Bred)
hbm:block_graphite_tritium:10, Pile Lithium Fuel (Bred)
hbm:block_graphite_tritium:11, Pile Lithium Fuel (Bred)
hbm:block_graphite_tritium:12, Pile Lithium Fuel (Bred)
hbm:block_graphite_tritium:13, Pile Lithium Fuel (Bred)
hbm:block_graphite_tritium:14, Pile Lithium Fuel (Bred)
hbm:block_graphite_detector:0, Pile Neutron Detector
hbm:block_graphite_detector:1, Pile Neutron Detector
hbm:block_graphite_detector:2, Pile Neutron Detector
hbm:block_graphite_detector:3, Pile Neutron Detector
hbm:block_graphite_detector:4, Pile Neutron Detector
hbm:block_graphite_detector:5, Pile Neutron Detector
hbm:block_graphite_detector:6, Pile Neutron Detector
hbm:block_graphite_detector:7, Pile Neutron Detector
hbm:block_graphite_detector:8, Pile Neutron Detector
hbm:block_graphite_detector:9, Pile Neutron Detector
hbm:block_graphite_detector:10, Pile Neutron Detector
hbm:block_graphite_detector:11, Pile Neutron Detector
hbm:block_graphite_detector:12, Pile Neutron Detector
hbm:block_graphite_detector:13, Pile Neutron Detector
hbm:block_graphite_detector:14, Pile Neutron Detector
hbm:block_australium, Block of Australium
hbm:depth_brick, Depth Bricks
hbm:depth_tiles, Depth Tiles
hbm:depth_nether_brick, Nether Depth Bricks
hbm:depth_nether_tiles, Nether Depth Tiles
hbm:depth_dnt, DNT-Reinforced Depth Bricks
hbm:stone_porous, Porous Stone
hbm:basalt, Basalt
hbm:ore_basalt:0, Sulfur-Rich Basalt
hbm:ore_basalt:1, Fluorite-Rich Basalt
hbm:ore_basalt:2, Asbestos-Rich Basalt
hbm:ore_basalt:3, Gem-Rich Basalt
hbm:ore_basalt:4, Molysite-Rich Basalt
hbm:basalt_smooth, Smooth Basalt
hbm:basalt_brick, Basalt Bricks
hbm:basalt_polished, Polished Basalt
hbm:basalt_tiles, Basalt Tiles
hbm:block_cap:0, Block of Nuka Cola Bottle Caps
hbm:block_cap:1, Block of Nuka Cola Quantum Bottle Caps
hbm:block_cap:2, Block of S~Cola RAD Bottle Caps
hbm:block_cap:3, Block of S~Cola Bottle Caps
hbm:block_cap:4, Block of Korl Bottle Caps
hbm:block_cap:5, Block of Fritz Cola Bottle Caps
hbm:block_cap:6, Block of Sunset Sarsaparilla Bottle Caps
hbm:block_cap:7, Block of Sunset Sarsaparilla Star Caps
hbm:nuke_gadget, The Gadget
hbm:nuke_boy, Little Boy
hbm:nuke_man, Fat Man
hbm:nuke_mike, Ivy Mike
hbm:nuke_tsar, Tsar Bomba
hbm:nuke_fleija, F.L.E.I.J.A.
hbm:nuke_prototype, The Prototype
hbm:nuke_solinium, The Blue Rinse
hbm:nuke_n2, N² Mine
hbm:nuke_fstbmb, Balefire Bomb
hbm:nuke_custom, Custom Nuke
hbm:bomb_multi, Multi Purpose Bomb
hbm:crashed_bomb:0, Dud (Balefire)
hbm:crashed_bomb:1, Dud (Conventional)
hbm:crashed_bomb:2, Dud (Nuclear)
hbm:crashed_bomb:3, Dud (Salted)
hbm:fireworks, Firework Battery
hbm:charge_dynamite, Time Bomb
hbm:charge_miner, Timed Mining Charge
hbm:charge_c4, Demolition Charge
hbm:charge_semtex, Semtex Mining Charge
hbm:mine_ap, Anti-Personell Mine
hbm:mine_he, Anti-Tank Mine
hbm:mine_shrap, Shrapnel Mine
hbm:mine_fat, Fat Mine
hbm:mine_naval, Naval Mine
hbm:dynamite:0, Dynamite
hbm:tnt_ntm:0, Actual TNT
hbm:semtex:0, Semtex
hbm:c4:0, C-4
hbm:fissure_bomb:0, Fissure Bomb
hbm:flame_war, Flame War in a Box
hbm:float_bomb, Levitation Bomb
hbm:emp_bomb, EMP Device
hbm:therm_endo, Endothermic Bomb
hbm:therm_exo, Exothermic Bomb
hbm:det_cord, Det Cord
hbm:det_miner, Mining Charge
hbm:det_charge, Explosive Charge
hbm:det_n2, N² Charge
hbm:det_nuke, Nuclear Charge
hbm:det_bale, Balefire Charge
hbm:red_barrel, Explosive Barrel
hbm:pink_barrel, Kerosene Barrel
hbm:yellow_barrel, Radioactive Barrel
hbm:vitrified_barrel, Vitrified Nuclear Waste Drum
hbm:lox_barrel, LOX Barrel
hbm:taint_barrel, IMP Residue Barrel
hbm:red_cable, Red Copper Cable
hbm:red_cable_box:0, Red Copper Boxcable
hbm:red_cable_box:1, Red Copper Boxcable
hbm:red_cable_box:2, Red Copper Boxcable
hbm:red_cable_box:3, Red Copper Boxcable
hbm:red_cable_box:4, Red Copper Boxcable
hbm:red_cable_paintable, Paintable Red Copper Cable
hbm:red_wire_coated, Coated Red Copper Cable
hbm:red_wire_sealed, Rad Sealed Red Copper Cable Block
hbm:cable_switch, Power Switch
hbm:cable_detector, Redstone Power Switch
hbm:machine_detector, Power Detector
hbm:cable_diode, Red Copper Diode
hbm:red_cable_gauge, Power Gauge
hbm:red_connector, Electricity Connector
hbm:red_pylon, Electricity Pylon
hbm:red_pylon_large, Large Electricity Pylon
hbm:red_pylon_medium_wood, Medium Wooden Electricity Pylon
hbm:red_pylon_medium_transformer, Medium Wooden Electricity Pylon with Transformer
hbm:red_pylon_steel, Medium Steel Electricity Pylon
hbm:red_pylon_steel_transformer, Medium Steel Electricity Pylon with Transformer
hbm:substation, Substation
hbm:barrel_plastic, Safe Barrel™
hbm:barrel_corroded, Corroded Barrel
hbm:barrel_iron, Iron Barrel
hbm:barrel_steel, Steel Barrel
hbm:barrel_tcalloy, Technetium Steel Barrel
hbm:barrel_antimatter, Magnetic Antimatter Container
hbm:machine_uf6_tank, Uranium Hexafluoride Tank
hbm:machine_puf6_tank, Plutonium Hexafluoride Tank
hbm:machine_fluidtank, Tank
hbm:machine_bat9000, Big-Ass Tank 9000
hbm:machine_orbus, Heavy Magnetic Storage Tank
hbm:machine_armor_table, Armor Modification Table
hbm:machine_weapon_table, Weapon Modification Table
hbm:turret_arty, Artillery Turret "Greg"
hbm:turret_himars, Rocket Artillery Turret "Henry"
hbm:turret_chekhov, Heavy Machine Gun Turret "Chekhov's Gun"
hbm:turret_friendly, Chaingun Turret "Mister Friendly"
hbm:turret_jeremy, Autocannon Turret "Jeremy"
hbm:turret_tauon, XVL1456 Prototype Turret "Tauon"
hbm:turret_richard, Rocket Launcher Turret "Richard"
hbm:turret_howard, Goalkeeper Twin Chaingun CIWS "Howard"
hbm:turret_howard_damaged, Goalkeeper Twin Chaingun CIWS "Methusalem"
hbm:turret_maxwell, High-Energy MASER Turret "Maxwell"
hbm:turret_fritz, Heavy Flamethrower Turret "Fritz"
hbm:turret_sentry, Sentry Turret "Brown"
hbm:turret_sentry_damaged, Sentry Turret "Edwin"
hbm:rail_highspeed, High Speed Rail
hbm:rail_booster, High Speed Booster Rail
hbm:machine_siren, Siren
hbm:broadcaster_pc, Corrupted Broadcaster
hbm:geiger, Geiger Counter
hbm:hev_battery_block, Suit Battery
hbm:fence_metal:0, Chainlink Fence
hbm:fence_metal:1, Chainlink Fence Post
hbm:ash_digamma, Ash
hbm:sand_boron, Boron Sand
hbm:sand_lead, Lead Sand
hbm:sand_uranium, Uranium Sand
hbm:sand_polonium, Polonium Sand
hbm:sand_quartz, Quartz Sand
hbm:sand_gold, Gold Sand
hbm:sand_gold198, Gold-198 Sand
hbm:glass_uranium, Uranium Glass
hbm:glass_trinitite, Trinity Glass
hbm:glass_polonium, Polonium Glass
hbm:glass_boron, Boron Glass
hbm:glass_lead, Lead Glass
hbm:glass_ash, Ash Glass
hbm:glass_quartz, Quartz Glass
hbm:glass_polarized, Polarized Glass
hbm:seal_frame, Silo Hatch Frame
hbm:seal_controller, Silo Hatch Opener
hbm:seal_hatch, Silo Hatch
hbm:silo_hatch_drillgon, tile.silo_hatch_drillgon.name
hbm:vault_door, Vault-Tec Blast Door
hbm:blast_door, Sliding Blast Door
hbm:sliding_blast_door, Sliding Blast Door
hbm:sliding_blast_door_2, Sideways Sliding Blast Door
hbm:sliding_blast_door_keypad, tile.sliding_blast_door_keypad.name
hbm:small_hatch, Small Hatch
hbm:sliding_seal_door, Sliding Seal Door
hbm:sliding_gate_door, Small QE Containment Door
hbm:qe_containment, QE Containment Door
hbm:qe_sliding, QE Sliding Door
hbm:fire_door, Fire Door
hbm:water_door, Water Door
hbm:large_vehicle_door, Large Vehicle Door
hbm:round_airlock_door, Round Airlock Door
hbm:secure_access_door, Secure Access Door
hbm:transition_seal, Transition Seal
hbm:silo_hatch, Silo Hatch
hbm:silo_hatch_large, Large Silo Hatch
hbm:keypad_test, tile.keypad_test.name
hbm:barbed_wire, Barbed Wire
hbm:barbed_wire_fire, Flaming Barbed Wire
hbm:barbed_wire_poison, Poisoned Barbed Wire
hbm:barbed_wire_acid, Caustic Barbed Wire
hbm:barbed_wire_wither, Withered Barbed Wire
hbm:barbed_wire_ultradeath, Radioactive Barbed Wire
hbm:spikes, Spikes
hbm:charger, Charging Station
hbm:refueler, Refueling Station
hbm:crate, Supply Crate
hbm:crate_weapon, Weapon Crate
hbm:crate_lead, Hazmat Crate
hbm:crate_metal, Machine Crate
hbm:crate_red, Red Crate
hbm:crate_iron, Iron Crate
hbm:crate_steel, Steel Crate
hbm:crate_desh, Desh Crate
hbm:crate_template, Template Crate
hbm:crate_tungsten, Tungsten Crate
hbm:crate_can, Conserve Crate
hbm:crate_jungle, Enargite Crate
hbm:crate_ammo, Starmetal Crate
hbm:safe, Safe
hbm:mass_storage, Mass Storage Unit
hbm:mass_storage_wood, Mass Storage Unit
hbm:mass_storage_iron, Mass Storage Unit
hbm:mass_storage_desh, Mass Storage Unit
hbm:machine_keyforge, Locksmith Table
hbm:machine_solar_boiler, Solar Tower Boiler
hbm:solar_mirror, Heliostat Mirror
hbm:machine_telelinker, Turret Telemetry Linker
hbm:machine_satlinker, Satellite ID Manager
hbm:sat_dock, Cargo Landing Pad
hbm:soyuz_capsule, Cargo Landing Capsule
hbm:crate_supply, Supply Crate
hbm:book_guide, Hbm's Nuclear Tech Mod Manual [LEGACY]
hbm:machine_steam_engine, Steam Engine
hbm:machine_battery_socket, Battery Socket
hbm:machine_battery_redd, FEnSU
hbm:machine_battery_potato, Potato Battery Block (LEGACY)
hbm:machine_battery, Energy Storage Block (LEGACY)
hbm:machine_lithium_battery, Li-Ion Energy Storage Block
hbm:machine_schrabidium_battery, Schrabidium Energy Storage Block
hbm:machine_dineutronium_battery, Spark Energy Storage Block
hbm:machine_fensu, FEnSU
hbm:machine_transformer, 10k-20Hz Transformer
hbm:machine_transformer_20, 10k-1Hz Transformer
hbm:machine_transformer_dnt, DNT-20Hz Transformer
hbm:machine_transformer_dnt_20, DNT-1Hz Transformer
hbm:press_preheater, Burner Press Preheater
hbm:machine_press, Burner Press
hbm:machine_epress, Electric Press
hbm:machine_conveyor_press, Conveyor Press
hbm:machine_reactor_small_new, Research Reactor
hbm:machine_reactor_breeding, Breeding Reactor
hbm:machine_ammo_press, Ammo Press
hbm:machine_zirnox, ZIRNOX Nuclear Reactor
hbm:zirnox_destroyed, Destroyed ZIRNOX
hbm:machine_controller, Reactor Remote Control Block
hbm:machine_difurnace_on, Blast Furnace
hbm:machine_difurnace_off, Blast Furnace
hbm:machine_difurnace_ext, Blast Furnace Extension
hbm:machine_difurnace_rtg_on, Nuclear Blast Furnace
hbm:machine_difurnace_rtg_off, Nuclear Blast Furnace
hbm:machine_diesel, Diesel Generator
hbm:machine_generator, Nuclear Reactor (Old)
hbm:rbmk_blank, RBMK Structural Column
hbm:rbmk_rod, RBMK Fuel Rod
hbm:rbmk_rod_mod, RBMK Moderated Fuel Rod
hbm:rbmk_rod_reasim, RBMK Fuel Rod (ReaSim)
hbm:rbmk_rod_reasim_mod, RBMK Moderated Fuel Rod (ReaSim)
hbm:rbmk_control, RBMK Control Rods
hbm:rbmk_control_mod, RBMK Moderated Control Rods
hbm:rbmk_control_auto, RBMK Automatic Control Rods
hbm:rbmk_boiler, RBMK Steam Channel
hbm:rbmk_heater, RBMK Fluid Heater
hbm:rbmk_reflector, RBMK Tungsten Carbide Neutron Reflector
hbm:rbmk_absorber, RBMK Boron Neutron Absorber
hbm:rbmk_moderator, RBMK Graphite Moderator
hbm:rbmk_outgasser, RBMK Irradiation Channel
hbm:rbmk_cooler, RBMK Cooler
hbm:rbmk_storage, RBMK Storage Column
hbm:rbmk_console, RBMK Console
hbm:rbmk_crane_console, RBMK Crane Console
hbm:rbmk_autoloader, RBMK Autoloader
hbm:rbmk_loader, RBMK Steam Connector
hbm:rbmk_steam_inlet, RBMK ReaSim Water Inlet
hbm:rbmk_steam_outlet, RBMK ReaSim Steam Outlet
hbm:pribris, RBMK Debris
hbm:pribris_burning, Flaming RBMK Debris
hbm:pribris_radiating, Smoldering RBMK Debris
hbm:pribris_digamma, Blackened RBMK Debris
hbm:block_corium, Corium
hbm:block_corium_cobble, Corebblestone
hbm:machine_assembler, Assembly Machine (Legacy)
hbm:machine_assemfac, Assembly Factory
hbm:machine_assembly_machine, Assembly Machine
hbm:machine_assembly_factory, Assembly Factory
hbm:machine_arc_welder, Arc Welder
hbm:machine_soldering_station, Soldering Station
hbm:machine_chemplant, Chemical Plant (Legacy)
hbm:machine_chemical_plant, Chemical Plant
hbm:machine_chemfac, Chemical Factory (Legacy)
hbm:machine_chemical_factory, Chemical Factory
hbm:machine_purex, PUREX
hbm:machine_strand_caster, Strand Caster
hbm:machine_mixer, Industrial Mixer
hbm:machine_turbine, Steam Turbine
hbm:machine_large_turbine, Industrial Steam Turbine
hbm:machine_chungus, Leviathan Steam Turbine
hbm:machine_condenser, Steam Condenser
hbm:machine_condenser_powered, High-Power Steam Condenser
hbm:machine_tower_small, Auxiliary Cooling Tower
hbm:machine_tower_large, Cooling Tower
hbm:machine_deuterium_extractor, Deuterium Extractor
hbm:machine_deuterium_tower, Deuterium Extraction Tower
hbm:machine_liquefactor, Industrial Liquefaction Machine
hbm:machine_solidifier, Industrial Solidification Machine
hbm:machine_intake, Air Intake
hbm:machine_compressor, Compressor
hbm:machine_compressor_compact, Compact Compressor
hbm:machine_electrolyser, Electrolysis Machine
hbm:machine_autocrafter, Automatic Crafting Table
hbm:anvil_iron, Iron Anvil
hbm:anvil_lead, Lead Anvil
hbm:anvil_steel, Steel Anvil
hbm:anvil_desh, Desh Anvil
hbm:anvil_ferrouranium, Ferrouranium Anvil
hbm:anvil_saturnite, Saturnite Anvil
hbm:anvil_bismuth_bronze, Bismuth Bronze Anvil
hbm:anvil_arsenic_bronze, Arsenic Bronze Anvil
hbm:anvil_schrabidate, Ferric Schrabidate Anvil
hbm:anvil_dnt, Dineutronium Anvil
hbm:anvil_osmiridium, Osmiridium Anvil
hbm:anvil_murky, Murky Anvil
hbm:conveyor, Conveyor Belt
hbm:conveyor_double, Double-Lane Conveyor Belt
hbm:conveyor_triple, Triple-Lane Conveyor Belt
hbm:conveyor_express, Express Conveyor Belt
hbm:conveyor_chute, Conveyor Chute
hbm:conveyor_lift, Conveyor Chain Lift
hbm:crane_ejector, Conveyor Ejector
hbm:crane_inserter, Conveyor Inserter
hbm:crane_splitter, Conveyor Splitter
hbm:crane_partitioner, Acidizer Input Partitioner
hbm:crane_boxer, Conveyor Boxer
hbm:crane_unboxer, Conveyor Unboxer
hbm:crane_router, Conveyor Sorter
hbm:crane_grabber, Conveyor Grabber
hbm:fan, Fan
hbm:drone_waypoint, Transport Drone Waypoint
hbm:drone_crate, Transport Drone Crate
hbm:drone_waypoint_request, Logistics Drone Waypoint
hbm:drone_dock, Logistics Drone Dock
hbm:drone_crate_provider, Logistics Provider Crate
hbm:drone_crate_requester, Logistics Requester Crate
hbm:machine_furnace_brick_off, Bricked Furnace
hbm:machine_furnace_brick_on, Bricked Furnace
hbm:machine_rtg_furnace_off, RTG Furnace
hbm:machine_rtg_furnace_on, RTG Furnace
hbm:launch_pad, Silo Launch Pad
hbm:launch_pad_rusted, Old Launch Pad
hbm:launch_pad_large, Launch Pad
hbm:machine_centrifuge, Centrifuge
hbm:machine_gascent, Gas Centrifuge
hbm:machine_silex, Laser Isotope Separation Chamber (SILEX)
hbm:machine_rotary_furnace, Rotary Furnace
hbm:machine_fel, FEL
hbm:machine_crystallizer, Ore Acidizer
hbm:machine_shredder, Shredder
hbm:machine_waste_drum, Spent Fuel Pool Drum
hbm:machine_storage_drum, Nuclear Waste Disposal Drum
hbm:machine_well, Oil Derrick
hbm:machine_pumpjack, Pumpjack
hbm:machine_fracking_tower, Hydraulic Fracking Tower
hbm:oil_pipe, Crude Oil Extraction Pipe
hbm:machine_flare, Flare Stack
hbm:chimney_brick, Smokestack
hbm:chimney_industrial, Industrial Smokestack
hbm:drill_pipe, Drill Pipe
hbm:machine_autosaw, Automatic Buzz Saw
hbm:machine_excavator, Large Mining Drill
hbm:machine_ore_slopper, Bedrock Ore Processor
hbm:machine_mining_laser, Mining Laser
hbm:sandbags, Sandbags
hbm:machine_turbofan, Turbofan
hbm:machine_wood_burner, Wood-Burning Generator
hbm:machine_turbine_gas, Combined Cycle Gas Turbine
hbm:machine_combustion_engine, Industrial Combustion Engine
hbm:machine_teleporter, Teleporter
hbm:teleanchor, Teleportation Anchor
hbm:field_disturber, High Energy Field Jammer
hbm:machine_forcefield, Forcefield Emitter
hbm:machine_radar, Radar
hbm:machine_radar_large, Large Radar
hbm:radar_screen, Radar Screen
hbm:radiobox, Rosenberg Pest Control Box
hbm:radiorec, FM Radio
hbm:bm_power_box, Black Mesa Power Switch
hbm:tesla, Tesla Coil
hbm:machine_fraction_tower, Fractioning Tower
hbm:fraction_spacer, Fractioning Tower Separator
hbm:machine_catalytic_cracker, Catalytic Cracking Tower
hbm:machine_vacuum_distill, Vacuum Refinery
hbm:machine_refinery, Oil Refinery
hbm:machine_catalytic_reformer, Catalytic Reformer
hbm:machine_hydrotreater, Hydrotreater
hbm:machine_coker, Coker Unit
hbm:machine_pyrooven, Pyrolysis Oven
hbm:machine_electric_furnace_off, Electric Furnace
hbm:machine_electric_furnace_on, Electric Furnace
hbm:machine_arc_furnace, Electric Arc Furnace
hbm:machine_microwave, Microwave
hbm:capacitor_bus, Capacitor Bus
hbm:capacitor_copper, Copper Capacitor
hbm:capacitor_gold, Golden Capacitor
hbm:capacitor_niobium, Niobium Capacitor
hbm:capacitor_tantalium, Tantalium Capacitor
hbm:capacitor_schrabidate, Schrabidate Capacitor
hbm:machine_cyclotron, Cyclotron
hbm:machine_exposure_chamber, Exposure Chamber
hbm:machine_radgen, Radiation-Powered Engine
hbm:pump_steam, Steam-Powered Groundwater Pump
hbm:pump_electric, Electric Groundwater Pump
hbm:heater_firebox, Firebox
hbm:heater_oven, Heating Oven
hbm:heater_oilburner, Fluid Burner
hbm:heater_electric, Electric Heater
hbm:heater_heatex, Heat Exchanging Heater
hbm:machine_ashpit, Ashpit
hbm:furnace_iron, Iron Furnace
hbm:furnace_steel, Steel Furnace
hbm:furnace_combination, Combination Oven
hbm:machine_stirling:0, Stirling Engine
hbm:machine_stirling_steel:0, Heavy Stirling Engine
hbm:machine_stirling_creative:0, Creative Stirling Engine
hbm:machine_sawmill, Stirling Sawmill
hbm:heat_boiler, Large Boiler
hbm:machine_crucible, Crucible
hbm:foundry_mold, Shallow Foundry Basin
hbm:foundry_basin, Foundry Basin
hbm:foundry_channel, Foundry Channel
hbm:foundry_outlet, Foundry Outlet
hbm:machine_industrial_boiler, Industrial Boiler
hbm:radsensor, Radiation Sensor
hbm:machine_rtg_grey, RT Generator
hbm:machine_minirtg, Radio Isotope Cell
hbm:rtg_polonium, PT Isotope Cell
hbm:machine_radiolysis, Radioisotope Thermoelectric Generator and Radiolysis Chamber
hbm:machine_hephaestus, Geothermal Heat Exchanger
hbm:marker_structure, Multiblock Structure Marker
hbm:muffler, Muffler
hbm:struct_launcher, Launch Pad Component Block
hbm:struct_scaffold, Launch Pad Scaffold Block
hbm:struct_launcher_core, Compact Launcher Core Component
hbm:struct_launcher_core_large, Launch Table Core Component
hbm:struct_soyuz_core, Soyuz Launcher Core Component
hbm:struct_plasma_core, Plasma Heater Core Component
hbm:struct_torus_core, Fusion Reactor Vessel Core Component
hbm:struct_watz_core, Watz Powerplant Core Component
hbm:struct_icf_core, Inertial Confinement Fusion Reactor Core Component
hbm:wood_barrier, Wooden Barrier
hbm:pwr_fuelrod, PWR Fuel Rod
hbm:pwr_control, PWR Control Rod
hbm:pwr_channel, PWR Coolant Channel
hbm:pwr_heatex, PWR Heat Exchanger
hbm:pwr_heatsink, PWR Heatsink
hbm:pwr_neutron_source, PWR Neutron Source
hbm:pwr_reflector, PWR Neutron Reflector
hbm:pwr_casing, PWR Pressure Vessel
hbm:pwr_port, PWR Access Port
hbm:pwr_controller, PWR Controller
hbm:pwr_block, PWR
hbm:fusion_heater, Plasma Heater Component
hbm:fusion_hatch, Duct Deco Block
hbm:fusion_core_block, Fusion Reactor Control
hbm:plasma, Plasma
hbm:iter, Fusion Reactor
hbm:plasma_heater, Plasma Heater
hbm:fusion_component:0, Superconducting BSCCO Coils
hbm:fusion_component:1, Fusion Reactor Blanket
hbm:fusion_component:2, Welded BSCCO Coils
hbm:fusion_component:3, Fusion Reactor Piping
hbm:fusion_torus, Fusion Reactor Vessel
hbm:fusion_klystron, Klystron
hbm:fusion_breeder, Fusion Reactor Breeding Chamber
hbm:fusion_collector, Fusion Reactor Collector Chamber
hbm:fusion_boiler, Fusion Reactor Boiler
hbm:fusion_mhdt, MHD Turbine
hbm:fusion_coupler, Fusion Reactor Plasma Coupler
hbm:machine_icf_press, ICF Fuel Pellet Maker
hbm:icf, Inertial Confinement Fusion Reactor (ICF)
hbm:icf_component:0, ICF Stability Element
hbm:icf_component:1, ICF Containment Vessel Wall
hbm:icf_component:2, ICF Containment Vessel Wall (Welded)
hbm:icf_component:3, ICF Casing
hbm:icf_component:4, ICF Casing (Riveted)
hbm:icf_controller, ICF Laser Controller
hbm:icf_laser_component:0, ICF Laser Casing
hbm:icf_laser_component:1, ICF Laser Port
hbm:icf_laser_component:2, ICF Laser Cell
hbm:icf_laser_component:3, ICF Laser Flash Tube
hbm:icf_laser_component:4, ICF Laser Capacitor
hbm:icf_laser_component:5, ICF Laser Turbocharger
hbm:icf_block, ICF Laser
hbm:watz_element, Watz Reaction Chamber
hbm:watz_cooler, Watz Reactor Supercooler
hbm:watz_casing:0, Watz Stability Element
hbm:watz_casing:1, Watz Stability Element (Riveted)
hbm:watz, Watz Powerplant
hbm:watz_pump, Watz Pressure Pump
hbm:dfc_emitter, DFC Emitter
hbm:dfc_injector, DFC Fuel Injector
hbm:dfc_receiver, DFC Receiver
hbm:dfc_stabilizer, DFC Stabilizer
hbm:dfc_core, Dark Fusion Core
hbm:hadron_plating, Particle Accelerator Plating
hbm:hadron_plating_blue, Particle Accelerator Plating (Blue)
hbm:hadron_plating_black, Particle Accelerator Plating (Black)
hbm:hadron_plating_yellow, Particle Accelerator Plating (YelloDye)
hbm:hadron_plating_striped, Particle Accelerator Plating (Cool Hazard Stripes)
hbm:hadron_plating_voltz, Particle Accelerator Plating (VOLTZ)
hbm:hadron_plating_glass, Particle Accelerator Plating (Window)
hbm:hadron_coil_alloy, Dense Superconducting Coil
hbm:hadron_coil_gold, Dense Gold Coil
hbm:hadron_coil_neodymium, Dense Neodymium Coil
hbm:hadron_coil_magtung, Dense 4000K Superconductor Coil
hbm:hadron_coil_schrabidium, Dense Schrabidic Coil
hbm:hadron_coil_schrabidate, Dense Schrabidate Coil
hbm:hadron_coil_starmetal, Dense Starmetal Coil
hbm:hadron_coil_chlorophyte, Dense Chlorophyte Coil
hbm:hadron_coil_mese, Dense Mese Coil
hbm:hadron_diode, Schottky Particle Diode
hbm:hadron_analysis, Particle Accelerator Analysis Chamber Wall
hbm:hadron_analysis_glass, Particle Accelerator Analysis Chamber Window
hbm:hadron_access, Particle Accelerator Access Terminal
hbm:hadron_core, Particle Accelerator Core Component
hbm:hadron_power, Particle Accelerator Power Plug (1MHE)
hbm:pa_source, Particle Source
hbm:pa_beamline, Beamline
hbm:pa_rfc, RF Cavity
hbm:pa_quadrupole, Quadrupole Magnets
hbm:pa_dipole, Dipole Magnets
hbm:pa_detector, Particle Detector
hbm:machine_missile_assembly, Missile Assembly Station
hbm:compact_launcher, Compact Launch Pad
hbm:launch_table, Large Launch Pad
hbm:soyuz_launcher, Soyuz Launch Platform
hbm:deco_sat_mapper, Surface Mapping Satellite (Deco Block)
hbm:deco_sat_radar, Radar Survey Satellite (Deco Block)
hbm:deco_sat_scanner, Satellite with Depth-Resource Scanning Module (Deco Block)
hbm:deco_sat_laser, Orbital Death Ray (Deco Block)
hbm:deco_sat_foeq, PEAF - Mk.I FOEQ Duna Probe with experimental Nuclear Propulsion (Deco Block)
hbm:deco_sat_resonator, Xenium Resonator Satellite (Deco Block)
hbm:rad_absorber:0, Radiation Absorber
hbm:rad_absorber:1, Enhanced Radiation Absorber
hbm:rad_absorber:2, Advanced Radiation Absorber
hbm:rad_absorber:3, Elite Radiation Absorber
hbm:absorber, Radiation Absorber (LEGACY)
hbm:absorber_red, Enhanced Radiation Absorber (LEGACY)
hbm:absorber_green, Advanced Radiation Absorber (LEGACY)
hbm:absorber_pink, Elite Radiation Absorber (LEGACY)
hbm:decon, Player Decontaminator
hbm:decon_digamma, Digamma Decontaminator
hbm:volcano_core, Volcano Core
hbm:taint, Taint
hbm:residue, Cloud Residue
hbm:vent_chlorine, Chlorine Vent
hbm:vent_cloud, Cloud Vent
hbm:vent_pink_cloud, Pink Cloud Vent
hbm:vent_chlorine_seal, Chlorine Seal
hbm:chlorine_gas, Chlorine Gas
hbm:stone_resource:0, Sulfurous Stone
hbm:stone_resource:1, Chrysotile
hbm:stone_resource:2, Hematite
hbm:stone_resource:3, Malachite
hbm:stone_resource:4, Limestone
hbm:stone_resource:5, Bauxite
hbm:stalagmite:0, Sulfurous Stalagmite
hbm:stalagmite:1, Asbestos Stalagmite
hbm:stalactite:0, Sulfurous Stalactite
hbm:stalactite:1, Asbestos Stalactite
hbm:gas_radon, Radon Gas
hbm:gas_radon_dense, Dense Radon Gas
hbm:gas_radon_tomb, Tomb Gas
hbm:gas_meltdown, Meltdown Gas
hbm:gas_monoxide, Carbon Monoxide
hbm:gas_asbestos, Airborne Asbestos Particles
hbm:gas_coal, Airborne Coal Dust
hbm:gas_flammable, Flammable Gas
hbm:gas_explosive, Explosive Gas
hbm:ancient_scrap, Ancient Scrap Metal
hbm:railgun_plasma, Railgun
hbm:fluid_duct_paintable, Paintable Coated Universal Fluid Duct
hbm:fluid_duct_gauge, Flow Gauge Pipe
hbm:fluid_valve, Fluid Valve
hbm:fluid_switch, Redstone Fluid Valve
hbm:fluid_counter_valve, Fluid Valve with Counter
hbm:fluid_pump, Flow Control Pump
hbm:machine_drain, Drainage Pipe
hbm:radio_torch_sender, Redstone-over-Radio Transmitter
hbm:radio_torch_receiver, Redstone-over-Radio Receiver
hbm:radio_telex, Telex Machine
hbm:fluid_duct_mk2:0, Universal Fluid Duct
hbm:fluid_duct_mk2:1, Universal Fluid Duct
hbm:fluid_duct_mk2:2, Universal Fluid Duct
hbm:fluid_duct_box:0, Universal Fluid Duct (Boxduct)
hbm:fluid_duct_box:1, Universal Fluid Duct (Boxduct)
hbm:fluid_duct_box:2, Universal Fluid Duct (Boxduct)
hbm:fluid_duct_box:3, Universal Fluid Duct (Boxduct)
hbm:fluid_duct_box:4, Universal Fluid Duct (Boxduct)
hbm:fluid_duct_box:5, Universal Fluid Duct (Boxduct)
hbm:fluid_duct_box:6, Universal Fluid Duct (Boxduct)
hbm:fluid_duct_box:7, Universal Fluid Duct (Boxduct)
hbm:fluid_duct_box:8, Universal Fluid Duct (Boxduct)
hbm:fluid_duct_box:9, Universal Fluid Duct (Boxduct)
hbm:fluid_duct_box:10, Universal Fluid Duct (Boxduct)
hbm:fluid_duct_box:11, Universal Fluid Duct (Boxduct)
hbm:fluid_duct_box:12, Universal Fluid Duct (Boxduct)
hbm:fluid_duct_box:13, Universal Fluid Duct (Boxduct)
hbm:fluid_duct_box:14, Universal Fluid Duct (Boxduct)
hbm:fluid_duct_exhaust:0, Exhaust Pipe
hbm:fluid_duct_exhaust:3, Exhaust Pipe
hbm:fluid_duct_exhaust:6, Exhaust Pipe
hbm:fluid_duct_exhaust:9, Exhaust Pipe
hbm:fluid_duct_exhaust:12, Exhaust Pipe
hbm:fluid_duct_paintable_block_exhaust, Paintable Coated Exhaust Pipe
hbm:pipe_anchor, tile.pipe_anchor.name
hbm:fluid_duct_solid, Coated Universal Fluid Duct (Deprecated)
hbm:fluid_duct_solid_sealed, Rad Sealed Fluid Duct
hbm:pneumatic_tube, Pneumatic Tube
hbm:pneumatic_tube_paintable, Paintable Pneumatic Tube
hbm:dungeon_chain, Metal Chain
hbm:ladder_sturdy, Sturdy Wooden Ladder
hbm:ladder_iron, Iron Ladder
hbm:ladder_gold, Golden Ladder
hbm:ladder_aluminium, Aluminium Ladder
hbm:ladder_copper, Copper Ladder
hbm:ladder_titanium, Titanium Ladder
hbm:ladder_lead, Lead Ladder
hbm:ladder_cobalt, Cobalt Ladder
hbm:ladder_steel, Steel Ladder
hbm:ladder_tungsten, Tungsten Ladder
hbm:ladder_red, Red Ladder
hbm:ladder_red_top, Red Ladder Top
hbm:trapdoor_steel, Steel Trapdoor
hbm:railing_end_floor, Railing End (Floor)
hbm:railing_end_self, Railing End (Self)
hbm:railing_end_flipped_floor, Railing End Flipped (Floor)
hbm:railing_end_flipped_self, Railing End Flipped (Self)
hbm:railing_normal, Railing
hbm:railing_bend, Railing Bend
hbm:control_panel_custom, Custom Control Panel [WIP]
hbm:boxcar, Boxcar
hbm:boat, Boat
hbm:null, tile.null.name
hbm:void, tile.void.name
hbm:ngtv, tile.ngtv.name
hbm:undef, tile.undef.name
hbm:dummy_block_uf6, tile.dummy_block_uf6.name
hbm:dummy_block_puf6, tile.dummy_block_puf6.name
hbm:dummy_block_vault, tile.dummy_block_vault.name
hbm:dummy_block_blast, tile.dummy_block_blast.name
hbm:dummy_block_silo_hatch, tile.dummy_block_silo_hatch.name
hbm:dummy_plate_compact_launcher, tile.dummy_plate_compact_launcher.name
hbm:dummy_port_compact_launcher, tile.dummy_port_compact_launcher.name
hbm:dummy_plate_launch_table, tile.dummy_plate_launch_table.name
hbm:dummy_port_launch_table, tile.dummy_port_launch_table.name
hbm:dummy_plate_cargo, tile.dummy_plate_cargo.name
hbm:ntm_dirt, Dirt
hbm:pink_log, Pink Log
hbm:pink_planks, Pink Wood Planks
hbm:pink_slab:0, Pink Wood Slab
hbm:pink_stairs, Pink Wood Stairs
hbm:wand_air, Structure Wand Block (Air)
hbm:wand_loot, Structure Wand Block (Lootable)
hbm:wand_jigsaw, Structure Wand Block (Jigsaw)
hbm:wand_logic, Structure Wand Block (Logic)
hbm:wand_tandem, tile.wand_tandem.name
hbm:logic_block, Dungeon Action Block
hbm:toxic_block, Stereotypical Green Ooze
hbm:mud_block, Poisonous Mud
hbm:acid_block, Acid
hbm:schrabidic_block, Schrabidic Acid
hbm:corium_block, Corium
hbm:volcanic_lava_block, Volcanic Lava
hbm:bromine_block, Alkyl Bromide
hbm:sulfuric_acid_block, Sulfuric Acid
hbm:redstone_sword, Redstone Sword
hbm:big_sword, Great Sword
hbm:dosimeter, Dosimeter
hbm:geiger_counter, Handheld Geiger Counter
hbm:digamma_diagnostic, Digamma Diagnostic
hbm:lung_diagnostic, Lung Diagnostic
hbm:screwdriver, Screwdriver
hbm:screwdriver_desh, Desh Screwdriver
hbm:hand_drill, Hand Drill
hbm:hand_drill_desh, Desh Hand Drill
hbm:wrench_archineer, Archineer's Wrench
hbm:boltgun, Pneumatic Rivet Gun
hbm:blowtorch, Blowtorch
hbm:acetylene_torch, Acetylene Welding Torch
hbm:chemistry_set, Laboratory Glassware
hbm:chemistry_set_boron, Laboratory Glassware (Boron Glass)
hbm:reacher, Tungsten Reacher
hbm:bismuth_tool, Magnetic Extractor
hbm:wiring_red_copper, Cable Drum
hbm:survey_scanner, Survey Scanner
hbm:oil_detector, Oil Reservoir Detector
hbm:mirror_tool, Mirror Adjustment Tool
hbm:rbmk_tool, RBMK Console Linking Device
hbm:coltan_tool, Coltass
hbm:power_net_tool, Cable Network Analysis Tool
hbm:analysis_tool, Analysis Tool
hbm:linker, Telelinker
hbm:reactor_sensor, Reactor Remote Sensor
hbm:drone_linker, Transport Drone Linker
hbm:radar_linker, Radar Linker
hbm:settings_tool, Settings Tool
hbm:pollution_detector, Pollution Detector
hbm:ore_density_scanner, Bedrock Ore Density Scanner
hbm:rebar_placer, Rebar Placer
hbm:syringe_empty, Empty Syringe
hbm:syringe_awesome, AWESOME
hbm:syringe_antidote, Antidote
hbm:syringe_poison, Poisonous Injection
hbm:syringe_metal_empty, Metal Syringe
hbm:syringe_metal_medx, Med-X
hbm:syringe_metal_psycho, Psycho
hbm:syringe_metal_stimpak, Stimpak
hbm:syringe_metal_super, Super Stimpak
hbm:syringe_taint, Watery Taint Injection
hbm:syringe_mkunicorn, MKUNICORN
hbm:med_bag, First Aid Kit
hbm:radx, Rad-X
hbm:siox, SiOX Cancer Medication
hbm:iv_xp_empty, Empty Experience Bag
hbm:pill_herbal, Herbal Paste
hbm:xanax, NAXA Anti-Digamma Medication
hbm:iv_xp, Experience Bag
hbm:fmn, Flunitrazepam Tablet
hbm:five_htp, Enteramine Pills
hbm:iv_empty, IV Bag
hbm:pill_iodine, Iodine Pill
hbm:plan_c, Plan C
hbm:iv_blood, Blood Bag
hbm:stealth_boy, Stealth Device
hbm:jetpack_tank, Jetpack Reserve Fuel Tank
hbm:radaway, RadAway
hbm:gun_kit_1, Gun Oil
hbm:gun_kit_2, Gun Repair Kit
hbm:radaway_strong, Strong RadAway
hbm:euphemium_kit, Euphemium Kit
hbm:cbt_device, CBT Device
hbm:radaway_flush, Elite RadAway
hbm:gas_mask_filter_rag, Makeshift Gas Mask Filter
hbm:gas_mask_filter_piss, Advanced Makeshift Gas Mask Filter
hbm:gas_mask_filter_mono, Catalytic Mask Filter
hbm:gas_mask_filter, Gas Mask Filter
hbm:gas_mask_filter_combo, Gas Mask Combo Filter
hbm:attachment_mask, Gas Mask Attachable
hbm:attachment_mask_mono, Half Mask Attachable
hbm:cigarette, FFI-Brand Cigarette
hbm:crackpipe, Health Pipe
hbm:bdcl, BDCL
hbm:back_tesla, Back-Mounted Tesla Coil
hbm:pads_rubber, Rubber Pads
hbm:pads_slime, Slime Pads
hbm:pads_static, Static Pads
hbm:cladding_paint, Lead Paint
hbm:cladding_rubber, Rubber Cladding
hbm:cladding_lead, Lead Cladding
hbm:cladding_desh, Desh Cladding
hbm:cladding_ghiorsium, Ghiorsium Cladding
hbm:cladding_iron, Iron Cladding
hbm:cladding_obsidian, Obsidian Skin
hbm:insert_kevlar, Kevlar Insert
hbm:insert_sapi, SAPI Insert
hbm:insert_esapi, ESAPI Insert
hbm:insert_xsapi, XSAPI Insert
hbm:insert_steel, Heavy Steel Insert
hbm:insert_du, DU Insert
hbm:insert_polonium, Polonium Insert
hbm:insert_ghiorsium, Ghiorsium Insert
hbm:insert_era, Explosive Reactive Armor Insert
hbm:insert_yharonite, Yharonite Insert
hbm:insert_doxium, Astolfium-Doped Doxium Insert
hbm:armor_polish, ShiningArmor™ Armor Polish
hbm:bandaid, Velvet Band-Aid
hbm:serum, Serum
hbm:quartz_plutonium, Plutonic Quartz
hbm:morning_glory, Morning Glory
hbm:lodestone, Lodestone
hbm:horseshoe_magnet, Horseshoe Magnet
hbm:industrial_magnet, Industrial Magnet
hbm:bathwater, Toxic Soapy Water
hbm:bathwater_mk2, Toxic Soapy Water (Horse Scented)
hbm:spider_milk, Bottle of Spider Milk
hbm:ink, 林 Ink
hbm:heart_piece, Heart Piece
hbm:heart_container, Heart Container
hbm:heart_booster, Heart Booster
hbm:heart_fab, Heart of Darkness
hbm:black_diamond, Black Diamond
hbm:wd40, VT-40
hbm:scrumpy, Bottle of Scrumpy
hbm:wild_p, Wild Pegasus Dry Whiskey
hbm:fabsols_vodka, Fabsol's Vodka
hbm:shackles, Shackles
hbm:injector_5htp, 5-HTP Autoinjector
hbm:injector_knife, 8 Inch Blade Autoinjector
hbm:medal_liquidator, Liquidator Medal
hbm:bottled_cloud, Cloud in a Bottle
hbm:servo_set, Servo Set
hbm:servo_set_desh, Desh Servo Set
hbm:v1, V1
hbm:neutrino_lens, Neutrino Lens
hbm:gas_tester, Gas Sensor
hbm:defuser_gold, Golden Wire Cutter
hbm:ballistic_gauntlet, Ballistic Gauntlet
hbm:night_vision, Night Vision Goggles
hbm:card_aos, Ace of Spades
hbm:card_qos, Queen of Spades
hbm:protection_charm, Charm of Protection
hbm:meteor_charm, Meteor Charm
hbm:stamp_stone_flat, Flat Stamp (Stone)
hbm:stamp_stone_plate, Plate Stamp (Stone)
hbm:stamp_stone_wire, Wire Stamp (Stone)
hbm:stamp_stone_circuit, Circuit Stamp (Stone)
hbm:stamp_iron_flat, Flat Stamp (Iron)
hbm:stamp_iron_plate, Plate Stamp (Iron)
hbm:stamp_iron_wire, Wire Stamp (Iron)
hbm:stamp_iron_circuit, Circuit Stamp (Iron)
hbm:stamp_steel_flat, Flat Stamp (Steel)
hbm:stamp_steel_plate, Plate Stamp (Steel)
hbm:stamp_steel_wire, Wire Stamp (Steel)
hbm:stamp_steel_circuit, Circuit Stamp (Steel)
hbm:stamp_titanium_flat, Flat Stamp (Titanium)
hbm:stamp_titanium_plate, Plate Stamp (Titanium)
hbm:stamp_titanium_wire, Wire Stamp (Titanium)
hbm:stamp_titanium_circuit, Circuit Stamp (Titanium)
hbm:stamp_obsidian_flat, Flat Stamp (Obsidian)
hbm:stamp_obsidian_plate, Plate Stamp (Obsidian)
hbm:stamp_obsidian_wire, Wire Stamp (Obsidian)
hbm:stamp_obsidian_circuit, Circuit Stamp (Obsidian)
hbm:stamp_desh_flat, Flat Stamp (Desh)
hbm:stamp_desh_plate, Plate Stamp (Desh)
hbm:stamp_desh_wire, Wire Stamp (Desh)
hbm:stamp_desh_circuit, Circuit Stamp (Desh)
hbm:stamp_desh_357, .357 Magnum Stamp (Desh)
hbm:stamp_desh_44, .44 Magnum Stamp (Desh)
hbm:stamp_desh_9, Small Caliber Stamp (Desh)
hbm:stamp_desh_50, Large Caliber Stamp (Desh)
hbm:stamp_357, .357 Magnum Stamp
hbm:stamp_44, .44 Magnum Stamp
hbm:stamp_9, Small Caliber Stamp
hbm:stamp_50, Large Caliber Stamp
hbm:stamp_book:0, Printing Press Stamp (Part 1)
hbm:stamp_book:1, Printing Press Stamp (Part 2)
hbm:stamp_book:2, Printing Press Stamp (Part 3)
hbm:stamp_book:3, Printing Press Stamp (Part 4)
hbm:stamp_book:4, Printing Press Stamp (Part 5)
hbm:stamp_book:5, Printing Press Stamp (Part 6)
hbm:stamp_book:6, Printing Press Stamp (Part 7)
hbm:stamp_book:7, Printing Press Stamp (Part 8)
hbm:blades_steel, Steel Shredder Blades
hbm:blades_titanium, Titanium Shredder Blades
hbm:blades_advanced_alloy, Advanced Shredder Blades
hbm:blades_desh, Desh Shredder Blades
hbm:fuse, Fuse
hbm:redcoil_capacitor, Redcoil Capacitor
hbm:euphemium_capacitor, Euphemium Capacitor
hbm:overfuse, Singularity Screwdriver
hbm:arc_electrode:0, Graphite Electrode
hbm:arc_electrode:1, Lanthanium Electrode
hbm:arc_electrode:2, Desh Electrode
hbm:arc_electrode:3, Saturnite Electrode
hbm:arc_electrode_burnt:0, Molten Graphite Electrode
hbm:arc_electrode_burnt:1, Molten Lanthanium Electrode
hbm:arc_electrode_burnt:2, Molten Desh Electrode
hbm:arc_electrode_burnt:3, Molten Saturnite Electrode
hbm:piston_selenium, Combustion Engine Piston
hbm:piston_set:0, Steel Piston Set
hbm:piston_set:1, High-Speed Steel Piston Set
hbm:piston_set:2, Desh Piston Set
hbm:piston_set:3, Starmetal Piston Set
hbm:drillbit:0, Steel Drillbit
hbm:drillbit:1, Steel Drillbit (Diamond-Tipped)
hbm:drillbit:2, High-Speed Steel Drillbit
hbm:drillbit:3, High-Speed Steel Drillbit (Diamond-Tipped)
hbm:drillbit:4, Desh Drillbit
hbm:drillbit:5, Desh Drillbit (Diamond-Tipped)
hbm:drillbit:6, Technetium Steel Drillbit
hbm:drillbit:7, Technetium Steel Drillbit (Diamond-Tipped)
hbm:drillbit:8, Ferrouranium Drillbit
hbm:drillbit:9, Ferrouranium Drillbit (Diamond-Tipped)
hbm:thermo_element, Thermoelectric Element
hbm:catalytic_converter, Catalytic Converter
hbm:part_lithium, Box of Lithium Dust
hbm:part_beryllium, Box of Beryllium Dust
hbm:part_carbon, Box of Carbon Dust
hbm:part_copper, Box of Copper Dust
hbm:part_plutonium, Box of Plutonium Dust
hbm:fusion_shield_tungsten, Tungsten Fusion Reactor Blanket
hbm:fusion_shield_desh, Desh Fusion Reactor Blanket
hbm:fusion_shield_chlorophyte, Chlorophyte-Metallized Fusion Reactor Blanket
hbm:fusion_shield_vaporwave, Vaporwave Fusion Reactor Blanket
hbm:battery_sc:0, Empty Self-Charging Battery
hbm:battery_sc:1, Spent Fuel Self-Charging Battery
hbm:battery_sc:2, Radium-226 Self-Charging Battery
hbm:battery_sc:3, Technetium-99 Self-Charging Battery
hbm:battery_sc:4, Cobalt-60 Self-Charging Battery
hbm:battery_sc:5, Plutonium-238 Self-Charging Battery
hbm:battery_sc:6, Polonium-210 Self-Charging Battery
hbm:battery_sc:7, Gold-198 Self-Charging Battery
hbm:battery_sc:8, Lead-209 Self-Charging Battery
hbm:battery_sc:9, Americium-241 Self-Charging Battery
hbm:battery_sc_uranium, Self-Charging Uranium-238 Battery (LEGACY)
hbm:battery_sc_technetium, Self-Charging Technetium-99 Battery (LEGACY)
hbm:battery_sc_plutonium, Self-Charging Plutonium-238 Battery (LEGACY)
hbm:battery_sc_polonium, Self-Charging Polonium-210 Battery (LEGACY)
hbm:battery_sc_gold, Self-Charging Gold-198 Battery (LEGACY)
hbm:battery_sc_lead, Self-Charging Lead-209 Battery (LEGACY)
hbm:battery_sc_americium, Self-Charging Americium-241 Battery (LEGACY)
hbm:battery_pack:0, Redstone Battery
hbm:battery_pack:0, Redstone Battery
hbm:battery_pack:1, Lead-Acid Battery
hbm:battery_pack:1, Lead-Acid Battery
hbm:battery_pack:2, Lithium-Ion Battery
hbm:battery_pack:2, Lithium-Ion Battery
hbm:battery_pack:3, Sodium-Iron Battery
hbm:battery_pack:3, Sodium-Iron Battery
hbm:battery_pack:4, Schrabidium Battery
hbm:battery_pack:4, Schrabidium Battery
hbm:battery_pack:5, Quantum Battery
hbm:battery_pack:5, Quantum Battery
hbm:battery_pack:6, Copper Capacitor
hbm:battery_pack:6, Copper Capacitor
hbm:battery_pack:7, Gold Capacitor
hbm:battery_pack:7, Gold Capacitor
hbm:battery_pack:8, Niobium Capacitor
hbm:battery_pack:8, Niobium Capacitor
hbm:battery_pack:9, Tantalum Capacitor
hbm:battery_pack:9, Tantalum Capacitor
hbm:battery_pack:10, Bismuth Capacitor
hbm:battery_pack:10, Bismuth Capacitor
hbm:battery_pack:11, Spark Capacitor
hbm:battery_pack:11, Spark Capacitor
hbm:battery_creative, Infinite Battery
hbm:battery_generic, Battery (LEGACY)
hbm:battery_red_cell, Redstone Power Cell (LEGACY)
hbm:battery_red_cell_6, Sixfold Redstone Power Cell (LEGACY)
hbm:battery_red_cell_24, 24-Fold Redstone Power Cell (LEGACY)
hbm:battery_advanced, Advanced Battery (LEGACY)
hbm:battery_advanced_cell, Advanced Power Cell (LEGACY)
hbm:battery_advanced_cell_4, Quadruple Advanced Power Cell (LEGACY)
hbm:battery_advanced_cell_12, Twelvefold Advanced Power Cell (LEGACY)
hbm:battery_lithium, Lithium-Ion Battery (LEGACY)
hbm:battery_lithium_cell, Lithium-Ion Power Cell (LEGACY)
hbm:battery_lithium_cell_3, Triple Lithium-Ion Power Cell (LEGACY)
hbm:battery_lithium_cell_6, Sixfold Lithium-Ion Power Cell (LEGACY)
hbm:battery_schrabidium, Schrabidium Battery
hbm:battery_schrabidium_cell, Schrabidium Power Cell
hbm:battery_schrabidium_cell_2, Double Schrabidium Power Cell
hbm:battery_schrabidium_cell_4, Quadruple Schrabidium Power Cell
hbm:battery_trixite, Off-Brand Spark Battery
hbm:battery_spark, Spark Battery
hbm:battery_spark_cell_6, Spark Power Cell
hbm:battery_spark_cell_25, Spark Arcane Car Battery
hbm:battery_spark_cell_100, Spark Arcane Energy Storage Array
hbm:battery_spark_cell_1000, Spark Arcane Mass-Energy Void
hbm:battery_spark_cell_2500, Spark Arcane Dirac Sea
hbm:battery_spark_cell_10000, Spark Solid Space-Time Crystal
hbm:battery_spark_cell_power, Spark Ludicrous Physics-Defying Energy Storage Unit
hbm:battery_potato, Potato Battery
hbm:battery_potatos, PotatOS
hbm:hev_battery, Suit Battery
hbm:fusion_core, Fusion Core
hbm:energy_core, Makeshift Energy Core
hbm:fusion_core_infinite, Infinite Fusion Core
hbm:laser_crystal_co2, CO2-Desh Laser Crystal
hbm:laser_crystal_bismuth, BiSmUTh Laser Crystal
hbm:laser_crystal_cmb, CMB-Schrabidate Antimatter Laser Crystal
hbm:laser_crystal_bale, Spark Laser Crystal
hbm:laser_crystal_digamma, Digamma Laser Crystal
hbm:upgrade_speed_1, Speed Upgrade Mk.I
hbm:upgrade_speed_2, Speed Upgrade Mk.II
hbm:upgrade_speed_3, Speed Upgrade Mk.III
hbm:upgrade_effect_1, Effectiveness Upgrade Mk.I
hbm:upgrade_effect_2, Effectiveness Upgrade Mk.II
hbm:upgrade_effect_3, Effectiveness Upgrade Mk.III
hbm:upgrade_power_1, Power Saving Upgrade Mk.I
hbm:upgrade_power_2, Power Saving Upgrade Mk.II
hbm:upgrade_power_3, Power Saving Upgrade Mk.III
hbm:upgrade_fortune_1, Fortune Upgrade Mk.I
hbm:upgrade_fortune_2, Fortune Upgrade Mk.II
hbm:upgrade_fortune_3, Fortune Upgrade Mk.III
hbm:upgrade_afterburn_1, Afterburner Upgrade Mk.I
hbm:upgrade_afterburn_2, Afterburner Upgrade Mk.II
hbm:upgrade_afterburn_3, Afterburner Upgrade Mk.III
hbm:upgrade_radius, Emitter Radius Upgrade
hbm:upgrade_health, Emitter Health Upgrade
hbm:upgrade_overdrive_1, Overdrive Upgrade Mk.I
hbm:upgrade_overdrive_2, Overdrive Upgrade Mk.II
hbm:upgrade_overdrive_3, Overdrive Upgrade Mk.III
hbm:upgrade_smelter, Smelter Upgrade
hbm:upgrade_shredder, Shredder Upgrade
hbm:upgrade_centrifuge, Centrifuge Upgrade
hbm:upgrade_crystallizer, Crystallizer Upgrade
hbm:upgrade_nullifier, Scrap Destroyer Upgrade
hbm:upgrade_screm, Screaming Scientist Upgrade
hbm:upgrade_gc_speed, Gas Centrifuge Overclocking Upgrade
hbm:upgrade_5g, 5G Radiation Emitter Upgrade
hbm:upgrade_ejector_1, Ejection Speed Upgrade Mk.I
hbm:upgrade_ejector_2, Ejection Speed Upgrade Mk.II
hbm:upgrade_ejector_3, Ejection Speed Upgrade Mk.III
hbm:upgrade_stack_1, Stack Ejection Upgrade Mk.I
hbm:upgrade_stack_2, Stack Ejection Upgrade Mk.II
hbm:upgrade_stack_3, Stack Ejection Upgrade Mk.III
hbm:fuel_additive:0, Tetraethyllead Antiknock Agent
hbm:fuel_additive:1, Deicer
hbm:canister_empty, Empty Canister
hbm:canister_fuel:10, Canister: Crude Oil
hbm:canister_fuel:134, Canister: Desulfurized Crude Oil
hbm:canister_fuel:61, Canister: Cracked Oil
hbm:canister_fuel:136, Canister: Desulfurized Cracked Oil
hbm:canister_fuel:62, Canister: Coal Oil
hbm:canister_fuel:12, Canister: Heavy Oil
hbm:canister_fuel:91, Canister: Vacuum Heavy Oil
hbm:canister_fuel:19, Canister: Naphtha
hbm:canister_fuel:138, Canister: Desulfurized Naphtha
hbm:canister_fuel:64, Canister: Cracked Naphtha
hbm:canister_fuel:92, Canister: Reformate
hbm:canister_fuel:21, Canister: Light Oil
hbm:canister_fuel:139, Canister: Desulfurized Light Oil
hbm:canister_fuel:65, Canister: Cracked Light Oil
hbm:canister_fuel:93, Canister: Vacuum Light Oil
hbm:canister_fuel:13, Canister: Bitumen
hbm:canister_fuel:14, Canister: Industrial Oil
hbm:canister_fuel:15, Canister: Heating Oil
hbm:canister_fuel:96, Canister: Heavy Heating Oil
hbm:canister_fuel:16, Canister: Reclaimed Industrial Oil
hbm:canister_fuel:18, Canister: Engine Lubricant
hbm:canister_fuel:95, Canister: BTX
hbm:canister_fuel:20, Canister: Diesel
hbm:canister_fuel:97, Canister: High-Cetane Diesel
hbm:canister_fuel:66, Canister: Cracked Diesel
hbm:canister_fuel:98, Canister: High-Cetane Cracked Diesel
hbm:canister_fuel:22, Canister: Kerosene
hbm:canister_fuel:99, Canister: Jet Fuel
hbm:canister_fuel:17, Canister: Petroil
hbm:canister_fuel:72, Canister: Leaded Petroil
hbm:canister_fuel:46, Canister: Gasoline
hbm:canister_fuel:73, Canister: Leaded Gasoline
hbm:canister_fuel:47, Canister: Coal Gasoline
hbm:canister_fuel:74, Canister: Leaded Coal Gasoline
hbm:canister_fuel:80, Canister: Coal Tar Creosote
hbm:canister_fuel:79, Canister: Wood Oil
hbm:canister_fuel:27, Canister: Biofuel
hbm:canister_fuel:59, Canister: Ethanol
hbm:canister_fuel:28, Canister: NITAN© 100 Octane Super Fuel
hbm:canister_fuel:81, Canister: Seeding Slurry
hbm:canister_fuel:83, Canister: Solvent
hbm:canister_fuel:49, Canister: Fracking Solution
hbm:canister_fuel:89, Canister: Hydrazine
hbm:canister_fuel:4014, Canister: Elbow Grease
hbm:canister_fuel:4015, Canister: N-MASS(III) Tetrahexaethanol
hbm:canister_fuel:4044, Canister: Blood Fuel
hbm:canister_napalm, Napalm B
hbm:gas_empty, Empty Gas Tank
hbm:gas_full:38, Gas Tank:: Liquid Hydrogen
hbm:gas_full:8, Gas Tank:: Deuterium
hbm:gas_full:9, Gas Tank:: Tritium
hbm:gas_full:57, Gas Tank:: Helium-3
hbm:gas_full:124, Gas Tank:: Helium-4
hbm:gas_full:39, Gas Tank:: Liquid Oxygen
hbm:gas_full:40, Gas Tank:: Xenon Gas
hbm:gas_full:90, Gas Tank:: Chlorine Gas
hbm:gas_full:23, Gas Tank:: Natural Gas
hbm:gas_full:24, Gas Tank:: Petroleum Gas
hbm:gas_full:94, Gas Tank:: Sour Gas
hbm:gas_full:86, Gas Tank:: Syngas
hbm:gas_full:67, Gas Tank:: Aromatic Hydrocarbons
hbm:gas_full:68, Gas Tank:: Unsaturated Hydrocarbons
hbm:gas_full:100, Gas Tank:: Reformate Gas
hbm:gas_full:26, Gas Tank:: Biogas
hbm:gas_full:102, Gas Tank:: Phosgene
hbm:gas_full:103, Gas Tank:: Mustard Gas
hbm:cell:0, Empty Cell
hbm:cell:29, Uranium Hexafluoride Cell
hbm:cell:30, Plutonium Hexafluoride Cell
hbm:cell:33, Antimatter Cell
hbm:cell:8, Deuterium Cell
hbm:cell:9, Tritium Cell
hbm:cell:31, Schrabidium Trisulfide Cell
hbm:cell:34, Antischrabidium Cell
hbm:cell_balefire, Gaseous Balefire Cell
hbm:fluid_tank_empty, Empty Universal Fluid Tank
hbm:fluid_tank_full:152, Universal Fluid Tank: Compressed Air
hbm:fluid_tank_full:1, Universal Fluid Tank: Water
hbm:fluid_tank_full:60, Universal Fluid Tank: Heavy Water
hbm:fluid_tank_full:125, Universal Fluid Tank: Hot Heavy Water
hbm:fluid_tank_full:7, Universal Fluid Tank: Lava
hbm:fluid_tank_full:2, Universal Fluid Tank: Steam
hbm:fluid_tank_full:3, Universal Fluid Tank: Dense Steam
hbm:fluid_tank_full:4, Universal Fluid Tank: Super Dense Steam
hbm:fluid_tank_full:5, Universal Fluid Tank: Ultra Dense Steam
hbm:fluid_tank_full:55, Universal Fluid Tank: Carbon Dioxide
hbm:fluid_tank_full:6, Universal Fluid Tank: Coolant
hbm:fluid_tank_full:76, Universal Fluid Tank: Hot Coolant
hbm:fluid_tank_full:145, Universal Fluid Tank: Perfluoromethyl
hbm:fluid_tank_full:146, Universal Fluid Tank: Cold Perfluoromethyl
hbm:fluid_tank_full:147, Universal Fluid Tank: Hot Perfluoromethyl
hbm:fluid_tank_full:37, Universal Fluid Tank: Cryogel
hbm:fluid_tank_full:77, Universal Fluid Tank: Mug Root Beer
hbm:fluid_tank_full:78, Universal Fluid Tank: Hot Mug Root Beer
hbm:fluid_tank_full:84, Universal Fluid Tank: Blood
hbm:fluid_tank_full:85, Universal Fluid Tank: Hot Blood
hbm:fluid_tank_full:126, Universal Fluid Tank: Liquid Sodium
hbm:fluid_tank_full:127, Universal Fluid Tank: Hot Liquid Sodium
hbm:fluid_tank_full:143, Universal Fluid Tank: Liquid Lead
hbm:fluid_tank_full:144, Universal Fluid Tank: Hot Liquid Lead
hbm:fluid_tank_full:128, Universal Fluid Tank: Liquid Thorium Salt
hbm:fluid_tank_full:129, Universal Fluid Tank: Hot Liquid Thorium Salt
hbm:fluid_tank_full:130, Universal Fluid Tank: Depleted Liquid Thorium Salt
hbm:fluid_tank_full:38, Universal Fluid Tank: Liquid Hydrogen
hbm:fluid_tank_full:8, Universal Fluid Tank: Deuterium
hbm:fluid_tank_full:9, Universal Fluid Tank: Tritium
hbm:fluid_tank_full:57, Universal Fluid Tank: Helium-3
hbm:fluid_tank_full:124, Universal Fluid Tank: Helium-4
hbm:fluid_tank_full:39, Universal Fluid Tank: Liquid Oxygen
hbm:fluid_tank_full:40, Universal Fluid Tank: Xenon Gas
hbm:fluid_tank_full:90, Universal Fluid Tank: Chlorine Gas
hbm:fluid_tank_full:42, Universal Fluid Tank: Mercury
hbm:fluid_tank_full:10, Universal Fluid Tank: Crude Oil
hbm:fluid_tank_full:134, Universal Fluid Tank: Desulfurized Crude Oil
hbm:fluid_tank_full:61, Universal Fluid Tank: Cracked Oil
hbm:fluid_tank_full:136, Universal Fluid Tank: Desulfurized Cracked Oil
hbm:fluid_tank_full:62, Universal Fluid Tank: Coal Oil
hbm:fluid_tank_full:105, Universal Fluid Tank: Coker Oil
hbm:fluid_tank_full:11, Universal Fluid Tank: Hot Crude Oil
hbm:fluid_tank_full:135, Universal Fluid Tank: Desulfurized Hot Crude Oil
hbm:fluid_tank_full:63, Universal Fluid Tank: Hot Cracked Oil
hbm:fluid_tank_full:137, Universal Fluid Tank: Desulfurized Hot Cracked Oil
hbm:fluid_tank_full:12, Universal Fluid Tank: Heavy Oil
hbm:fluid_tank_full:91, Universal Fluid Tank: Vacuum Heavy Oil
hbm:fluid_tank_full:19, Universal Fluid Tank: Naphtha
hbm:fluid_tank_full:138, Universal Fluid Tank: Desulfurized Naphtha
hbm:fluid_tank_full:64, Universal Fluid Tank: Cracked Naphtha
hbm:fluid_tank_full:106, Universal Fluid Tank: Coker Naphtha
hbm:fluid_tank_full:92, Universal Fluid Tank: Reformate
hbm:fluid_tank_full:21, Universal Fluid Tank: Light Oil
hbm:fluid_tank_full:139, Universal Fluid Tank: Desulfurized Light Oil
hbm:fluid_tank_full:65, Universal Fluid Tank: Cracked Light Oil
hbm:fluid_tank_full:93, Universal Fluid Tank: Vacuum Light Oil
hbm:fluid_tank_full:13, Universal Fluid Tank: Bitumen
hbm:fluid_tank_full:14, Universal Fluid Tank: Industrial Oil
hbm:fluid_tank_full:15, Universal Fluid Tank: Heating Oil
hbm:fluid_tank_full:96, Universal Fluid Tank: Heavy Heating Oil
hbm:fluid_tank_full:16, Universal Fluid Tank: Reclaimed Industrial Oil
hbm:fluid_tank_full:18, Universal Fluid Tank: Engine Lubricant
hbm:fluid_tank_full:23, Universal Fluid Tank: Natural Gas
hbm:fluid_tank_full:107, Universal Fluid Tank: Coker Gas
hbm:fluid_tank_full:24, Universal Fluid Tank: Petroleum Gas
hbm:fluid_tank_full:94, Universal Fluid Tank: Sour Gas
hbm:fluid_tank_full:25, Universal Fluid Tank: LPG
hbm:fluid_tank_full:86, Universal Fluid Tank: Syngas
hbm:fluid_tank_full:87, Universal Fluid Tank: Oxyhydrogen
hbm:fluid_tank_full:67, Universal Fluid Tank: Aromatic Hydrocarbons
hbm:fluid_tank_full:68, Universal Fluid Tank: Unsaturated Hydrocarbons
hbm:fluid_tank_full:95, Universal Fluid Tank: BTX
hbm:fluid_tank_full:100, Universal Fluid Tank: Reformate Gas
hbm:fluid_tank_full:20, Universal Fluid Tank: Diesel
hbm:fluid_tank_full:97, Universal Fluid Tank: High-Cetane Diesel
hbm:fluid_tank_full:66, Universal Fluid Tank: Cracked Diesel
hbm:fluid_tank_full:98, Universal Fluid Tank: High-Cetane Cracked Diesel
hbm:fluid_tank_full:22, Universal Fluid Tank: Kerosene
hbm:fluid_tank_full:99, Universal Fluid Tank: Jet Fuel
hbm:fluid_tank_full:17, Universal Fluid Tank: Petroil
hbm:fluid_tank_full:72, Universal Fluid Tank: Leaded Petroil
hbm:fluid_tank_full:46, Universal Fluid Tank: Gasoline
hbm:fluid_tank_full:73, Universal Fluid Tank: Leaded Gasoline
hbm:fluid_tank_full:47, Universal Fluid Tank: Coal Gasoline
hbm:fluid_tank_full:74, Universal Fluid Tank: Leaded Coal Gasoline
hbm:fluid_tank_full:80, Universal Fluid Tank: Coal Tar Creosote
hbm:fluid_tank_full:79, Universal Fluid Tank: Wood Oil
hbm:fluid_tank_full:26, Universal Fluid Tank: Biogas
hbm:fluid_tank_full:27, Universal Fluid Tank: Biofuel
hbm:fluid_tank_full:59, Universal Fluid Tank: Ethanol
hbm:fluid_tank_full:111, Universal Fluid Tank: Fish Oil
hbm:fluid_tank_full:112, Universal Fluid Tank: Sunflower Seed Oil
hbm:fluid_tank_full:28, Universal Fluid Tank: NITAN© 100 Octane Super Fuel
hbm:fluid_tank_full:154, Universal Fluid Tank: Deuterated Hydrocarbon
hbm:fluid_tank_full:41, Universal Fluid Tank: BF Rocket Fuel
hbm:fluid_tank_full:69, Universal Fluid Tank: Salient Green
hbm:fluid_tank_full:81, Universal Fluid Tank: Seeding Slurry
hbm:fluid_tank_full:101, Universal Fluid Tank: Colloid
hbm:fluid_tank_full:141, Universal Fluid Tank: Vitriol
hbm:fluid_tank_full:142, Universal Fluid Tank: Ore Slop
hbm:fluid_tank_full:104, Universal Fluid Tank: Ionic Gel
hbm:fluid_tank_full:35, Universal Fluid Tank: Hydrogen Peroxide
hbm:fluid_tank_full:75, Universal Fluid Tank: Sulfuric Acid
hbm:fluid_tank_full:82, Universal Fluid Tank: Nitric Acid
hbm:fluid_tank_full:83, Universal Fluid Tank: Solvent
hbm:fluid_tank_full:88, Universal Fluid Tank: High-Performance Solvent
hbm:fluid_tank_full:32, Universal Fluid Tank: Schrabidic Acid
hbm:fluid_tank_full:29, Universal Fluid Tank: Uranium Hexafluoride
hbm:fluid_tank_full:30, Universal Fluid Tank: Plutonium Hexafluoride
hbm:fluid_tank_full:31, Universal Fluid Tank: Schrabidium Trisulfide
hbm:fluid_tank_full:43, Universal Fluid Tank: Pandemonium(III)tantalite Solution
hbm:fluid_tank_full:36, Universal Fluid Tank: Poisonous Mud
hbm:fluid_tank_full:131, Universal Fluid Tank: Fullerene Solution
hbm:fluid_tank_full:108, Universal Fluid Tank: Dissolved Egg
hbm:fluid_tank_full:109, Universal Fluid Tank: Cholesterol Solution
hbm:fluid_tank_full:149, Universal Fluid Tank: Sodium Aluminate
hbm:fluid_tank_full:150, Universal Fluid Tank: Bauxite Solution
hbm:fluid_tank_full:151, Universal Fluid Tank: Alumina
hbm:fluid_tank_full:153, Universal Fluid Tank: Liquid Concrete
hbm:fluid_tank_full:49, Universal Fluid Tank: Fracking Solution
hbm:fluid_tank_full:148, Universal Fluid Tank: Lye
hbm:fluid_tank_full:102, Universal Fluid Tank: Phosgene
hbm:fluid_tank_full:103, Universal Fluid Tank: Mustard Gas
hbm:fluid_tank_full:110, Universal Fluid Tank: Estradiol Solution
hbm:fluid_tank_full:113, Universal Fluid Tank: Nitroglycerin
hbm:fluid_tank_full:33, Universal Fluid Tank: Antimatter
hbm:fluid_tank_full:34, Universal Fluid Tank: Antischrabidium
hbm:fluid_tank_full:70, Universal Fluid Tank: Experience Juice
hbm:fluid_tank_full:71, Universal Fluid Tank: Ender Juice
hbm:fluid_tank_full:140, Universal Fluid Tank: Stellar Flux
hbm:fluid_tank_full:132, Universal Fluid Tank: Booster Pheromone
hbm:fluid_tank_full:133, Universal Fluid Tank: Modified Booster Pheromone
hbm:fluid_tank_full:89, Universal Fluid Tank: Hydrazine
hbm:fluid_tank_full:1000, Universal Fluid Tank: Custom Fluid Demo
hbm:fluid_tank_full:4000, Universal Fluid Tank: Oxygen-Rich Air
hbm:fluid_tank_full:4001, Universal Fluid Tank: Carbon Tetrachloride
hbm:fluid_tank_full:4002, Universal Fluid Tank: Chloroethane
hbm:fluid_tank_full:4003, Universal Fluid Tank: Chlorinated Benzenes
hbm:fluid_tank_full:4004, Universal Fluid Tank: Vinyl Chloride
hbm:fluid_tank_full:4005, Universal Fluid Tank: Aqueous Copper
hbm:fluid_tank_full:4006, Universal Fluid Tank: Aqueous Nickel
hbm:fluid_tank_full:4007, Universal Fluid Tank: Copper Sulfate
hbm:fluid_tank_full:4008, Universal Fluid Tank: Brine
hbm:fluid_tank_full:4009, Universal Fluid Tank: Conglomera
hbm:fluid_tank_full:4010, Universal Fluid Tank: Halide Gas
hbm:fluid_tank_full:4011, Universal Fluid Tank: Light Halocarbons
hbm:fluid_tank_full:4012, Universal Fluid Tank: hbmfluid.lithcarbonate
hbm:fluid_tank_full:4013, Universal Fluid Tank: Tektonic Crude
hbm:fluid_tank_full:4014, Universal Fluid Tank: Elbow Grease
hbm:fluid_tank_full:4015, Universal Fluid Tank: N-MASS(III) Tetrahexaethanol
hbm:fluid_tank_full:4016, Universal Fluid Tank: N-MASS(II) Driver Fuel
hbm:fluid_tank_full:4017, Universal Fluid Tank: Scutterblood
hbm:fluid_tank_full:4018, Universal Fluid Tank: Pertechnetic Acid
hbm:fluid_tank_full:4019, Universal Fluid Tank: Neon Gas
hbm:fluid_tank_full:4020, Universal Fluid Tank: Argon Gas
hbm:fluid_tank_full:4021, Universal Fluid Tank: Krypton Gas
hbm:fluid_tank_full:4022, Universal Fluid Tank: Coffee
hbm:fluid_tank_full:4023, Universal Fluid Tank: Tea
hbm:fluid_tank_full:4024, Universal Fluid Tank: Honey
hbm:fluid_tank_full:4025, Universal Fluid Tank: Olive Oil
hbm:fluid_tank_full:4026, Universal Fluid Tank: Fluorine
hbm:fluid_tank_full:4027, Universal Fluid Tank: Duna Air
hbm:fluid_tank_full:4028, Universal Fluid Tank: Tekto Air
hbm:fluid_tank_full:4029, Universal Fluid Tank: Jool Air
hbm:fluid_tank_full:4030, Universal Fluid Tank: Sarnus Air
hbm:fluid_tank_full:4031, Universal Fluid Tank: Urlum Air
hbm:fluid_tank_full:4032, Universal Fluid Tank: Neidon Air
hbm:fluid_tank_full:4033, Universal Fluid Tank: Milk
hbm:fluid_tank_full:4034, Universal Fluid Tank: Strawberry Milk
hbm:fluid_tank_full:4035, Universal Fluid Tank: Eve Air
hbm:fluid_tank_full:4036, Universal Fluid Tank: Potassium Permanganate Solution
hbm:fluid_tank_full:4037, Universal Fluid Tank: Chloromethane
hbm:fluid_tank_full:4038, Universal Fluid Tank: Methanol
hbm:fluid_tank_full:4039, Universal Fluid Tank: Alkyl Bromide
hbm:fluid_tank_full:4040, Universal Fluid Tank: Methylene
hbm:fluid_tank_full:4041, Universal Fluid Tank: Polyethylene
hbm:fluid_tank_full:4042, Universal Fluid Tank: Hydrochloric Acid
hbm:fluid_tank_full:4043, Universal Fluid Tank: Ammonia
hbm:fluid_tank_full:4044, Universal Fluid Tank: Blood Fuel
hbm:fluid_tank_full:4045, Universal Fluid Tank: Mineral Slurry
hbm:fluid_tank_full:4046, Universal Fluid Tank: Liquid Nitrogen
hbm:fluid_tank_full:4047, Universal Fluid Tank: Evaporated Milk
hbm:fluid_tank_full:4048, Universal Fluid Tank: Condensed Milk
hbm:fluid_tank_full:4049, Universal Fluid Tank: Heavy Whipping Cream
hbm:fluid_tank_full:4050, Universal Fluid Tank: Dicyanoacetylene
hbm:fluid_tank_full:4051, Universal Fluid Tank: Morkite
hbm:fluid_tank_full:4052, Universal Fluid Tank: Morkine
hbm:fluid_tank_full:4053, Universal Fluid Tank: Morkite Slurry
hbm:fluid_tank_full:4055, Universal Fluid Tank: Uranium Bromide
hbm:fluid_tank_full:4056, Universal Fluid Tank: Plutonium Bromide
hbm:fluid_tank_full:4057, Universal Fluid Tank: Schrabidium Bromide
hbm:fluid_tank_full:4058, Universal Fluid Tank: Thorium Bromide
hbm:fluid_tank_full:4063, Universal Fluid Tank: hbmfluid.gaseous_hydrogen
hbm:fluid_tank_full:4065, Universal Fluid Tank: hbmfluid.lithydro
hbm:fluid_tank_lead_empty, Empty Hazardous Material Tank
hbm:fluid_tank_lead_full:152, Hazardous Material Tank: Compressed Air
hbm:fluid_tank_lead_full:1, Hazardous Material Tank: Water
hbm:fluid_tank_lead_full:60, Hazardous Material Tank: Heavy Water
hbm:fluid_tank_lead_full:125, Hazardous Material Tank: Hot Heavy Water
hbm:fluid_tank_lead_full:7, Hazardous Material Tank: Lava
hbm:fluid_tank_lead_full:2, Hazardous Material Tank: Steam
hbm:fluid_tank_lead_full:3, Hazardous Material Tank: Dense Steam
hbm:fluid_tank_lead_full:4, Hazardous Material Tank: Super Dense Steam
hbm:fluid_tank_lead_full:5, Hazardous Material Tank: Ultra Dense Steam
hbm:fluid_tank_lead_full:55, Hazardous Material Tank: Carbon Dioxide
hbm:fluid_tank_lead_full:6, Hazardous Material Tank: Coolant
hbm:fluid_tank_lead_full:76, Hazardous Material Tank: Hot Coolant
hbm:fluid_tank_lead_full:145, Hazardous Material Tank: Perfluoromethyl
hbm:fluid_tank_lead_full:146, Hazardous Material Tank: Cold Perfluoromethyl
hbm:fluid_tank_lead_full:147, Hazardous Material Tank: Hot Perfluoromethyl
hbm:fluid_tank_lead_full:37, Hazardous Material Tank: Cryogel
hbm:fluid_tank_lead_full:77, Hazardous Material Tank: Mug Root Beer
hbm:fluid_tank_lead_full:78, Hazardous Material Tank: Hot Mug Root Beer
hbm:fluid_tank_lead_full:84, Hazardous Material Tank: Blood
hbm:fluid_tank_lead_full:85, Hazardous Material Tank: Hot Blood
hbm:fluid_tank_lead_full:126, Hazardous Material Tank: Liquid Sodium
hbm:fluid_tank_lead_full:127, Hazardous Material Tank: Hot Liquid Sodium
hbm:fluid_tank_lead_full:143, Hazardous Material Tank: Liquid Lead
hbm:fluid_tank_lead_full:144, Hazardous Material Tank: Hot Liquid Lead
hbm:fluid_tank_lead_full:128, Hazardous Material Tank: Liquid Thorium Salt
hbm:fluid_tank_lead_full:129, Hazardous Material Tank: Hot Liquid Thorium Salt
hbm:fluid_tank_lead_full:130, Hazardous Material Tank: Depleted Liquid Thorium Salt
hbm:fluid_tank_lead_full:38, Hazardous Material Tank: Liquid Hydrogen
hbm:fluid_tank_lead_full:8, Hazardous Material Tank: Deuterium
hbm:fluid_tank_lead_full:9, Hazardous Material Tank: Tritium
hbm:fluid_tank_lead_full:57, Hazardous Material Tank: Helium-3
hbm:fluid_tank_lead_full:124, Hazardous Material Tank: Helium-4
hbm:fluid_tank_lead_full:39, Hazardous Material Tank: Liquid Oxygen
hbm:fluid_tank_lead_full:40, Hazardous Material Tank: Xenon Gas
hbm:fluid_tank_lead_full:90, Hazardous Material Tank: Chlorine Gas
hbm:fluid_tank_lead_full:42, Hazardous Material Tank: Mercury
hbm:fluid_tank_lead_full:10, Hazardous Material Tank: Crude Oil
hbm:fluid_tank_lead_full:134, Hazardous Material Tank: Desulfurized Crude Oil
hbm:fluid_tank_lead_full:61, Hazardous Material Tank: Cracked Oil
hbm:fluid_tank_lead_full:136, Hazardous Material Tank: Desulfurized Cracked Oil
hbm:fluid_tank_lead_full:62, Hazardous Material Tank: Coal Oil
hbm:fluid_tank_lead_full:105, Hazardous Material Tank: Coker Oil
hbm:fluid_tank_lead_full:11, Hazardous Material Tank: Hot Crude Oil
hbm:fluid_tank_lead_full:135, Hazardous Material Tank: Desulfurized Hot Crude Oil
hbm:fluid_tank_lead_full:63, Hazardous Material Tank: Hot Cracked Oil
hbm:fluid_tank_lead_full:137, Hazardous Material Tank: Desulfurized Hot Cracked Oil
hbm:fluid_tank_lead_full:12, Hazardous Material Tank: Heavy Oil
hbm:fluid_tank_lead_full:91, Hazardous Material Tank: Vacuum Heavy Oil
hbm:fluid_tank_lead_full:19, Hazardous Material Tank: Naphtha
hbm:fluid_tank_lead_full:138, Hazardous Material Tank: Desulfurized Naphtha
hbm:fluid_tank_lead_full:64, Hazardous Material Tank: Cracked Naphtha
hbm:fluid_tank_lead_full:106, Hazardous Material Tank: Coker Naphtha
hbm:fluid_tank_lead_full:92, Hazardous Material Tank: Reformate
hbm:fluid_tank_lead_full:21, Hazardous Material Tank: Light Oil
hbm:fluid_tank_lead_full:139, Hazardous Material Tank: Desulfurized Light Oil
hbm:fluid_tank_lead_full:65, Hazardous Material Tank: Cracked Light Oil
hbm:fluid_tank_lead_full:93, Hazardous Material Tank: Vacuum Light Oil
hbm:fluid_tank_lead_full:13, Hazardous Material Tank: Bitumen
hbm:fluid_tank_lead_full:14, Hazardous Material Tank: Industrial Oil
hbm:fluid_tank_lead_full:15, Hazardous Material Tank: Heating Oil
hbm:fluid_tank_lead_full:96, Hazardous Material Tank: Heavy Heating Oil
hbm:fluid_tank_lead_full:16, Hazardous Material Tank: Reclaimed Industrial Oil
hbm:fluid_tank_lead_full:18, Hazardous Material Tank: Engine Lubricant
hbm:fluid_tank_lead_full:23, Hazardous Material Tank: Natural Gas
hbm:fluid_tank_lead_full:107, Hazardous Material Tank: Coker Gas
hbm:fluid_tank_lead_full:24, Hazardous Material Tank: Petroleum Gas
hbm:fluid_tank_lead_full:94, Hazardous Material Tank: Sour Gas
hbm:fluid_tank_lead_full:25, Hazardous Material Tank: LPG
hbm:fluid_tank_lead_full:86, Hazardous Material Tank: Syngas
hbm:fluid_tank_lead_full:87, Hazardous Material Tank: Oxyhydrogen
hbm:fluid_tank_lead_full:67, Hazardous Material Tank: Aromatic Hydrocarbons
hbm:fluid_tank_lead_full:68, Hazardous Material Tank: Unsaturated Hydrocarbons
hbm:fluid_tank_lead_full:95, Hazardous Material Tank: BTX
hbm:fluid_tank_lead_full:100, Hazardous Material Tank: Reformate Gas
hbm:fluid_tank_lead_full:20, Hazardous Material Tank: Diesel
hbm:fluid_tank_lead_full:97, Hazardous Material Tank: High-Cetane Diesel
hbm:fluid_tank_lead_full:66, Hazardous Material Tank: Cracked Diesel
hbm:fluid_tank_lead_full:98, Hazardous Material Tank: High-Cetane Cracked Diesel
hbm:fluid_tank_lead_full:22, Hazardous Material Tank: Kerosene
hbm:fluid_tank_lead_full:99, Hazardous Material Tank: Jet Fuel
hbm:fluid_tank_lead_full:17, Hazardous Material Tank: Petroil
hbm:fluid_tank_lead_full:72, Hazardous Material Tank: Leaded Petroil
hbm:fluid_tank_lead_full:46, Hazardous Material Tank: Gasoline
hbm:fluid_tank_lead_full:73, Hazardous Material Tank: Leaded Gasoline
hbm:fluid_tank_lead_full:47, Hazardous Material Tank: Coal Gasoline
hbm:fluid_tank_lead_full:74, Hazardous Material Tank: Leaded Coal Gasoline
hbm:fluid_tank_lead_full:80, Hazardous Material Tank: Coal Tar Creosote
hbm:fluid_tank_lead_full:79, Hazardous Material Tank: Wood Oil
hbm:fluid_tank_lead_full:26, Hazardous Material Tank: Biogas
hbm:fluid_tank_lead_full:27, Hazardous Material Tank: Biofuel
hbm:fluid_tank_lead_full:59, Hazardous Material Tank: Ethanol
hbm:fluid_tank_lead_full:111, Hazardous Material Tank: Fish Oil
hbm:fluid_tank_lead_full:112, Hazardous Material Tank: Sunflower Seed Oil
hbm:fluid_tank_lead_full:28, Hazardous Material Tank: NITAN© 100 Octane Super Fuel
hbm:fluid_tank_lead_full:154, Hazardous Material Tank: Deuterated Hydrocarbon
hbm:fluid_tank_lead_full:41, Hazardous Material Tank: BF Rocket Fuel
hbm:fluid_tank_lead_full:69, Hazardous Material Tank: Salient Green
hbm:fluid_tank_lead_full:81, Hazardous Material Tank: Seeding Slurry
hbm:fluid_tank_lead_full:101, Hazardous Material Tank: Colloid
hbm:fluid_tank_lead_full:141, Hazardous Material Tank: Vitriol
hbm:fluid_tank_lead_full:142, Hazardous Material Tank: Ore Slop
hbm:fluid_tank_lead_full:104, Hazardous Material Tank: Ionic Gel
hbm:fluid_tank_lead_full:35, Hazardous Material Tank: Hydrogen Peroxide
hbm:fluid_tank_lead_full:75, Hazardous Material Tank: Sulfuric Acid
hbm:fluid_tank_lead_full:82, Hazardous Material Tank: Nitric Acid
hbm:fluid_tank_lead_full:83, Hazardous Material Tank: Solvent
hbm:fluid_tank_lead_full:88, Hazardous Material Tank: High-Performance Solvent
hbm:fluid_tank_lead_full:32, Hazardous Material Tank: Schrabidic Acid
hbm:fluid_tank_lead_full:29, Hazardous Material Tank: Uranium Hexafluoride
hbm:fluid_tank_lead_full:30, Hazardous Material Tank: Plutonium Hexafluoride
hbm:fluid_tank_lead_full:31, Hazardous Material Tank: Schrabidium Trisulfide
hbm:fluid_tank_lead_full:43, Hazardous Material Tank: Pandemonium(III)tantalite Solution
hbm:fluid_tank_lead_full:58, Hazardous Material Tank: Osmiridic Solution
hbm:fluid_tank_lead_full:36, Hazardous Material Tank: Poisonous Mud
hbm:fluid_tank_lead_full:114, Hazardous Material Tank: Red Mud
hbm:fluid_tank_lead_full:131, Hazardous Material Tank: Fullerene Solution
hbm:fluid_tank_lead_full:108, Hazardous Material Tank: Dissolved Egg
hbm:fluid_tank_lead_full:109, Hazardous Material Tank: Cholesterol Solution
hbm:fluid_tank_lead_full:149, Hazardous Material Tank: Sodium Aluminate
hbm:fluid_tank_lead_full:150, Hazardous Material Tank: Bauxite Solution
hbm:fluid_tank_lead_full:151, Hazardous Material Tank: Alumina
hbm:fluid_tank_lead_full:153, Hazardous Material Tank: Liquid Concrete
hbm:fluid_tank_lead_full:49, Hazardous Material Tank: Fracking Solution
hbm:fluid_tank_lead_full:148, Hazardous Material Tank: Lye
hbm:fluid_tank_lead_full:102, Hazardous Material Tank: Phosgene
hbm:fluid_tank_lead_full:103, Hazardous Material Tank: Mustard Gas
hbm:fluid_tank_lead_full:110, Hazardous Material Tank: Estradiol Solution
hbm:fluid_tank_lead_full:113, Hazardous Material Tank: Nitroglycerin
hbm:fluid_tank_lead_full:33, Hazardous Material Tank: Antimatter
hbm:fluid_tank_lead_full:34, Hazardous Material Tank: Antischrabidium
hbm:fluid_tank_lead_full:70, Hazardous Material Tank: Experience Juice
hbm:fluid_tank_lead_full:71, Hazardous Material Tank: Ender Juice
hbm:fluid_tank_lead_full:140, Hazardous Material Tank: Stellar Flux
hbm:fluid_tank_lead_full:132, Hazardous Material Tank: Booster Pheromone
hbm:fluid_tank_lead_full:133, Hazardous Material Tank: Modified Booster Pheromone
hbm:fluid_tank_lead_full:89, Hazardous Material Tank: Hydrazine
hbm:fluid_tank_lead_full:1000, Hazardous Material Tank: Custom Fluid Demo
hbm:fluid_tank_lead_full:4000, Hazardous Material Tank: Oxygen-Rich Air
hbm:fluid_tank_lead_full:4001, Hazardous Material Tank: Carbon Tetrachloride
hbm:fluid_tank_lead_full:4002, Hazardous Material Tank: Chloroethane
hbm:fluid_tank_lead_full:4003, Hazardous Material Tank: Chlorinated Benzenes
hbm:fluid_tank_lead_full:4004, Hazardous Material Tank: Vinyl Chloride
hbm:fluid_tank_lead_full:4005, Hazardous Material Tank: Aqueous Copper
hbm:fluid_tank_lead_full:4006, Hazardous Material Tank: Aqueous Nickel
hbm:fluid_tank_lead_full:4007, Hazardous Material Tank: Copper Sulfate
hbm:fluid_tank_lead_full:4008, Hazardous Material Tank: Brine
hbm:fluid_tank_lead_full:4009, Hazardous Material Tank: Conglomera
hbm:fluid_tank_lead_full:4010, Hazardous Material Tank: Halide Gas
hbm:fluid_tank_lead_full:4011, Hazardous Material Tank: Light Halocarbons
hbm:fluid_tank_lead_full:4012, Hazardous Material Tank: hbmfluid.lithcarbonate
hbm:fluid_tank_lead_full:4013, Hazardous Material Tank: Tektonic Crude
hbm:fluid_tank_lead_full:4014, Hazardous Material Tank: Elbow Grease
hbm:fluid_tank_lead_full:4015, Hazardous Material Tank: N-MASS(III) Tetrahexaethanol
hbm:fluid_tank_lead_full:4016, Hazardous Material Tank: N-MASS(II) Driver Fuel
hbm:fluid_tank_lead_full:4017, Hazardous Material Tank: Scutterblood
hbm:fluid_tank_lead_full:4018, Hazardous Material Tank: Pertechnetic Acid
hbm:fluid_tank_lead_full:4019, Hazardous Material Tank: Neon Gas
hbm:fluid_tank_lead_full:4020, Hazardous Material Tank: Argon Gas
hbm:fluid_tank_lead_full:4021, Hazardous Material Tank: Krypton Gas
hbm:fluid_tank_lead_full:4022, Hazardous Material Tank: Coffee
hbm:fluid_tank_lead_full:4023, Hazardous Material Tank: Tea
hbm:fluid_tank_lead_full:4024, Hazardous Material Tank: Honey
hbm:fluid_tank_lead_full:4025, Hazardous Material Tank: Olive Oil
hbm:fluid_tank_lead_full:4026, Hazardous Material Tank: Fluorine
hbm:fluid_tank_lead_full:4027, Hazardous Material Tank: Duna Air
hbm:fluid_tank_lead_full:4028, Hazardous Material Tank: Tekto Air
hbm:fluid_tank_lead_full:4029, Hazardous Material Tank: Jool Air
hbm:fluid_tank_lead_full:4030, Hazardous Material Tank: Sarnus Air
hbm:fluid_tank_lead_full:4031, Hazardous Material Tank: Urlum Air
hbm:fluid_tank_lead_full:4032, Hazardous Material Tank: Neidon Air
hbm:fluid_tank_lead_full:4033, Hazardous Material Tank: Milk
hbm:fluid_tank_lead_full:4034, Hazardous Material Tank: Strawberry Milk
hbm:fluid_tank_lead_full:4035, Hazardous Material Tank: Eve Air
hbm:fluid_tank_lead_full:4036, Hazardous Material Tank: Potassium Permanganate Solution
hbm:fluid_tank_lead_full:4037, Hazardous Material Tank: Chloromethane
hbm:fluid_tank_lead_full:4038, Hazardous Material Tank: Methanol
hbm:fluid_tank_lead_full:4039, Hazardous Material Tank: Alkyl Bromide
hbm:fluid_tank_lead_full:4040, Hazardous Material Tank: Methylene
hbm:fluid_tank_lead_full:4041, Hazardous Material Tank: Polyethylene
hbm:fluid_tank_lead_full:4042, Hazardous Material Tank: Hydrochloric Acid
hbm:fluid_tank_lead_full:4043, Hazardous Material Tank: Ammonia
hbm:fluid_tank_lead_full:4044, Hazardous Material Tank: Blood Fuel
hbm:fluid_tank_lead_full:4045, Hazardous Material Tank: Mineral Slurry
hbm:fluid_tank_lead_full:4046, Hazardous Material Tank: Liquid Nitrogen
hbm:fluid_tank_lead_full:4047, Hazardous Material Tank: Evaporated Milk
hbm:fluid_tank_lead_full:4048, Hazardous Material Tank: Condensed Milk
hbm:fluid_tank_lead_full:4049, Hazardous Material Tank: Heavy Whipping Cream
hbm:fluid_tank_lead_full:4050, Hazardous Material Tank: Dicyanoacetylene
hbm:fluid_tank_lead_full:4051, Hazardous Material Tank: Morkite
hbm:fluid_tank_lead_full:4052, Hazardous Material Tank: Morkine
hbm:fluid_tank_lead_full:4053, Hazardous Material Tank: Morkite Slurry
hbm:fluid_tank_lead_full:4055, Hazardous Material Tank: Uranium Bromide
hbm:fluid_tank_lead_full:4056, Hazardous Material Tank: Plutonium Bromide
hbm:fluid_tank_lead_full:4057, Hazardous Material Tank: Schrabidium Bromide
hbm:fluid_tank_lead_full:4058, Hazardous Material Tank: Thorium Bromide
hbm:fluid_tank_lead_full:4063, Hazardous Material Tank: hbmfluid.gaseous_hydrogen
hbm:fluid_tank_lead_full:4065, Hazardous Material Tank: hbmfluid.lithydro
hbm:fluid_barrel_empty, Empty Fluid Barrel
hbm:fluid_barrel_full:152, Fluid Barrel: Compressed Air
hbm:fluid_barrel_full:1, Fluid Barrel: Water
hbm:fluid_barrel_full:60, Fluid Barrel: Heavy Water
hbm:fluid_barrel_full:125, Fluid Barrel: Hot Heavy Water
hbm:fluid_barrel_full:7, Fluid Barrel: Lava
hbm:fluid_barrel_full:2, Fluid Barrel: Steam
hbm:fluid_barrel_full:3, Fluid Barrel: Dense Steam
hbm:fluid_barrel_full:4, Fluid Barrel: Super Dense Steam
hbm:fluid_barrel_full:5, Fluid Barrel: Ultra Dense Steam
hbm:fluid_barrel_full:55, Fluid Barrel: Carbon Dioxide
hbm:fluid_barrel_full:6, Fluid Barrel: Coolant
hbm:fluid_barrel_full:76, Fluid Barrel: Hot Coolant
hbm:fluid_barrel_full:145, Fluid Barrel: Perfluoromethyl
hbm:fluid_barrel_full:146, Fluid Barrel: Cold Perfluoromethyl
hbm:fluid_barrel_full:147, Fluid Barrel: Hot Perfluoromethyl
hbm:fluid_barrel_full:37, Fluid Barrel: Cryogel
hbm:fluid_barrel_full:77, Fluid Barrel: Mug Root Beer
hbm:fluid_barrel_full:78, Fluid Barrel: Hot Mug Root Beer
hbm:fluid_barrel_full:84, Fluid Barrel: Blood
hbm:fluid_barrel_full:85, Fluid Barrel: Hot Blood
hbm:fluid_barrel_full:126, Fluid Barrel: Liquid Sodium
hbm:fluid_barrel_full:127, Fluid Barrel: Hot Liquid Sodium
hbm:fluid_barrel_full:143, Fluid Barrel: Liquid Lead
hbm:fluid_barrel_full:144, Fluid Barrel: Hot Liquid Lead
hbm:fluid_barrel_full:128, Fluid Barrel: Liquid Thorium Salt
hbm:fluid_barrel_full:129, Fluid Barrel: Hot Liquid Thorium Salt
hbm:fluid_barrel_full:130, Fluid Barrel: Depleted Liquid Thorium Salt
hbm:fluid_barrel_full:38, Fluid Barrel: Liquid Hydrogen
hbm:fluid_barrel_full:8, Fluid Barrel: Deuterium
hbm:fluid_barrel_full:9, Fluid Barrel: Tritium
hbm:fluid_barrel_full:57, Fluid Barrel: Helium-3
hbm:fluid_barrel_full:124, Fluid Barrel: Helium-4
hbm:fluid_barrel_full:39, Fluid Barrel: Liquid Oxygen
hbm:fluid_barrel_full:40, Fluid Barrel: Xenon Gas
hbm:fluid_barrel_full:90, Fluid Barrel: Chlorine Gas
hbm:fluid_barrel_full:42, Fluid Barrel: Mercury
hbm:fluid_barrel_full:10, Fluid Barrel: Crude Oil
hbm:fluid_barrel_full:134, Fluid Barrel: Desulfurized Crude Oil
hbm:fluid_barrel_full:61, Fluid Barrel: Cracked Oil
hbm:fluid_barrel_full:136, Fluid Barrel: Desulfurized Cracked Oil
hbm:fluid_barrel_full:62, Fluid Barrel: Coal Oil
hbm:fluid_barrel_full:105, Fluid Barrel: Coker Oil
hbm:fluid_barrel_full:11, Fluid Barrel: Hot Crude Oil
hbm:fluid_barrel_full:135, Fluid Barrel: Desulfurized Hot Crude Oil
hbm:fluid_barrel_full:63, Fluid Barrel: Hot Cracked Oil
hbm:fluid_barrel_full:137, Fluid Barrel: Desulfurized Hot Cracked Oil
hbm:fluid_barrel_full:12, Fluid Barrel: Heavy Oil
hbm:fluid_barrel_full:91, Fluid Barrel: Vacuum Heavy Oil
hbm:fluid_barrel_full:19, Fluid Barrel: Naphtha
hbm:fluid_barrel_full:138, Fluid Barrel: Desulfurized Naphtha
hbm:fluid_barrel_full:64, Fluid Barrel: Cracked Naphtha
hbm:fluid_barrel_full:106, Fluid Barrel: Coker Naphtha
hbm:fluid_barrel_full:92, Fluid Barrel: Reformate
hbm:fluid_barrel_full:21, Fluid Barrel: Light Oil
hbm:fluid_barrel_full:139, Fluid Barrel: Desulfurized Light Oil
hbm:fluid_barrel_full:65, Fluid Barrel: Cracked Light Oil
hbm:fluid_barrel_full:93, Fluid Barrel: Vacuum Light Oil
hbm:fluid_barrel_full:13, Fluid Barrel: Bitumen
hbm:fluid_barrel_full:14, Fluid Barrel: Industrial Oil
hbm:fluid_barrel_full:15, Fluid Barrel: Heating Oil
hbm:fluid_barrel_full:96, Fluid Barrel: Heavy Heating Oil
hbm:fluid_barrel_full:16, Fluid Barrel: Reclaimed Industrial Oil
hbm:fluid_barrel_full:18, Fluid Barrel: Engine Lubricant
hbm:fluid_barrel_full:23, Fluid Barrel: Natural Gas
hbm:fluid_barrel_full:107, Fluid Barrel: Coker Gas
hbm:fluid_barrel_full:24, Fluid Barrel: Petroleum Gas
hbm:fluid_barrel_full:94, Fluid Barrel: Sour Gas
hbm:fluid_barrel_full:25, Fluid Barrel: LPG
hbm:fluid_barrel_full:86, Fluid Barrel: Syngas
hbm:fluid_barrel_full:87, Fluid Barrel: Oxyhydrogen
hbm:fluid_barrel_full:67, Fluid Barrel: Aromatic Hydrocarbons
hbm:fluid_barrel_full:68, Fluid Barrel: Unsaturated Hydrocarbons
hbm:fluid_barrel_full:95, Fluid Barrel: BTX
hbm:fluid_barrel_full:100, Fluid Barrel: Reformate Gas
hbm:fluid_barrel_full:20, Fluid Barrel: Diesel
hbm:fluid_barrel_full:97, Fluid Barrel: High-Cetane Diesel
hbm:fluid_barrel_full:66, Fluid Barrel: Cracked Diesel
hbm:fluid_barrel_full:98, Fluid Barrel: High-Cetane Cracked Diesel
hbm:fluid_barrel_full:22, Fluid Barrel: Kerosene
hbm:fluid_barrel_full:99, Fluid Barrel: Jet Fuel
hbm:fluid_barrel_full:17, Fluid Barrel: Petroil
hbm:fluid_barrel_full:72, Fluid Barrel: Leaded Petroil
hbm:fluid_barrel_full:46, Fluid Barrel: Gasoline
hbm:fluid_barrel_full:73, Fluid Barrel: Leaded Gasoline
hbm:fluid_barrel_full:47, Fluid Barrel: Coal Gasoline
hbm:fluid_barrel_full:74, Fluid Barrel: Leaded Coal Gasoline
hbm:fluid_barrel_full:80, Fluid Barrel: Coal Tar Creosote
hbm:fluid_barrel_full:79, Fluid Barrel: Wood Oil
hbm:fluid_barrel_full:26, Fluid Barrel: Biogas
hbm:fluid_barrel_full:27, Fluid Barrel: Biofuel
hbm:fluid_barrel_full:59, Fluid Barrel: Ethanol
hbm:fluid_barrel_full:111, Fluid Barrel: Fish Oil
hbm:fluid_barrel_full:112, Fluid Barrel: Sunflower Seed Oil
hbm:fluid_barrel_full:28, Fluid Barrel: NITAN© 100 Octane Super Fuel
hbm:fluid_barrel_full:154, Fluid Barrel: Deuterated Hydrocarbon
hbm:fluid_barrel_full:41, Fluid Barrel: BF Rocket Fuel
hbm:fluid_barrel_full:69, Fluid Barrel: Salient Green
hbm:fluid_barrel_full:81, Fluid Barrel: Seeding Slurry
hbm:fluid_barrel_full:101, Fluid Barrel: Colloid
hbm:fluid_barrel_full:141, Fluid Barrel: Vitriol
hbm:fluid_barrel_full:142, Fluid Barrel: Ore Slop
hbm:fluid_barrel_full:104, Fluid Barrel: Ionic Gel
hbm:fluid_barrel_full:35, Fluid Barrel: Hydrogen Peroxide
hbm:fluid_barrel_full:75, Fluid Barrel: Sulfuric Acid
hbm:fluid_barrel_full:82, Fluid Barrel: Nitric Acid
hbm:fluid_barrel_full:83, Fluid Barrel: Solvent
hbm:fluid_barrel_full:88, Fluid Barrel: High-Performance Solvent
hbm:fluid_barrel_full:32, Fluid Barrel: Schrabidic Acid
hbm:fluid_barrel_full:29, Fluid Barrel: Uranium Hexafluoride
hbm:fluid_barrel_full:30, Fluid Barrel: Plutonium Hexafluoride
hbm:fluid_barrel_full:31, Fluid Barrel: Schrabidium Trisulfide
hbm:fluid_barrel_full:43, Fluid Barrel: Pandemonium(III)tantalite Solution
hbm:fluid_barrel_full:36, Fluid Barrel: Poisonous Mud
hbm:fluid_barrel_full:131, Fluid Barrel: Fullerene Solution
hbm:fluid_barrel_full:108, Fluid Barrel: Dissolved Egg
hbm:fluid_barrel_full:109, Fluid Barrel: Cholesterol Solution
hbm:fluid_barrel_full:149, Fluid Barrel: Sodium Aluminate
hbm:fluid_barrel_full:150, Fluid Barrel: Bauxite Solution
hbm:fluid_barrel_full:151, Fluid Barrel: Alumina
hbm:fluid_barrel_full:153, Fluid Barrel: Liquid Concrete
hbm:fluid_barrel_full:49, Fluid Barrel: Fracking Solution
hbm:fluid_barrel_full:148, Fluid Barrel: Lye
hbm:fluid_barrel_full:102, Fluid Barrel: Phosgene
hbm:fluid_barrel_full:103, Fluid Barrel: Mustard Gas
hbm:fluid_barrel_full:110, Fluid Barrel: Estradiol Solution
hbm:fluid_barrel_full:113, Fluid Barrel: Nitroglycerin
hbm:fluid_barrel_full:33, Fluid Barrel: Antimatter
hbm:fluid_barrel_full:34, Fluid Barrel: Antischrabidium
hbm:fluid_barrel_full:70, Fluid Barrel: Experience Juice
hbm:fluid_barrel_full:71, Fluid Barrel: Ender Juice
hbm:fluid_barrel_full:140, Fluid Barrel: Stellar Flux
hbm:fluid_barrel_full:132, Fluid Barrel: Booster Pheromone
hbm:fluid_barrel_full:133, Fluid Barrel: Modified Booster Pheromone
hbm:fluid_barrel_full:89, Fluid Barrel: Hydrazine
hbm:fluid_barrel_full:1000, Fluid Barrel: Custom Fluid Demo
hbm:fluid_barrel_full:4000, Fluid Barrel: Oxygen-Rich Air
hbm:fluid_barrel_full:4001, Fluid Barrel: Carbon Tetrachloride
hbm:fluid_barrel_full:4002, Fluid Barrel: Chloroethane
hbm:fluid_barrel_full:4003, Fluid Barrel: Chlorinated Benzenes
hbm:fluid_barrel_full:4004, Fluid Barrel: Vinyl Chloride
hbm:fluid_barrel_full:4005, Fluid Barrel: Aqueous Copper
hbm:fluid_barrel_full:4006, Fluid Barrel: Aqueous Nickel
hbm:fluid_barrel_full:4007, Fluid Barrel: Copper Sulfate
hbm:fluid_barrel_full:4008, Fluid Barrel: Brine
hbm:fluid_barrel_full:4009, Fluid Barrel: Conglomera
hbm:fluid_barrel_full:4010, Fluid Barrel: Halide Gas
hbm:fluid_barrel_full:4011, Fluid Barrel: Light Halocarbons
hbm:fluid_barrel_full:4012, Fluid Barrel: hbmfluid.lithcarbonate
hbm:fluid_barrel_full:4013, Fluid Barrel: Tektonic Crude
hbm:fluid_barrel_full:4014, Fluid Barrel: Elbow Grease
hbm:fluid_barrel_full:4015, Fluid Barrel: N-MASS(III) Tetrahexaethanol
hbm:fluid_barrel_full:4016, Fluid Barrel: N-MASS(II) Driver Fuel
hbm:fluid_barrel_full:4017, Fluid Barrel: Scutterblood
hbm:fluid_barrel_full:4018, Fluid Barrel: Pertechnetic Acid
hbm:fluid_barrel_full:4019, Fluid Barrel: Neon Gas
hbm:fluid_barrel_full:4020, Fluid Barrel: Argon Gas
hbm:fluid_barrel_full:4021, Fluid Barrel: Krypton Gas
hbm:fluid_barrel_full:4022, Fluid Barrel: Coffee
hbm:fluid_barrel_full:4023, Fluid Barrel: Tea
hbm:fluid_barrel_full:4024, Fluid Barrel: Honey
hbm:fluid_barrel_full:4025, Fluid Barrel: Olive Oil
hbm:fluid_barrel_full:4026, Fluid Barrel: Fluorine
hbm:fluid_barrel_full:4027, Fluid Barrel: Duna Air
hbm:fluid_barrel_full:4028, Fluid Barrel: Tekto Air
hbm:fluid_barrel_full:4029, Fluid Barrel: Jool Air
hbm:fluid_barrel_full:4030, Fluid Barrel: Sarnus Air
hbm:fluid_barrel_full:4031, Fluid Barrel: Urlum Air
hbm:fluid_barrel_full:4032, Fluid Barrel: Neidon Air
hbm:fluid_barrel_full:4033, Fluid Barrel: Milk
hbm:fluid_barrel_full:4034, Fluid Barrel: Strawberry Milk
hbm:fluid_barrel_full:4035, Fluid Barrel: Eve Air
hbm:fluid_barrel_full:4036, Fluid Barrel: Potassium Permanganate Solution
hbm:fluid_barrel_full:4037, Fluid Barrel: Chloromethane
hbm:fluid_barrel_full:4038, Fluid Barrel: Methanol
hbm:fluid_barrel_full:4039, Fluid Barrel: Alkyl Bromide
hbm:fluid_barrel_full:4040, Fluid Barrel: Methylene
hbm:fluid_barrel_full:4041, Fluid Barrel: Polyethylene
hbm:fluid_barrel_full:4042, Fluid Barrel: Hydrochloric Acid
hbm:fluid_barrel_full:4043, Fluid Barrel: Ammonia
hbm:fluid_barrel_full:4044, Fluid Barrel: Blood Fuel
hbm:fluid_barrel_full:4045, Fluid Barrel: Mineral Slurry
hbm:fluid_barrel_full:4046, Fluid Barrel: Liquid Nitrogen
hbm:fluid_barrel_full:4047, Fluid Barrel: Evaporated Milk
hbm:fluid_barrel_full:4048, Fluid Barrel: Condensed Milk
hbm:fluid_barrel_full:4049, Fluid Barrel: Heavy Whipping Cream
hbm:fluid_barrel_full:4050, Fluid Barrel: Dicyanoacetylene
hbm:fluid_barrel_full:4051, Fluid Barrel: Morkite
hbm:fluid_barrel_full:4052, Fluid Barrel: Morkine
hbm:fluid_barrel_full:4053, Fluid Barrel: Morkite Slurry
hbm:fluid_barrel_full:4055, Fluid Barrel: Uranium Bromide
hbm:fluid_barrel_full:4056, Fluid Barrel: Plutonium Bromide
hbm:fluid_barrel_full:4057, Fluid Barrel: Schrabidium Bromide
hbm:fluid_barrel_full:4058, Fluid Barrel: Thorium Bromide
hbm:fluid_barrel_full:4063, Fluid Barrel: hbmfluid.gaseous_hydrogen
hbm:fluid_barrel_full:4065, Fluid Barrel: hbmfluid.lithydro
hbm:fluid_barrel_infinite, Infinite Fluid Barrel
hbm:fluid_pack_empty, Large Fluid Container
hbm:fluid_pack_full:152, Packaged Compressed Air
hbm:fluid_pack_full:1, Packaged Water
hbm:fluid_pack_full:60, Packaged Heavy Water
hbm:fluid_pack_full:125, Packaged Hot Heavy Water
hbm:fluid_pack_full:7, Packaged Lava
hbm:fluid_pack_full:2, Packaged Steam
hbm:fluid_pack_full:3, Packaged Dense Steam
hbm:fluid_pack_full:4, Packaged Super Dense Steam
hbm:fluid_pack_full:5, Packaged Ultra Dense Steam
hbm:fluid_pack_full:55, Packaged Carbon Dioxide
hbm:fluid_pack_full:6, Packaged Coolant
hbm:fluid_pack_full:76, Packaged Hot Coolant
hbm:fluid_pack_full:145, Packaged Perfluoromethyl
hbm:fluid_pack_full:146, Packaged Cold Perfluoromethyl
hbm:fluid_pack_full:147, Packaged Hot Perfluoromethyl
hbm:fluid_pack_full:37, Packaged Cryogel
hbm:fluid_pack_full:77, Packaged Mug Root Beer
hbm:fluid_pack_full:78, Packaged Hot Mug Root Beer
hbm:fluid_pack_full:84, Packaged Blood
hbm:fluid_pack_full:85, Packaged Hot Blood
hbm:fluid_pack_full:126, Packaged Liquid Sodium
hbm:fluid_pack_full:127, Packaged Hot Liquid Sodium
hbm:fluid_pack_full:143, Packaged Liquid Lead
hbm:fluid_pack_full:144, Packaged Hot Liquid Lead
hbm:fluid_pack_full:128, Packaged Liquid Thorium Salt
hbm:fluid_pack_full:129, Packaged Hot Liquid Thorium Salt
hbm:fluid_pack_full:130, Packaged Depleted Liquid Thorium Salt
hbm:fluid_pack_full:38, Packaged Liquid Hydrogen
hbm:fluid_pack_full:8, Packaged Deuterium
hbm:fluid_pack_full:9, Packaged Tritium
hbm:fluid_pack_full:57, Packaged Helium-3
hbm:fluid_pack_full:124, Packaged Helium-4
hbm:fluid_pack_full:39, Packaged Liquid Oxygen
hbm:fluid_pack_full:40, Packaged Xenon Gas
hbm:fluid_pack_full:90, Packaged Chlorine Gas
hbm:fluid_pack_full:42, Packaged Mercury
hbm:fluid_pack_full:10, Packaged Crude Oil
hbm:fluid_pack_full:134, Packaged Desulfurized Crude Oil
hbm:fluid_pack_full:61, Packaged Cracked Oil
hbm:fluid_pack_full:136, Packaged Desulfurized Cracked Oil
hbm:fluid_pack_full:62, Packaged Coal Oil
hbm:fluid_pack_full:105, Packaged Coker Oil
hbm:fluid_pack_full:11, Packaged Hot Crude Oil
hbm:fluid_pack_full:135, Packaged Desulfurized Hot Crude Oil
hbm:fluid_pack_full:63, Packaged Hot Cracked Oil
hbm:fluid_pack_full:137, Packaged Desulfurized Hot Cracked Oil
hbm:fluid_pack_full:12, Packaged Heavy Oil
hbm:fluid_pack_full:91, Packaged Vacuum Heavy Oil
hbm:fluid_pack_full:19, Packaged Naphtha
hbm:fluid_pack_full:138, Packaged Desulfurized Naphtha
hbm:fluid_pack_full:64, Packaged Cracked Naphtha
hbm:fluid_pack_full:106, Packaged Coker Naphtha
hbm:fluid_pack_full:92, Packaged Reformate
hbm:fluid_pack_full:21, Packaged Light Oil
hbm:fluid_pack_full:139, Packaged Desulfurized Light Oil
hbm:fluid_pack_full:65, Packaged Cracked Light Oil
hbm:fluid_pack_full:93, Packaged Vacuum Light Oil
hbm:fluid_pack_full:13, Packaged Bitumen
hbm:fluid_pack_full:14, Packaged Industrial Oil
hbm:fluid_pack_full:15, Packaged Heating Oil
hbm:fluid_pack_full:96, Packaged Heavy Heating Oil
hbm:fluid_pack_full:16, Packaged Reclaimed Industrial Oil
hbm:fluid_pack_full:18, Packaged Engine Lubricant
hbm:fluid_pack_full:23, Packaged Natural Gas
hbm:fluid_pack_full:107, Packaged Coker Gas
hbm:fluid_pack_full:24, Packaged Petroleum Gas
hbm:fluid_pack_full:94, Packaged Sour Gas
hbm:fluid_pack_full:25, Packaged LPG
hbm:fluid_pack_full:86, Packaged Syngas
hbm:fluid_pack_full:87, Packaged Oxyhydrogen
hbm:fluid_pack_full:67, Packaged Aromatic Hydrocarbons
hbm:fluid_pack_full:68, Packaged Unsaturated Hydrocarbons
hbm:fluid_pack_full:95, Packaged BTX
hbm:fluid_pack_full:100, Packaged Reformate Gas
hbm:fluid_pack_full:20, Packaged Diesel
hbm:fluid_pack_full:97, Packaged High-Cetane Diesel
hbm:fluid_pack_full:66, Packaged Cracked Diesel
hbm:fluid_pack_full:98, Packaged High-Cetane Cracked Diesel
hbm:fluid_pack_full:22, Packaged Kerosene
hbm:fluid_pack_full:99, Packaged Jet Fuel
hbm:fluid_pack_full:17, Packaged Petroil
hbm:fluid_pack_full:72, Packaged Leaded Petroil
hbm:fluid_pack_full:46, Packaged Gasoline
hbm:fluid_pack_full:73, Packaged Leaded Gasoline
hbm:fluid_pack_full:47, Packaged Coal Gasoline
hbm:fluid_pack_full:74, Packaged Leaded Coal Gasoline
hbm:fluid_pack_full:80, Packaged Coal Tar Creosote
hbm:fluid_pack_full:79, Packaged Wood Oil
hbm:fluid_pack_full:26, Packaged Biogas
hbm:fluid_pack_full:27, Packaged Biofuel
hbm:fluid_pack_full:59, Packaged Ethanol
hbm:fluid_pack_full:111, Packaged Fish Oil
hbm:fluid_pack_full:112, Packaged Sunflower Seed Oil
hbm:fluid_pack_full:28, Packaged NITAN© 100 Octane Super Fuel
hbm:fluid_pack_full:154, Packaged Deuterated Hydrocarbon
hbm:fluid_pack_full:41, Packaged BF Rocket Fuel
hbm:fluid_pack_full:69, Packaged Salient Green
hbm:fluid_pack_full:81, Packaged Seeding Slurry
hbm:fluid_pack_full:101, Packaged Colloid
hbm:fluid_pack_full:141, Packaged Vitriol
hbm:fluid_pack_full:142, Packaged Ore Slop
hbm:fluid_pack_full:104, Packaged Ionic Gel
hbm:fluid_pack_full:35, Packaged Hydrogen Peroxide
hbm:fluid_pack_full:75, Packaged Sulfuric Acid
hbm:fluid_pack_full:82, Packaged Nitric Acid
hbm:fluid_pack_full:83, Packaged Solvent
hbm:fluid_pack_full:88, Packaged High-Performance Solvent
hbm:fluid_pack_full:32, Packaged Schrabidic Acid
hbm:fluid_pack_full:29, Packaged Uranium Hexafluoride
hbm:fluid_pack_full:30, Packaged Plutonium Hexafluoride
hbm:fluid_pack_full:31, Packaged Schrabidium Trisulfide
hbm:fluid_pack_full:43, Packaged Pandemonium(III)tantalite Solution
hbm:fluid_pack_full:36, Packaged Poisonous Mud
hbm:fluid_pack_full:131, Packaged Fullerene Solution
hbm:fluid_pack_full:108, Packaged Dissolved Egg
hbm:fluid_pack_full:109, Packaged Cholesterol Solution
hbm:fluid_pack_full:149, Packaged Sodium Aluminate
hbm:fluid_pack_full:150, Packaged Bauxite Solution
hbm:fluid_pack_full:151, Packaged Alumina
hbm:fluid_pack_full:153, Packaged Liquid Concrete
hbm:fluid_pack_full:49, Packaged Fracking Solution
hbm:fluid_pack_full:148, Packaged Lye
hbm:fluid_pack_full:102, Packaged Phosgene
hbm:fluid_pack_full:103, Packaged Mustard Gas
hbm:fluid_pack_full:110, Packaged Estradiol Solution
hbm:fluid_pack_full:113, Packaged Nitroglycerin
hbm:fluid_pack_full:33, Packaged Antimatter
hbm:fluid_pack_full:34, Packaged Antischrabidium
hbm:fluid_pack_full:70, Packaged Experience Juice
hbm:fluid_pack_full:71, Packaged Ender Juice
hbm:fluid_pack_full:140, Packaged Stellar Flux
hbm:fluid_pack_full:132, Packaged Booster Pheromone
hbm:fluid_pack_full:133, Packaged Modified Booster Pheromone
hbm:fluid_pack_full:89, Packaged Hydrazine
hbm:fluid_pack_full:1000, Packaged Custom Fluid Demo
hbm:fluid_pack_full:4000, Packaged Oxygen-Rich Air
hbm:fluid_pack_full:4001, Packaged Carbon Tetrachloride
hbm:fluid_pack_full:4002, Packaged Chloroethane
hbm:fluid_pack_full:4003, Packaged Chlorinated Benzenes
hbm:fluid_pack_full:4004, Packaged Vinyl Chloride
hbm:fluid_pack_full:4005, Packaged Aqueous Copper
hbm:fluid_pack_full:4006, Packaged Aqueous Nickel
hbm:fluid_pack_full:4007, Packaged Copper Sulfate
hbm:fluid_pack_full:4008, Packaged Brine
hbm:fluid_pack_full:4009, Packaged Conglomera
hbm:fluid_pack_full:4010, Packaged Halide Gas
hbm:fluid_pack_full:4011, Packaged Light Halocarbons
hbm:fluid_pack_full:4012, Packaged hbmfluid.lithcarbonate
hbm:fluid_pack_full:4013, Packaged Tektonic Crude
hbm:fluid_pack_full:4014, Packaged Elbow Grease
hbm:fluid_pack_full:4015, Packaged N-MASS(III) Tetrahexaethanol
hbm:fluid_pack_full:4016, Packaged N-MASS(II) Driver Fuel
hbm:fluid_pack_full:4017, Packaged Scutterblood
hbm:fluid_pack_full:4018, Packaged Pertechnetic Acid
hbm:fluid_pack_full:4019, Packaged Neon Gas
hbm:fluid_pack_full:4020, Packaged Argon Gas
hbm:fluid_pack_full:4021, Packaged Krypton Gas
hbm:fluid_pack_full:4022, Packaged Coffee
hbm:fluid_pack_full:4023, Packaged Tea
hbm:fluid_pack_full:4024, Packaged Honey
hbm:fluid_pack_full:4025, Packaged Olive Oil
hbm:fluid_pack_full:4026, Packaged Fluorine
hbm:fluid_pack_full:4027, Packaged Duna Air
hbm:fluid_pack_full:4028, Packaged Tekto Air
hbm:fluid_pack_full:4029, Packaged Jool Air
hbm:fluid_pack_full:4030, Packaged Sarnus Air
hbm:fluid_pack_full:4031, Packaged Urlum Air
hbm:fluid_pack_full:4032, Packaged Neidon Air
hbm:fluid_pack_full:4033, Packaged Milk
hbm:fluid_pack_full:4034, Packaged Strawberry Milk
hbm:fluid_pack_full:4035, Packaged Eve Air
hbm:fluid_pack_full:4036, Packaged Potassium Permanganate Solution
hbm:fluid_pack_full:4037, Packaged Chloromethane
hbm:fluid_pack_full:4038, Packaged Methanol
hbm:fluid_pack_full:4039, Packaged Alkyl Bromide
hbm:fluid_pack_full:4040, Packaged Methylene
hbm:fluid_pack_full:4041, Packaged Polyethylene
hbm:fluid_pack_full:4042, Packaged Hydrochloric Acid
hbm:fluid_pack_full:4043, Packaged Ammonia
hbm:fluid_pack_full:4044, Packaged Blood Fuel
hbm:fluid_pack_full:4045, Packaged Mineral Slurry
hbm:fluid_pack_full:4046, Packaged Liquid Nitrogen
hbm:fluid_pack_full:4047, Packaged Evaporated Milk
hbm:fluid_pack_full:4048, Packaged Condensed Milk
hbm:fluid_pack_full:4049, Packaged Heavy Whipping Cream
hbm:fluid_pack_full:4050, Packaged Dicyanoacetylene
hbm:fluid_pack_full:4051, Packaged Morkite
hbm:fluid_pack_full:4052, Packaged Morkine
hbm:fluid_pack_full:4053, Packaged Morkite Slurry
hbm:fluid_pack_full:4055, Packaged Uranium Bromide
hbm:fluid_pack_full:4056, Packaged Plutonium Bromide
hbm:fluid_pack_full:4057, Packaged Schrabidium Bromide
hbm:fluid_pack_full:4058, Packaged Thorium Bromide
hbm:fluid_pack_full:4063, Packaged hbmfluid.gaseous_hydrogen
hbm:fluid_pack_full:4065, Packaged hbmfluid.lithydro
hbm:pipette, Pipette
hbm:pipette_boron, Boron Pipette
hbm:pipette_laboratory, Laboratory Grade Pipette
hbm:siphon, Siphon
hbm:inf_water, Infinite Water Tank
hbm:inf_water_mk2, Large Infinite Water Tank
hbm:disperser_canister_empty, Disperser Canister
hbm:disperser_canister:152, Disperser Canister: Compressed Air
hbm:disperser_canister:1, Disperser Canister: Water
hbm:disperser_canister:60, Disperser Canister: Heavy Water
hbm:disperser_canister:2, Disperser Canister: Steam
hbm:disperser_canister:3, Disperser Canister: Dense Steam
hbm:disperser_canister:4, Disperser Canister: Super Dense Steam
hbm:disperser_canister:5, Disperser Canister: Ultra Dense Steam
hbm:disperser_canister:55, Disperser Canister: Carbon Dioxide
hbm:disperser_canister:6, Disperser Canister: Coolant
hbm:disperser_canister:76, Disperser Canister: Hot Coolant
hbm:disperser_canister:145, Disperser Canister: Perfluoromethyl
hbm:disperser_canister:146, Disperser Canister: Cold Perfluoromethyl
hbm:disperser_canister:147, Disperser Canister: Hot Perfluoromethyl
hbm:disperser_canister:77, Disperser Canister: Mug Root Beer
hbm:disperser_canister:78, Disperser Canister: Hot Mug Root Beer
hbm:disperser_canister:38, Disperser Canister: Liquid Hydrogen
hbm:disperser_canister:8, Disperser Canister: Deuterium
hbm:disperser_canister:9, Disperser Canister: Tritium
hbm:disperser_canister:57, Disperser Canister: Helium-3
hbm:disperser_canister:124, Disperser Canister: Helium-4
hbm:disperser_canister:39, Disperser Canister: Liquid Oxygen
hbm:disperser_canister:40, Disperser Canister: Xenon Gas
hbm:disperser_canister:90, Disperser Canister: Chlorine Gas
hbm:disperser_canister:42, Disperser Canister: Mercury
hbm:disperser_canister:21, Disperser Canister: Light Oil
hbm:disperser_canister:139, Disperser Canister: Desulfurized Light Oil
hbm:disperser_canister:65, Disperser Canister: Cracked Light Oil
hbm:disperser_canister:93, Disperser Canister: Vacuum Light Oil
hbm:disperser_canister:18, Disperser Canister: Engine Lubricant
hbm:disperser_canister:23, Disperser Canister: Natural Gas
hbm:disperser_canister:107, Disperser Canister: Coker Gas
hbm:disperser_canister:24, Disperser Canister: Petroleum Gas
hbm:disperser_canister:94, Disperser Canister: Sour Gas
hbm:disperser_canister:25, Disperser Canister: LPG
hbm:disperser_canister:86, Disperser Canister: Syngas
hbm:disperser_canister:87, Disperser Canister: Oxyhydrogen
hbm:disperser_canister:68, Disperser Canister: Unsaturated Hydrocarbons
hbm:disperser_canister:100, Disperser Canister: Reformate Gas
hbm:disperser_canister:20, Disperser Canister: Diesel
hbm:disperser_canister:97, Disperser Canister: High-Cetane Diesel
hbm:disperser_canister:66, Disperser Canister: Cracked Diesel
hbm:disperser_canister:98, Disperser Canister: High-Cetane Cracked Diesel
hbm:disperser_canister:22, Disperser Canister: Kerosene
hbm:disperser_canister:99, Disperser Canister: Jet Fuel
hbm:disperser_canister:17, Disperser Canister: Petroil
hbm:disperser_canister:72, Disperser Canister: Leaded Petroil
hbm:disperser_canister:46, Disperser Canister: Gasoline
hbm:disperser_canister:73, Disperser Canister: Leaded Gasoline
hbm:disperser_canister:47, Disperser Canister: Coal Gasoline
hbm:disperser_canister:74, Disperser Canister: Leaded Coal Gasoline
hbm:disperser_canister:26, Disperser Canister: Biogas
hbm:disperser_canister:27, Disperser Canister: Biofuel
hbm:disperser_canister:59, Disperser Canister: Ethanol
hbm:disperser_canister:111, Disperser Canister: Fish Oil
hbm:disperser_canister:112, Disperser Canister: Sunflower Seed Oil
hbm:disperser_canister:28, Disperser Canister: NITAN© 100 Octane Super Fuel
hbm:disperser_canister:154, Disperser Canister: Deuterated Hydrocarbon
hbm:disperser_canister:35, Disperser Canister: Hydrogen Peroxide
hbm:disperser_canister:75, Disperser Canister: Sulfuric Acid
hbm:disperser_canister:82, Disperser Canister: Nitric Acid
hbm:disperser_canister:83, Disperser Canister: Solvent
hbm:disperser_canister:88, Disperser Canister: High-Performance Solvent
hbm:disperser_canister:32, Disperser Canister: Schrabidic Acid
hbm:disperser_canister:29, Disperser Canister: Uranium Hexafluoride
hbm:disperser_canister:30, Disperser Canister: Plutonium Hexafluoride
hbm:disperser_canister:31, Disperser Canister: Schrabidium Trisulfide
hbm:disperser_canister:131, Disperser Canister: Fullerene Solution
hbm:disperser_canister:108, Disperser Canister: Dissolved Egg
hbm:disperser_canister:109, Disperser Canister: Cholesterol Solution
hbm:disperser_canister:149, Disperser Canister: Sodium Aluminate
hbm:disperser_canister:151, Disperser Canister: Alumina
hbm:disperser_canister:153, Disperser Canister: Liquid Concrete
hbm:disperser_canister:148, Disperser Canister: Lye
hbm:disperser_canister:102, Disperser Canister: Phosgene
hbm:disperser_canister:103, Disperser Canister: Mustard Gas
hbm:disperser_canister:110, Disperser Canister: Estradiol Solution
hbm:disperser_canister:113, Disperser Canister: Nitroglycerin
hbm:disperser_canister:71, Disperser Canister: Ender Juice
hbm:disperser_canister:132, Disperser Canister: Booster Pheromone
hbm:disperser_canister:133, Disperser Canister: Modified Booster Pheromone
hbm:disperser_canister:89, Disperser Canister: Hydrazine
hbm:disperser_canister:1000, Disperser Canister: Custom Fluid Demo
hbm:disperser_canister:4000, Disperser Canister: Oxygen-Rich Air
hbm:disperser_canister:4001, Disperser Canister: Carbon Tetrachloride
hbm:disperser_canister:4002, Disperser Canister: Chloroethane
hbm:disperser_canister:4003, Disperser Canister: Chlorinated Benzenes
hbm:disperser_canister:4004, Disperser Canister: Vinyl Chloride
hbm:disperser_canister:4006, Disperser Canister: Aqueous Nickel
hbm:disperser_canister:4010, Disperser Canister: Halide Gas
hbm:disperser_canister:4011, Disperser Canister: Light Halocarbons
hbm:disperser_canister:4012, Disperser Canister: hbmfluid.lithcarbonate
hbm:disperser_canister:4013, Disperser Canister: Tektonic Crude
hbm:disperser_canister:4014, Disperser Canister: Elbow Grease
hbm:disperser_canister:4015, Disperser Canister: N-MASS(III) Tetrahexaethanol
hbm:disperser_canister:4016, Disperser Canister: N-MASS(II) Driver Fuel
hbm:disperser_canister:4018, Disperser Canister: Pertechnetic Acid
hbm:disperser_canister:4019, Disperser Canister: Neon Gas
hbm:disperser_canister:4020, Disperser Canister: Argon Gas
hbm:disperser_canister:4021, Disperser Canister: Krypton Gas
hbm:disperser_canister:4022, Disperser Canister: Coffee
hbm:disperser_canister:4023, Disperser Canister: Tea
hbm:disperser_canister:4024, Disperser Canister: Honey
hbm:disperser_canister:4025, Disperser Canister: Olive Oil
hbm:disperser_canister:4026, Disperser Canister: Fluorine
hbm:disperser_canister:4027, Disperser Canister: Duna Air
hbm:disperser_canister:4028, Disperser Canister: Tekto Air
hbm:disperser_canister:4029, Disperser Canister: Jool Air
hbm:disperser_canister:4030, Disperser Canister: Sarnus Air
hbm:disperser_canister:4031, Disperser Canister: Urlum Air
hbm:disperser_canister:4032, Disperser Canister: Neidon Air
hbm:disperser_canister:4033, Disperser Canister: Milk
hbm:disperser_canister:4034, Disperser Canister: Strawberry Milk
hbm:disperser_canister:4035, Disperser Canister: Eve Air
hbm:disperser_canister:4036, Disperser Canister: Potassium Permanganate Solution
hbm:disperser_canister:4037, Disperser Canister: Chloromethane
hbm:disperser_canister:4038, Disperser Canister: Methanol
hbm:disperser_canister:4040, Disperser Canister: Methylene
hbm:disperser_canister:4041, Disperser Canister: Polyethylene
hbm:disperser_canister:4042, Disperser Canister: Hydrochloric Acid
hbm:disperser_canister:4043, Disperser Canister: Ammonia
hbm:disperser_canister:4044, Disperser Canister: Blood Fuel
hbm:disperser_canister:4045, Disperser Canister: Mineral Slurry
hbm:disperser_canister:4046, Disperser Canister: Liquid Nitrogen
hbm:disperser_canister:4047, Disperser Canister: Evaporated Milk
hbm:disperser_canister:4048, Disperser Canister: Condensed Milk
hbm:disperser_canister:4049, Disperser Canister: Heavy Whipping Cream
hbm:disperser_canister:4050, Disperser Canister: Dicyanoacetylene
hbm:disperser_canister:4063, Disperser Canister: hbmfluid.gaseous_hydrogen
hbm:disperser_canister:4065, Disperser Canister: hbmfluid.lithydro
hbm:glyphid_gland_empty, Glyphid's Fluid Gland
hbm:glyphid_gland:75, Sulfuric Acid Gland
hbm:glyphid_gland:132, Booster Pheromone Gland
hbm:detonator, Detonator
hbm:detonator_multi, Multi Detonator
hbm:detonator_laser, Laser Detonator
hbm:detonator_deadman, Dead Man's Detonator
hbm:detonator_de, Dead Man's Explosive
hbm:igniter, Igniter
hbm:chopper, Hunter Chopper
hbm:spawn_worm, Balls-O-Tron Prime
hbm:spawn_ufo, Martian Invasion Ship
hbm:bomb_caller:0, Airstrike Designator
hbm:bomb_caller:1, Airstrike Designator
hbm:bomb_caller:2, Airstrike Designator
hbm:bomb_caller:3, Airstrike Designator
hbm:bomb_caller:4, Airstrike Designator
hbm:crate_caller, Supply Drop Requester
hbm:meteor_remote, Meteorite Remote
hbm:anchor_remote, Recall Device
hbm:hazmat_helmet, Hazmat Helmet
hbm:hazmat_plate, Hazmat Chestplate
hbm:hazmat_legs, Hazmat Leggings
hbm:hazmat_boots, Hazmat Boots
hbm:hazmat_helmet_red, Advanced Hazmat Helmet
hbm:hazmat_plate_red, Advanced Hazmat Chestplate
hbm:hazmat_legs_red, Advanced Hazmat Leggings
hbm:hazmat_boots_red, Advanced Hazmat Boots
hbm:hazmat_helmet_grey, High-Performance Hazmat Helmet
hbm:hazmat_plate_grey, High-Performance Hazmat Chestplate
hbm:hazmat_legs_grey, High-Performance Hazmat Leggings
hbm:hazmat_boots_grey, High-Performance Hazmat Boots
hbm:liquidator_helmet, Liquidator Suit Helmet
hbm:liquidator_plate, Liquidator Suit Chestplate
hbm:liquidator_legs, Liquidator Suit Leggins
hbm:liquidator_boots, Liquidator Suit Boots
hbm:hazmat_paa_helmet, PaA Battle Hazmat Suit Helmet
hbm:hazmat_paa_plate, PaA Battle Hazmat Suit Chestplate
hbm:hazmat_paa_legs, PaA Battle Hazmat Suit Leggings
hbm:hazmat_paa_boots, PaA Battle Hazmat Suit Boots
hbm:paa_helmet, PaA Helmet Protection
hbm:paa_plate, PaA Chest Protection Plate
hbm:paa_legs, PaA Leg Reinforcements
hbm:paa_boots, PaA "good ol' shoes"
hbm:australium_iii, Mark III Life Extender
hbm:armor_battery, Power Armor Battery Pack
hbm:armor_battery_mk2, Power Armor Battery Pack Mk2
hbm:armor_battery_mk3, Power Armor Battery Pack Mk3
hbm:asbestos_helmet, Fire Proximity Helmet
hbm:asbestos_plate, Fire Proximity Chestplate
hbm:asbestos_legs, Fire Proximity Leggings
hbm:asbestos_boots, Fire Proximity Boots
hbm:euphemium_helmet, Euphemium Helmet
hbm:euphemium_plate, Euphemium Chestplate
hbm:euphemium_legs, Euphemium Leggings
hbm:euphemium_boots, Euphemium Boots
hbm:jackt, Damn Stylish Ballistic Jacket
hbm:jackt2, Damn Stylish Ballistic Jacket 2: Tokyo Drift
hbm:chainsaw, Chainsaw
hbm:steel_helmet, Steel Helmet
hbm:steel_plate, Steel Chestplate
hbm:steel_legs, Steel Leggings
hbm:steel_boots, Steel Boots
hbm:titanium_helmet, Titanium Helmet
hbm:titanium_plate, Titanium Chestplate
hbm:titanium_legs, Titanium Leggings
hbm:titanium_boots, Titanium Boots
hbm:alloy_helmet, Advanced Alloy Helmet
hbm:alloy_plate, Advanced Alloy Chestplate
hbm:alloy_legs, Advanced Alloy Leggings
hbm:alloy_boots, Advanced Alloy Boots
hbm:cobalt_helmet, Cobalt Helmet
hbm:cobalt_plate, Cobalt Chestplate
hbm:cobalt_legs, Cobalt Leggings
hbm:cobalt_boots, Cobalt Boots
hbm:security_helmet, Security Helmet
hbm:security_plate, Security Chestplate
hbm:security_legs, Security Leggings
hbm:security_boots, Security Boots
hbm:starmetal_helmet, Starmetal Helmet
hbm:starmetal_plate, Starmetal Chestplate
hbm:starmetal_legs, Starmetal Leggings
hbm:starmetal_boots, Starmetal Boots
hbm:robes_helmet, Casual Hoodie
hbm:robes_plate, Casual Sweater
hbm:robes_legs, Casual Pants
hbm:robes_boots, Field Boots
hbm:zirconium_legs, Zirconium Pants
hbm:dnt_helmet, dinotroniumu helmet
hbm:dnt_plate, dineutrom chestplate
hbm:dnt_legs, dineuterium legs
hbm:dnt_boots, dienautronium boots
hbm:cmb_helmet, CMB Steel Helmet
hbm:cmb_plate, CMB Steel Chestplate
hbm:cmb_legs, CMB Steel Leggings
hbm:cmb_boots, CMB Steel Boots
hbm:schrabidium_helmet, Schrabidium Helmet
hbm:schrabidium_plate, Schrabidium Chestplate
hbm:schrabidium_legs, Schrabidium Leggings
hbm:schrabidium_boots, Schrabidium Boots
hbm:t51_helmet, T-51b Power Armor Helmet
hbm:t51_plate, T-51b Power Armor Chestplate
hbm:t51_legs, T-51b Power Armor Leggings
hbm:t51_boots, T-51b Power Armor Boots
hbm:steamsuit_helmet, Steam Suit Respirator Helmet
hbm:steamsuit_plate, Steam Suit Chestplate
hbm:steamsuit_legs, Steam Suit Leggings
hbm:steamsuit_boots, Steam Suit Boots
hbm:trenchmaster_helmet, Trenchmaster's Helmet
hbm:trenchmaster_plate, Trenchmaster's Chestplate
hbm:trenchmaster_legs, Trenchmaster's Leggings
hbm:trenchmaster_boots, Trenchmaster's Boots
hbm:taurun_helmet, Taurun Helmet
hbm:taurun_plate, Taurun Chestplate
hbm:taurun_legs, Taurun Leggings
hbm:taurun_boots, Taurun Boots
hbm:bismuth_helmet, Bismuth Headdress
hbm:bismuth_plate, Bismuth Shoulderpads, Necklace & Loincloth
hbm:bismuth_legs, Bismuth Kneeguards
hbm:bismuth_boots, Bismuth Sandals
hbm:envsuit_helmet, M1TTY Environment Suit Helmet
hbm:envsuit_plate, M1TTY Environment Suit Chestplate
hbm:envsuit_legs, M1TTY Environment Suit Leggings
hbm:envsuit_boots, M1TTY Environment Suit Boots
hbm:dieselsuit_helmet, Diesel-Powered Head-Mounted Environmental Sensor
hbm:dieselsuit_plate, Diesel-Powered Cybernetics
hbm:dieselsuit_legs, Diesel-Powered Leg Servos
hbm:dieselsuit_boots, Diesel-Powered High Heels
hbm:ajr_helmet, Steel Ranger Helmet
hbm:ajr_plate, Steel Ranger Chestplate
hbm:ajr_legs, Steel Ranger Leggings
hbm:ajr_boots, Steel Ranger Boots
hbm:ajro_helmet, AJR Power Armor Helmet
hbm:ajro_plate, AJR Power Armor Chestplate
hbm:ajro_legs, AJR Power Armor Leggings
hbm:ajro_boots, AJR Power Armor Boots
hbm:hev_helmet, HEV Mark IV Helmet
hbm:hev_plate, HEV Mark IV Chestplate
hbm:hev_legs, HEV Mark IV Leggings
hbm:hev_boots, HEV Mark IV Boots
hbm:bj_helmet, Eyepatch with Thermal Sensor
hbm:bj_plate, Lunar Cybernetic Plating
hbm:bj_plate_jetpack, Lunar Cybernetic Plating (Winged)
hbm:bj_legs, Lunar Cybernetic Leg Replacements
hbm:bj_boots, Lunar Studded Boots
hbm:rpa_helmet, Remnants Power Armor Helmet
hbm:rpa_plate, Remnants Power Armor Chestplate
hbm:rpa_legs, Remnants Power Armor Leggings
hbm:rpa_boots, Remnants Power Armor Boots
hbm:fau_helmet, Fau Helmet
hbm:fau_plate, Fau Chestplate
hbm:fau_legs, Fau Leggins
hbm:fau_boots, Fau Boots
hbm:dns_helmet, DNT Nano Suit Helmet
hbm:dns_plate, DNT Nano Suit Chestplate
hbm:dns_legs, DNT Nano Suit Leggings
hbm:dns_boots, DNT Nano Suit Boots
hbm:goggles, Protection Goggles
hbm:ashglasses, Ash Goggles
hbm:mask_rag, Crude Protective Mask
hbm:mask_damp, Crude Protective Mask
hbm:mask_piss, Trench Mask
hbm:gas_mask, Gas Mask
hbm:gas_mask_m65, M65-Z Gas Mask
hbm:gas_mask_mono, Half Mask
hbm:gas_mask_olde, Leather Gas Mask
hbm:nossy_hat, Fabulous Hat
hbm:no9, Mining Helmet
hbm:beta, Beta Features
hbm:jetpack_fly, Jetpack
hbm:jetpack_break, Builder's Jetpack
hbm:jetpack_vector, Vectored Jetpack
hbm:jetpack_boost, Boostpack
hbm:jetpack_glider, Glider Jetpack
hbm:wings_murk, Murky Wings
hbm:wings_limp, Limp Wings
hbm:cape_radiation, Cape (Radiation)
hbm:cape_gasmask, Cape (Gas Mask)
hbm:cape_schrabidium, Cape (Schrabidic)
hbm:schrabidium_hammer, Schrabidium Hammer
hbm:shimmer_sledge, Shimmer Sledge
hbm:shimmer_axe, Shimmer Axe
hbm:ullapool_caber, Ullapool Caber
hbm:euphemium_stopper, Stopper
hbm:matchstick, Matchstick
hbm:balefire_and_steel, Balefire and Steel
hbm:wrench, Pipe Wrench
hbm:wrench_flipped, Blade on a Wrench
hbm:memespoon, §eMarket Gardener
hbm:wood_gavel, Wooden Gavel
hbm:lead_gavel, Leaden Gavel
hbm:diamond_gavel, Diamond Gavel
hbm:multitool_hit, Power Fist (Fist)
hbm:multitool_dig, Power Fist (Digging Claw)
hbm:multitool_silk, Power Fist (Silk Touch Claw)
hbm:multitool_ext, Power Fist (Ore Extractor)
hbm:multitool_miner, Power Fist (Extracting Mining Laser)
hbm:multitool_beam, Power Fist (Zapper)
hbm:multitool_sky, Power Fist (Crack the Sky)
hbm:multitool_mega, Power Fist (Super Punch)
hbm:multitool_joule, Power Fist (Giga Joule)
hbm:multitool_decon, Power Fist (Decontaminator)
hbm:gun_b92, §9B92 Energy Pistol§r
hbm:gun_b93, §cB93 Energy Mod§r
hbm:gun_supershotgun, Super Shotgun
hbm:gun_jshotgun, Occult Shotgun
hbm:gun_vortex, Vortex
hbm:gun_egon, Gluon Gun
hbm:gun_moist_nugget, Mosin-Nagant
hbm:crucible, Crucible
hbm:hs_sword, Ultrahard Steel Sword
hbm:hf_sword, High Frequency Sword
hbm:stick_dynamite, Stick of Dynamite
hbm:stick_dynamite_fishing, Stick of Fishing Dynamite
hbm:stick_tnt, Stick of TNT
hbm:stick_semtex, Stick of Semtex
hbm:stick_c4, Stick of C-4
hbm:ingot_steel, Steel Ingot
hbm:ingot_titanium, Titanium Ingot
hbm:ingot_copper, Industrial Grade Copper
hbm:ingot_red_copper, Minecraft Grade Copper
hbm:ingot_advanced_alloy, Advanced Alloy Ingot
hbm:ingot_tungsten, Tungsten Ingot
hbm:ingot_aluminium, Aluminium Ingot
hbm:ingot_beryllium, Beryllium Ingot
hbm:ingot_lead, Lead Ingot
hbm:ingot_asbestos, Asbestos Sheet
hbm:ingot_magnetized_tungsten, Magnetized Tungsten Ingot
hbm:ingot_combine_steel, CMB Steel Ingot
hbm:ingot_dura_steel, High-Speed Steel Ingot
hbm:ingot_technetium, Technetium-99 Ingot
hbm:ingot_tcalloy, Technetium Steel Ingot
hbm:ingot_cdalloy, Cadmium Steel Ingot
hbm:ingot_polymer, Polymer Bar
hbm:ingot_bakelite, Bakelite Bar
hbm:ingot_rubber, Rubber Bar
hbm:ingot_biorubber, Latex Bar
hbm:ingot_pc, Hard Plastic Bar
hbm:ingot_pvc, PVC Bar
hbm:ingot_desh, Desh Ingot
hbm:ingot_saturnite, Saturnite Ingot
hbm:ingot_ferrouranium, Ferrouranium Ingot
hbm:ingot_starmetal, §9Starmetal Ingot§r
hbm:ingot_osmiridium, Osmiridium Ingot
hbm:ingot_euphemium, Euphemium Ingot
hbm:ingot_dineutronium, Dineutronium Ingot
hbm:ingot_cadmium, Cadmium Ingot
hbm:ingot_bismuth, Bismuth Ingot
hbm:ingot_arsenic, Arsenic Ingot
hbm:ingot_zirconium, Zirconium Cube
hbm:ingot_bismuth_bronze, Bismuth Bronze Ingot
hbm:ingot_arsenic_bronze, Arsenic Bronze Ingot
hbm:ingot_bscco, BSCCO Ingot
hbm:ingot_calcium, Calcium Ingot
hbm:ingot_silicon, Silicon Boule
hbm:ingot_gunmetal, Gunmetal Ingot
hbm:ingot_weaponsteel, Weapon Steel Ingot
hbm:ingot_cft, Crystalline Fullerite
hbm:ingot_th232, Thorium-232 Ingot
hbm:ingot_uranium, Uranium Ingot
hbm:ingot_u233, Uranium-233 Ingot
hbm:ingot_u235, Uranium-235 Ingot
hbm:ingot_u238, Uranium-238 Ingot
hbm:ingot_u238m2:0, Metastable Uranium-238M2 Ingot
hbm:ingot_plutonium, Plutonium Ingot
hbm:ingot_pu238, Plutonium-238 Ingot
hbm:ingot_pu239, Plutonium-239 Ingot
hbm:ingot_pu240, Plutonium-240 Ingot
hbm:ingot_pu241, Plutonium-241 Ingot
hbm:ingot_pu_mix, Reactor Grade Plutonium Ingot
hbm:ingot_am241, Americium-241 Ingot
hbm:ingot_am242, Americium-242 Ingot
hbm:ingot_am_mix, Reactor Grade Americium Ingot
hbm:ingot_schraranium, Schraranium Ingot
hbm:ingot_schrabidium, Schrabidium Ingot
hbm:ingot_schrabidate, Ferric Schrabidate Ingot
hbm:ingot_solinium, Solinium Ingot
hbm:ingot_mud, Solid Mud Brick
hbm:ingot_thorium_fuel, Ingot of Thorium Fuel
hbm:ingot_uranium_fuel, Ingot of Uranium Fuel
hbm:ingot_mox_fuel, Ingot of MOX Fuel
hbm:ingot_plutonium_fuel, Ingot of Plutonium Fuel
hbm:ingot_neptunium_fuel, Neptunium Fuel Ingot
hbm:ingot_americium_fuel, Ingot of Americium Fuel
hbm:ingot_les, Low Enriched Schrabidium Fuel Ingot
hbm:ingot_schrabidium_fuel, Ingot of Schrabidium Fuel
hbm:ingot_hes, Highly Enriched Schrabidium Fuel Ingot
hbm:ingot_neptunium, Neptunium Ingot
hbm:ingot_tennessine, Tennessine-294 Ingot
hbm:ingot_polonium, Polonium-210 Ingot
hbm:ingot_phosphorus, Bar of White Phosphorus
hbm:ingot_boron, Boron Ingot
hbm:ingot_graphite, Graphite Ingot
hbm:ingot_fiberglass, Fiberglass Bar
hbm:ingot_smore, S'more Ingot
hbm:ingot_niobium, Niobium Ingot
hbm:ingot_actinium, Actinium-227 Ingot
hbm:ingot_bromine, Bromine Ingot
hbm:ingot_caesium, Caesium Ingot
hbm:ingot_cerium, Cerium Ingot
hbm:ingot_lanthanium, Semi-Stable Lanthanium Ingot
hbm:ingot_tantalium, Tantalium Ingot
hbm:ingot_astatine, Astatine Ingot
hbm:ingot_firebrick, Firebrick
hbm:ingot_cobalt, Cobalt Ingot
hbm:ingot_co60, Cobalt-60 Ingot
hbm:ingot_sr90, Strontium-90 Ingot
hbm:ingot_iodine, Iodine Ingot
hbm:ingot_i131, Iodine-131 Ingot
hbm:ingot_au198, Gold-198 Ingot
hbm:ingot_pb209, Lead-209 Ingot
hbm:ingot_ra226, Radium-226 Ingot
hbm:ingot_gh336, Ghiorsium-336 Ingot
hbm:ingot_electronium:0, Electronium Ingot
hbm:ingot_reiium, Reiium Ingot
hbm:ingot_weidanium, Weidanium Ingot
hbm:ingot_australium, Australium Ingot
hbm:ingot_verticium, Verticium Ingot
hbm:ingot_unobtainium, Unobtainium Ingot
hbm:ingot_daffergon, Daffergon Ingot
hbm:ingot_steel_dusted:0, Dusted Steel Ingot
hbm:ingot_chainsteel, Heavy Chainsteel
hbm:ingot_meteorite, Meteorite Ingot
hbm:ingot_meteorite_forged, Forged Meteorite Ingot
hbm:blade_meteorite, Meteorite Blade
hbm:billet_cobalt, Cobalt Billet
hbm:billet_silicon, Silicon Wafer
hbm:billet_th232, Thorium-232 Billet
hbm:billet_uranium, Uranium Billet
hbm:billet_u233, Uranium-233 Billet
hbm:billet_u235, Uranium-235 Billet
hbm:billet_u238, Uranium-238 Billet
hbm:billet_plutonium, Plutonium Billet
hbm:billet_pu238, Plutonium-238 Billet
hbm:billet_pu239, Plutonium-239 Billet
hbm:billet_pu240, Plutonium-240 Billet
hbm:billet_pu241, Plutonium-241 Billet
hbm:billet_pu_mix, Reactor Grade Plutonium Billet
hbm:billet_am241, Americium-241 Billet
hbm:billet_am242, Americium-242 Billet
hbm:billet_am_mix, Reactor Grade Americium Billet
hbm:billet_neptunium, Neptunium Billet
hbm:billet_polonium, Polonium-210 Billet
hbm:billet_technetium, Technetium-99 Billet
hbm:billet_co60, Cobalt-60 Billet
hbm:billet_sr90, Strontium-90 Billet
hbm:billet_au198, Gold-198 Billet
hbm:billet_pb209, Lead-209 Billet
hbm:billet_ra226, Radium-226 Billet
hbm:billet_actinium, Actinium-227 Billet
hbm:billet_gh336, Ghiorsium-336 Billet
hbm:billet_beryllium, Beryllium Billet
hbm:billet_bismuth, Bismuth Billet
hbm:billet_zirconium, Zirconium Billet
hbm:billet_zfb_bismuth, Bismuth ZFB Billet
hbm:billet_zfb_pu241, Pu-241 ZFB Billet
hbm:billet_zfb_am_mix, Reactor Grade Americium ZFB Billet
hbm:billet_schrabidium, Schrabidium Billet
hbm:billet_solinium, Solinium Billet
hbm:billet_thorium_fuel, Thorium Fuel Billet
hbm:billet_uranium_fuel, Uranium Fuel Billet
hbm:billet_mox_fuel, MOX Fuel Billet
hbm:billet_plutonium_fuel, Plutonium Fuel Billet
hbm:billet_neptunium_fuel, Neptunium Fuel Billet
hbm:billet_americium_fuel, Americium Fuel Billet
hbm:billet_les, Low Enriched Schrabidium Fuel Billet
hbm:billet_schrabidium_fuel, Schrabidium Fuel Billet
hbm:billet_hes, Highly Enriched Schrabidium Fuel Billet
hbm:billet_po210be, Po210Be Billet
hbm:billet_ra226be, Ra226Be Billet
hbm:billet_pu238be, Pu238Be Billet
hbm:billet_australium, Australium Billet
hbm:billet_australium_lesser, Lesser Australium Billet
hbm:billet_australium_greater, Greater Australium Billet
hbm:billet_unobtainium, Unobtainium Neutron Billet
hbm:billet_yharonite, Yharonite Billet
hbm:billet_balefire_gold, Flashgold Billet
hbm:billet_flashlead, Flashlead Billet
hbm:billet_nuclear_waste, Nuclear Waste Billet
hbm:bio_wafer, Algae Wafer
hbm:nugget_uranium, Uranium Nugget
hbm:nugget_u233, Uranium-233 Nugget
hbm:nugget_u235, Uranium-235 Nugget
hbm:nugget_u238, Uranium-238 Nugget
hbm:nugget_u238m2:0, Metastable U238-2 Nugget
hbm:nugget_plutonium, Plutonium Nugget
hbm:nugget_pu238, Plutonium-238 Nugget
hbm:nugget_pu239, Plutonium-239 Nugget
hbm:nugget_pu240, Plutonium-240 Nugget
hbm:nugget_th232, Thorium-232 Nugget
hbm:nugget_pu241, Plutonium-241 Nugget
hbm:nugget_pu_mix, Reactor Grade Plutonium Nugget
hbm:nugget_am241, Americium-241 Nugget
hbm:nugget_am242, Americium-242 Nugget
hbm:nugget_am_mix, Reactor Grade Americium Nugget
hbm:nugget_technetium, Technetium-99 Nugget
hbm:nugget_neptunium, Neptunium Nugget
hbm:nugget_polonium, Polonium-210 Nugget
hbm:nugget_thorium_fuel, Nugget of Thorium Fuel
hbm:nugget_uranium_fuel, Nugget of Uranium Fuel
hbm:nugget_mox_fuel, Nugget of MOX Fuel
hbm:nugget_plutonium_fuel, Nugget of Plutonium Fuel
hbm:nugget_neptunium_fuel, Neptunium Fuel Nugget
hbm:nugget_americium_fuel, Americium Fuel Nugget
hbm:nugget_les, Low Enriched Schrabidium Fuel Nugget
hbm:nugget_schrabidium_fuel, Nugget of Schrabidium Fuel
hbm:nugget_hes, Highly Enriched Schrabidium Fuel Nugget
hbm:nugget_lead, Lead Nugget
hbm:nugget_beryllium, Beryllium Nugget
hbm:nugget_cadmium, Cadmium Nugget
hbm:nugget_bismuth, Bismuth Nugget
hbm:nugget_arsenic, Arsenic Nugget
hbm:nugget_zirconium, Zirconium Splinter
hbm:nugget_tantalium, Tantalium Nugget
hbm:nugget_desh, Desh Nugget
hbm:nugget_osmiridium, Osmiridium Nugget
hbm:nugget_schrabidium, Schrabidium Nugget
hbm:nugget_solinium, Solinium Nugget
hbm:nugget_euphemium, Euphemium Nugget
hbm:nugget_dineutronium, Dineutronium Nugget
hbm:nugget_niobium, Niobium Nugget
hbm:nugget_silicon, Silicon Nugget
hbm:nugget_actinium, Actinium-227 Nugget
hbm:nugget_cobalt, Cobalt Nugget
hbm:nugget_co60, Cobalt-60 Nugget
hbm:nugget_strontium, Strontium Nugget
hbm:nugget_sr90, Strontium-90 Nugget
hbm:nugget_pb209, Lead-209 Nugget
hbm:nugget_gh336, Ghiorsium-336 Nugget
hbm:nugget_au198, Gold-198 Nugget
hbm:nugget_ra226, Radium-226 Nugget
hbm:nugget_reiium, Reiium Nugget
hbm:nugget_weidanium, Weidanium Nugget
hbm:nugget_australium, Australium Nugget
hbm:nugget_australium_lesser, Lesser Australium Nugget
hbm:nugget_australium_greater, Greater Australium Nugget
hbm:nugget_verticium, Verticium Nugget
hbm:nugget_unobtainium, Unobtainium Nugget
hbm:nugget_unobtainium_lesser, Unobtainium-439 Nugget
hbm:nugget_unobtainium_greater, Unobtainium-440 Nugget
hbm:nugget_daffergon, Daffergon Nugget
hbm:nugget_mercury, Drop of Mercury
hbm:nugget_mercury_tiny, Tiny Drop of Mercury
hbm:bottle_mercury, Bottle of Mercury
hbm:powder_iron, Iron Powder
hbm:powder_gold, Gold Powder
hbm:powder_diamond, Diamond Powder
hbm:powder_emerald, Emerald Powder
hbm:powder_lapis, Lapis Lazuli Powder
hbm:powder_titanium, Titanium Powder
hbm:powder_tungsten, Tungsten Powder
hbm:powder_sodium, Sodium
hbm:powder_chlorocalcite, Chlorocalcite
hbm:powder_molysite, Molysite
hbm:powder_copper, Copper Powder
hbm:powder_beryllium, Beryllium Powder
hbm:powder_aluminium, Aluminium Powder
hbm:powder_lead, Lead Powder
hbm:powder_advanced_alloy, Advanced Alloy Powder
hbm:powder_combine_steel, CMB Steel Powder
hbm:powder_tcalloy, Technetium Steel Powder
hbm:powder_cdalloy, Cadmium Steel Powder
hbm:powder_magnetized_tungsten, Magnetized Tungsten Powder
hbm:powder_chlorophyte, Chlorophyte Powder
hbm:powder_red_copper, Red Copper Powder
hbm:powder_steel, Steel Powder
hbm:powder_steel_tiny, Tiny Pile of Steel Powder
hbm:powder_lithium, Lithium Powder
hbm:powder_lithium_tiny, Tiny Pile of Lithium Powder
hbm:redstone_depleted, Desaturated Redstone Dust
hbm:powder_quartz, Quartz Powder
hbm:powder_borax, Borax
hbm:powder_dura_steel, High-Speed Steel Powder
hbm:powder_polymer, Polymer Powder
hbm:powder_bakelite, Bakelite Powder
hbm:powder_lanthanium, Lanthanium Powder
hbm:powder_lanthanium_tiny, Tiny Pile of Lanthanium Powder
hbm:powder_actinium, Actinium Powder
hbm:powder_actinium_tiny, Tiny Pile of Actinium Powder
hbm:powder_boron, Boron Powder
hbm:powder_boron_tiny, Tiny Pile of Boron Powder
hbm:powder_semtex_mix, Semtex Blend
hbm:powder_desh, Desh Powder
hbm:powder_zirconium, Zirconium Powder
hbm:powder_lignite, Lignite Powder
hbm:powder_asbestos, Asbestos Powder
hbm:powder_cadmium, Cadmium Powder
hbm:powder_bismuth, Bismuth Powder
hbm:powder_coal, Coal Powder
hbm:powder_coal_tiny, Tiny Pile of Coal Powder
hbm:powder_yellowcake, Yellowcake
hbm:powder_thorium, Thorium Powder
hbm:powder_uranium, Uranium Powder
hbm:powder_plutonium, Plutonium Powder
hbm:powder_neptunium, Neptunium Powder
hbm:powder_polonium, Polonium-210 Powder
hbm:powder_schrabidium, Schrabidium Powder
hbm:powder_schrabidate, Ferric Schrabidate Powder
hbm:powder_euphemium, Euphemium Powder
hbm:powder_dineutronium, Dineutronium Powder
hbm:powder_iodine, Iodine Powder
hbm:powder_iodine_tiny, Tiny Pile of Iodine Powder
hbm:powder_astatine, Astatine Powder
hbm:powder_neodymium, Neodymium Powder
hbm:powder_neodymium_tiny, Tiny Pile of Neodymium Powder
hbm:powder_caesium, Caesium Powder
hbm:powder_reiium, Reiium Powder
hbm:powder_weidanium, Weidanium Powder
hbm:powder_australium, Australium Powder
hbm:powder_verticium, Verticium Powder
hbm:powder_unobtainium, Unobtainium Powder
hbm:powder_daffergon, Daffergon Powder
hbm:powder_strontium, Strontium Powder
hbm:powder_cobalt, Cobalt Powder
hbm:powder_cobalt_tiny, Tiny Pile of Cobalt Powder
hbm:powder_bromine, Bromine Powder
hbm:powder_niobium, Niobium Powder
hbm:powder_niobium_tiny, Tiny Pile of Niobium Powder
hbm:powder_tantalium, Tantalium Powder
hbm:powder_tennessine, Tennessine Powder
hbm:powder_cerium, Cerium Powder
hbm:powder_cerium_tiny, Tiny Pile of Cerium Powder
hbm:powder_calcium, Calcium Powder
hbm:powder_ice, Cryo Powder
hbm:powder_limestone, Limestone Powder
hbm:powder_desh_mix, Desh Blend
hbm:powder_desh_ready, DeshReady™ Blend
hbm:powder_nitan_mix, Nitanium Blend
hbm:powder_spark_mix, Spark Blend
hbm:powder_fire, Red Phosphorus
hbm:powder_meteorite, Meteorite Powder
hbm:powder_meteorite_tiny, Tiny Pile of Meteorite Powder
hbm:powder_flux, Flux
hbm:powder_fertilizer, Industrial Fertilizer
hbm:powder_tektite, Tektite Powder
hbm:powder_paleogenite_tiny, Tiny Pile of Paleogenite Powder
hbm:powder_paleogenite, Paleogenite Powder
hbm:powder_impure_osmiridium, Impure Osmiridium Powder
hbm:powder_osmiridium, Osmiridium Powder
hbm:powder_magic, Pulverized Enchantment
hbm:powder_cloud, Cloud Residue
hbm:powder_balefire, Thermonuclear Ashes
hbm:powder_sawdust, Sawdust
hbm:powder_coltan_ore, Crushed Coltan
hbm:powder_coltan, Purified Tantalite
hbm:powder_poison, Poison Powder
hbm:powder_thermite, Thermite
hbm:powder_power, Energy Powder
hbm:powder_co60, Cobalt-60 Powder
hbm:powder_co60_tiny, Tiny Pile of Cobalt-60 Powder
hbm:powder_sr90, Strontium-90 Powder
hbm:powder_sr90_tiny, Tiny Pile of Strontium-90 Powder
hbm:powder_at209, Astatine-209 Powder
hbm:powder_at209_tiny, Tiny Pile of Astatine-209 Powder
hbm:powder_pb209, Lead-209 Powder
hbm:powder_pb209_tiny, Tiny Pile of Lead-209 Powder
hbm:powder_i131, Iodine-131 Powder
hbm:powder_i131_tiny, Tiny Pile of Iodine-131 Powder
hbm:powder_cs137, Caesium-137 Powder
hbm:powder_cs137_tiny, Tiny Pile of Caesium-137 Powder
hbm:powder_xe135, Xenon-135 Powder
hbm:powder_xe135_tiny, Tiny Pile of Xenon-135 Powder
hbm:powder_au198, Gold-198 Powder
hbm:powder_au198_tiny, Tiny Pile of Gold-198 Powder
hbm:powder_ra226, Radium-226 Powder
hbm:sulfur, Sulfur
hbm:nitra, Nitra
hbm:nitra_small, Small Pile of Nitra
hbm:niter, Niter
hbm:fluorite, Fluorite
hbm:lithium, Lithium Cube
hbm:ingot_semtex, Bar of Semtex
hbm:ingot_c4, Bar of Composition C-4
hbm:trinitite, Trinitite
hbm:nuclear_waste_long:0, Long-Lived Nuclear Waste
hbm:nuclear_waste_long:1, Long-Lived Nuclear Waste
hbm:nuclear_waste_long:2, Long-Lived Nuclear Waste
hbm:nuclear_waste_long:3, Long-Lived Nuclear Waste
hbm:nuclear_waste_long:4, Long-Lived Nuclear Waste
hbm:nuclear_waste_long_tiny:0, Tiny Pile of Long-Lived Nuclear Waste
hbm:nuclear_waste_long_tiny:1, Tiny Pile of Long-Lived Nuclear Waste
hbm:nuclear_waste_long_tiny:2, Tiny Pile of Long-Lived Nuclear Waste
hbm:nuclear_waste_long_tiny:3, Tiny Pile of Long-Lived Nuclear Waste
hbm:nuclear_waste_long_tiny:4, Tiny Pile of Long-Lived Nuclear Waste
hbm:nuclear_waste_short:0, Short-Lived Nuclear Waste
hbm:nuclear_waste_short:1, Short-Lived Nuclear Waste
hbm:nuclear_waste_short:2, Short-Lived Nuclear Waste
hbm:nuclear_waste_short:3, Short-Lived Nuclear Waste
hbm:nuclear_waste_short:4, Short-Lived Nuclear Waste
hbm:nuclear_waste_short:5, Short-Lived Nuclear Waste
hbm:nuclear_waste_short:6, Short-Lived Nuclear Waste
hbm:nuclear_waste_short:7, Short-Lived Nuclear Waste
hbm:nuclear_waste_short:8, Short-Lived Nuclear Waste
hbm:nuclear_waste_short:9, Short-Lived Nuclear Waste
hbm:nuclear_waste_short:10, Short-Lived Nuclear Waste
hbm:nuclear_waste_short:11, Short-Lived Nuclear Waste
hbm:nuclear_waste_short_tiny:0, Tiny Pile of Short-Lived Nuclear Waste
hbm:nuclear_waste_short_tiny:1, Tiny Pile of Short-Lived Nuclear Waste
hbm:nuclear_waste_short_tiny:2, Tiny Pile of Short-Lived Nuclear Waste
hbm:nuclear_waste_short_tiny:3, Tiny Pile of Short-Lived Nuclear Waste
hbm:nuclear_waste_short_tiny:4, Tiny Pile of Short-Lived Nuclear Waste
hbm:nuclear_waste_short_tiny:5, Tiny Pile of Short-Lived Nuclear Waste
hbm:nuclear_waste_short_tiny:6, Tiny Pile of Short-Lived Nuclear Waste
hbm:nuclear_waste_short_tiny:7, Tiny Pile of Short-Lived Nuclear Waste
hbm:nuclear_waste_short_tiny:8, Tiny Pile of Short-Lived Nuclear Waste
hbm:nuclear_waste_short_tiny:9, Tiny Pile of Short-Lived Nuclear Waste
hbm:nuclear_waste_short_tiny:10, Tiny Pile of Short-Lived Nuclear Waste
hbm:nuclear_waste_short_tiny:11, Tiny Pile of Short-Lived Nuclear Waste
hbm:nuclear_waste_long_depleted:0, Decayed Long-Lived Nuclear Waste
hbm:nuclear_waste_long_depleted:1, Decayed Long-Lived Nuclear Waste
hbm:nuclear_waste_long_depleted:2, Decayed Long-Lived Nuclear Waste
hbm:nuclear_waste_long_depleted:3, Decayed Long-Lived Nuclear Waste
hbm:nuclear_waste_long_depleted:4, Decayed Long-Lived Nuclear Waste
hbm:nuclear_waste_long_depleted_tiny:0, Tiny Pile of Decayed Long-Lived Nuclear Waste
hbm:nuclear_waste_long_depleted_tiny:1, Tiny Pile of Decayed Long-Lived Nuclear Waste
hbm:nuclear_waste_long_depleted_tiny:2, Tiny Pile of Decayed Long-Lived Nuclear Waste
hbm:nuclear_waste_long_depleted_tiny:3, Tiny Pile of Decayed Long-Lived Nuclear Waste
hbm:nuclear_waste_long_depleted_tiny:4, Tiny Pile of Decayed Long-Lived Nuclear Waste
hbm:nuclear_waste_short_depleted:0, Decayed Short-Lived Nuclear Waste
hbm:nuclear_waste_short_depleted:1, Decayed Short-Lived Nuclear Waste
hbm:nuclear_waste_short_depleted:2, Decayed Short-Lived Nuclear Waste
hbm:nuclear_waste_short_depleted:3, Decayed Short-Lived Nuclear Waste
hbm:nuclear_waste_short_depleted:4, Decayed Short-Lived Nuclear Waste
hbm:nuclear_waste_short_depleted:5, Decayed Short-Lived Nuclear Waste
hbm:nuclear_waste_short_depleted:6, Decayed Short-Lived Nuclear Waste
hbm:nuclear_waste_short_depleted:7, Decayed Short-Lived Nuclear Waste
hbm:nuclear_waste_short_depleted:8, Decayed Short-Lived Nuclear Waste
hbm:nuclear_waste_short_depleted:9, Decayed Short-Lived Nuclear Waste
hbm:nuclear_waste_short_depleted:10, Decayed Short-Lived Nuclear Waste
hbm:nuclear_waste_short_depleted:11, Decayed Short-Lived Nuclear Waste
hbm:nuclear_waste_short_depleted_tiny:0, Tiny Pile of Decayed Short-Lived Nuclear Waste
hbm:nuclear_waste_short_depleted_tiny:1, Tiny Pile of Decayed Short-Lived Nuclear Waste
hbm:nuclear_waste_short_depleted_tiny:2, Tiny Pile of Decayed Short-Lived Nuclear Waste
hbm:nuclear_waste_short_depleted_tiny:3, Tiny Pile of Decayed Short-Lived Nuclear Waste
hbm:nuclear_waste_short_depleted_tiny:4, Tiny Pile of Decayed Short-Lived Nuclear Waste
hbm:nuclear_waste_short_depleted_tiny:5, Tiny Pile of Decayed Short-Lived Nuclear Waste
hbm:nuclear_waste_short_depleted_tiny:6, Tiny Pile of Decayed Short-Lived Nuclear Waste
hbm:nuclear_waste_short_depleted_tiny:7, Tiny Pile of Decayed Short-Lived Nuclear Waste
hbm:nuclear_waste_short_depleted_tiny:8, Tiny Pile of Decayed Short-Lived Nuclear Waste
hbm:nuclear_waste_short_depleted_tiny:9, Tiny Pile of Decayed Short-Lived Nuclear Waste
hbm:nuclear_waste_short_depleted_tiny:10, Tiny Pile of Decayed Short-Lived Nuclear Waste
hbm:nuclear_waste_short_depleted_tiny:11, Tiny Pile of Decayed Short-Lived Nuclear Waste
hbm:nuclear_waste, Nuclear Waste
hbm:nuclear_waste_tiny, Tiny Pile of Nuclear Waste
hbm:nuclear_waste_vitrified, Vitrified Nuclear Waste
hbm:nuclear_waste_vitrified_tiny, Tiny Pile of Vitrified Nuclear Waste
hbm:scrap_plastic:0, Plastic Scraps
hbm:scrap_plastic:1, Plastic Scraps
hbm:scrap_plastic:2, Plastic Scraps
hbm:scrap_plastic:3, Plastic Scraps
hbm:scrap_plastic:4, Plastic Scraps
hbm:scrap_plastic:5, Plastic Scraps
hbm:scrap_plastic:6, Plastic Scraps
hbm:scrap_plastic:7, Plastic Scraps
hbm:scrap_plastic:8, Plastic Scraps
hbm:scrap_plastic:9, Plastic Scraps
hbm:scrap_plastic:10, Plastic Scraps
hbm:scrap_plastic:11, Plastic Scraps
hbm:scrap_plastic:12, Plastic Scraps
hbm:scrap_plastic:13, Plastic Scraps
hbm:scrap_plastic:14, Plastic Scraps
hbm:scrap_plastic:15, Plastic Scraps
hbm:scrap_plastic:16, Plastic Scraps
hbm:scrap_plastic:17, Plastic Scraps
hbm:scrap_plastic:18, Plastic Scraps
hbm:scrap_plastic:19, Plastic Scraps
hbm:scrap_plastic:20, Plastic Scraps
hbm:scrap_plastic:21, Plastic Scraps
hbm:scrap_plastic:22, Plastic Scraps
hbm:scrap, Scrap
hbm:scrap_oil, Oily Scraps
hbm:scrap_nuclear, Radioactive Scraps
hbm:dust, Dust
hbm:dust_tiny, Tiny Pile of Dust
hbm:falloutitem, Pile of Fallout
hbm:containment_box, Containment Box
hbm:plastic_bag, Plastic Bag
hbm:ammo_bag, Ammo Bag
hbm:ammo_bag_infinite, Infinite Ammo Bag
hbm:casing_bag, Bullet Casing Bag
hbm:tritium_deuterium_cake, Tritium-Deuterium-Cake
hbm:pile_rod_uranium, Chicago Pile Uranium Rod
hbm:pile_rod_pu239, Chicago Pile Bred Uranium Rod
hbm:pile_rod_plutonium, Chicago Pile Plutonium Rod
hbm:pile_rod_source, Chicago Pile Ra226Be Neutron Source
hbm:pile_rod_boron, Chicago Pile Control Rod
hbm:pile_rod_lithium, Chicago Pile Lithium Cell
hbm:pile_rod_detector, Chicago Pile Control & Detector Rod
hbm:rod_empty, Empty Rod
hbm:rod_dual_empty, Empty Dual Rod
hbm:rod_quad_empty, Empty Quad Rod
hbm:rod_zirnox_empty, Empty ZIRNOX Rod
hbm:rod_zirnox_tritium, ZIRNOX Tritium Rod
hbm:rod_zirnox:0, ZIRNOX Natural Uranium Fuel Rod
hbm:rod_zirnox:1, ZIRNOX Uranium Fuel Rod
hbm:rod_zirnox:2, ZIRNOX Thorium-232 Rod
hbm:rod_zirnox:3, ZIRNOX Thorium Fuel Rod
hbm:rod_zirnox:4, ZIRNOX MOX Fuel Rod
hbm:rod_zirnox:5, ZIRNOX Plutonium Fuel Rod
hbm:rod_zirnox:6, ZIRNOX Uranium-233 Fuel Rod
hbm:rod_zirnox:7, ZIRNOX Uranium-235 Fuel Rod
hbm:rod_zirnox:8, ZIRNOX LES Fuel Rod
hbm:rod_zirnox:9, ZIRNOX Lithium Rod
hbm:rod_zirnox:10, ZIRNOX ZFB MOX Fuel Rod
hbm:rod_zirnox_depleted:0, Depleted ZIRNOX Natural Uranium Fuel Rod
hbm:rod_zirnox_depleted:1, Depleted ZIRNOX Uranium Fuel Rod
hbm:rod_zirnox_depleted:2, Depleted ZIRNOX Thorium Fuel Rod
hbm:rod_zirnox_depleted:3, Depleted ZIRNOX MOX Fuel Rod
hbm:rod_zirnox_depleted:4, Depleted ZIRNOX Plutonium Fuel Rod
hbm:rod_zirnox_depleted:5, Depleted ZIRNOX Uranium-233 Fuel Rod
hbm:rod_zirnox_depleted:6, Depleted ZIRNOX Uranium-235 Fuel Rod
hbm:rod_zirnox_depleted:7, Depleted ZIRNOX LES Fuel Rod
hbm:rod_zirnox_depleted:8, Depleted ZIRNOX ZFB MOX Fuel Rod
hbm:waste_natural_uranium:0, Depleted Natural Uranium Fuel
hbm:waste_natural_uranium:1, Depleted Natural Uranium Fuel
hbm:waste_uranium:0, Depleted Uranium Fuel
hbm:waste_uranium:1, Depleted Uranium Fuel
hbm:waste_thorium:0, Depleted Thorium Fuel
hbm:waste_thorium:1, Depleted Thorium Fuel
hbm:waste_mox:0, Depleted MOX Fuel
hbm:waste_mox:1, Depleted MOX Fuel
hbm:waste_plutonium:0, Depleted Plutonium Fuel
hbm:waste_plutonium:1, Depleted Plutonium Fuel
hbm:waste_u233:0, Depleted Uranium-233 Fuel
hbm:waste_u233:1, Depleted Uranium-233 Fuel
hbm:waste_u235:0, Depleted Uranium-235 Fuel
hbm:waste_u235:1, Depleted Uranium-235 Fuel
hbm:waste_schrabidium:0, Depleted Schrabidium Fuel
hbm:waste_schrabidium:1, Depleted Schrabidium Fuel
hbm:waste_zfb_mox:0, Depleted ZFB MOX Fuel
hbm:waste_zfb_mox:1, Depleted ZFB MOX Fuel
hbm:waste_plate_u233:0, Depleted HEU-233 Plate Fuel
hbm:waste_plate_u233:1, Depleted HEU-233 Plate Fuel
hbm:waste_plate_u235:0, Depleted HEU-235 Plate Fuel
hbm:waste_plate_u235:1, Depleted HEU-235 Plate Fuel
hbm:waste_plate_mox:0, Depleted MOX Plate Fuel
hbm:waste_plate_mox:1, Depleted MOX Plate Fuel
hbm:waste_plate_pu239:0, Depleted HEP-239 Plate Fuel
hbm:waste_plate_pu239:1, Depleted HEP-239 Plate Fuel
hbm:waste_plate_sa326:0, Depleted HES-326 Plate Fuel
hbm:waste_plate_sa326:1, Depleted HES-326 Plate Fuel
hbm:waste_plate_ra226be:0, Depleted Ra226Be Plate Fuel
hbm:waste_plate_ra226be:1, Depleted Ra226Be Plate Fuel
hbm:waste_plate_pu238be:0, Depleted Pu238Be Plate Fuel
hbm:waste_plate_pu238be:1, Depleted Pu238Be Plate Fuel
hbm:plate_fuel_u233, HEU-233 Plate Fuel
hbm:plate_fuel_u235, HEU-235 Plate Fuel
hbm:plate_fuel_mox, MOX Plate Fuel
hbm:plate_fuel_pu239, HEP-239 Plate Fuel
hbm:plate_fuel_sa326, HES-326 Plate Fuel
hbm:plate_fuel_ra226be, Ra226Be Plate Fuel
hbm:plate_fuel_pu238be, Pu238Be Plate Fuel
hbm:pwr_fuel:0, MEU PWR Fuel Rod
hbm:pwr_fuel:1, HEU-233 PWR Fuel Rod
hbm:pwr_fuel:2, HEU-235 PWR Fuel Rod
hbm:pwr_fuel:3, MEN PWR Fuel Rod
hbm:pwr_fuel:4, HEN-237 PWR Fuel Rod
hbm:pwr_fuel:5, MOX PWR Fuel Rod
hbm:pwr_fuel:6, MEP PWR Fuel Rod
hbm:pwr_fuel:7, HEP-239 PWR Fuel Rod
hbm:pwr_fuel:8, HEP-241 PWR Fuel Rod
hbm:pwr_fuel:9, MEA PWR Fuel Rod
hbm:pwr_fuel:10, HEA-242 PWR Fuel Rod
hbm:pwr_fuel:11, HES-326 PWR Fuel Rod
hbm:pwr_fuel:12, HES-327 PWR Fuel Rod
hbm:pwr_fuel:13, Fuel Grade Americium PWR BFB Rod
hbm:pwr_fuel:14, Plutonium-241 PWR BFB Rod
hbm:pwr_fuel_hot:0, Hot MEU PWR Fuel Rod
hbm:pwr_fuel_hot:1, Hot HEU-233 PWR Fuel Rod
hbm:pwr_fuel_hot:2, Hot HEU-235 PWR Fuel Rod
hbm:pwr_fuel_hot:3, Hot MEN PWR Fuel Rod
hbm:pwr_fuel_hot:4, Hot HEN-237 PWR Fuel Rod
hbm:pwr_fuel_hot:5, Hot MOX PWR Fuel Rod
hbm:pwr_fuel_hot:6, Hot MEP PWR Fuel Rod
hbm:pwr_fuel_hot:7, Hot HEP-239 PWR Fuel Rod
hbm:pwr_fuel_hot:8, Hot HEP-241 PWR Fuel Rod
hbm:pwr_fuel_hot:9, Hot MEA PWR Fuel Rod
hbm:pwr_fuel_hot:10, Hot HEA-242 PWR Fuel Rod
hbm:pwr_fuel_hot:11, Hot HES-326 PWR Fuel Rod
hbm:pwr_fuel_hot:12, Hot HES-327 PWR Fuel Rod
hbm:pwr_fuel_hot:13, Hot Fuel Grade Americium PWR BFB Rod
hbm:pwr_fuel_hot:14, Hot Plutonium-241 PWR BFB Rod
hbm:pwr_fuel_depleted:0, Depleted MEU PWR Fuel Rod
hbm:pwr_fuel_depleted:1, Depleted HEU-233 PWR Fuel Rod
hbm:pwr_fuel_depleted:2, Depleted HEU-235 PWR Fuel Rod
hbm:pwr_fuel_depleted:3, Depleted MEN PWR Fuel Rod
hbm:pwr_fuel_depleted:4, Depleted HEN-237 PWR Fuel Rod
hbm:pwr_fuel_depleted:5, Depleted MOX PWR Fuel Rod
hbm:pwr_fuel_depleted:6, Depleted MEP PWR Fuel Rod
hbm:pwr_fuel_depleted:7, Depleted HEP-239 PWR Fuel Rod
hbm:pwr_fuel_depleted:8, Depleted HEP-241 PWR Fuel Rod
hbm:pwr_fuel_depleted:9, Depleted MEA PWR Fuel Rod
hbm:pwr_fuel_depleted:10, Depleted HEA-242 PWR Fuel Rod
hbm:pwr_fuel_depleted:11, Depleted HES-326 PWR Fuel Rod
hbm:pwr_fuel_depleted:12, Depleted HES-327 PWR Fuel Rod
hbm:pwr_fuel_depleted:13, Depleted Fuel Grade Americium PWR BFB Rod
hbm:pwr_fuel_depleted:14, Depleted Plutonium-241 PWR BFB Rod
hbm:rod:0, Lithium Rod
hbm:rod:1, Tritium Rod
hbm:rod:2, Cobalt Rod
hbm:rod:3, Cobalt-60 Rod
hbm:rod:4, Thorium-232 Rod
hbm:rod:5, Thorium Fuel Rod
hbm:rod:6, Uranium-235 Rod
hbm:rod:7, Neptunium-237 Rod
hbm:rod:8, Uranium-238 Rod
hbm:rod:9, Plutonium-238 Rod
hbm:rod:10, Plutonium-239 Rod
hbm:rod:11, Reactor-Grade Plutonium Rod
hbm:rod:12, Nuclear Waste Rod
hbm:rod:13, Lead Rod
hbm:rod:14, Uranium Rod
hbm:rod:15, Radium-226 Rod
hbm:rod:16, Actinium-227 Rod
hbm:rod_dual:0, Lithium Dual Rod
hbm:rod_dual:1, Tritium Dual Rod
hbm:rod_dual:2, Cobalt Dual Rod
hbm:rod_dual:3, Cobalt-60 Dual Rod
hbm:rod_dual:4, Thorium-232 Dual Rod
hbm:rod_dual:5, Thorium Fuel Dual Rod
hbm:rod_dual:6, Uranium-235 Dual Rod
hbm:rod_dual:7, Neptunium-237 Dual Rod
hbm:rod_dual:8, Uranium-238 Dual Rod
hbm:rod_dual:9, Plutonium-238 Dual Rod
hbm:rod_dual:10, Plutonium-239 Dual Rod
hbm:rod_dual:11, Reactor-Grade Plutonium Dual Rod
hbm:rod_dual:12, Nuclear Waste Dual Rod
hbm:rod_dual:13, Lead Dual Rod
hbm:rod_dual:14, Uranium Dual Rod
hbm:rod_dual:15, Radium-226 Dual Rod
hbm:rod_dual:16, Actinium-227 Dual Rod
hbm:rod_quad:0, Lithium Quad Rod
hbm:rod_quad:1, Tritium Quad Rod
hbm:rod_quad:2, Cobalt Quad Rod
hbm:rod_quad:3, Cobalt-60 Quad Rod
hbm:rod_quad:4, Thorium-232 Quad Rod
hbm:rod_quad:5, Thorium Fuel Quad Rod
hbm:rod_quad:6, Uranium-235 Quad Rod
hbm:rod_quad:7, Neptunium-237 Quad Rod
hbm:rod_quad:8, Uranium-238 Quad Rod
hbm:rod_quad:9, Plutonium-238 Quad Rod
hbm:rod_quad:10, Plutonium-239 Quad Rod
hbm:rod_quad:11, Reactor-Grade Plutonium Quad Rod
hbm:rod_quad:12, Nuclear Waste Quad Rod
hbm:rod_quad:13, Lead Quad Rod
hbm:rod_quad:14, Uranium Quad Rod
hbm:rod_quad:15, Radium-226 Quad Rod
hbm:rod_quad:16, Actinium-227 Quad Rod
hbm:pellet_rtg_depleted:0, Decayed Bismuth RTG Pellet
hbm:pellet_rtg_depleted:1, Decayed Mercury RTG Pellet
hbm:pellet_rtg_depleted:2, Decayed Neptunium RTG Pellet
hbm:pellet_rtg_depleted:3, Decayed Lead RTG Pellet
hbm:pellet_rtg_depleted:4, Decayed Zirconium RTG Pellet
hbm:pellet_rtg_depleted:5, Decayed Nickel RTG Pellet
hbm:pellet_rtg_radium, Radium-226 RTG Pellet
hbm:pellet_rtg_weak, Weak Uranium RTG Pellet
hbm:pellet_rtg, Plutonium-238 RTG Pellet
hbm:pellet_rtg_strontium, Strontium-90 RTG Pellet
hbm:pellet_rtg_cobalt, Cobalt-60 RTG Pellet
hbm:pellet_rtg_actinium, Actinium-227 RTG Pellet
hbm:pellet_rtg_americium, Americium-241 RTG Pellet
hbm:pellet_rtg_polonium, Polonium-210 RTG Pellet
hbm:pellet_rtg_gold, Gold-198 RTG Pellet
hbm:pellet_rtg_lead, Lead-209 RTG Pellet
hbm:pellet_rtg_balefire, Balefire-XXX RTG Pellet
hbm:pellet_coal, Dense Coal Cluster
hbm:chlorine_pinwheel, Chlorine Pinwheel
hbm:ring_starmetal, §9Starmetal Ring§r
hbm:flywheel_beryllium, Beryllium Flywheel
hbm:biomass, Biomass
hbm:biomass_compressed, Compressed Biomass
hbm:ball_resin, Latex
hbm:cordite, Cordite
hbm:ballistite, Ballistite
hbm:ball_dynamite, Dynamite
hbm:ball_tnt, TNT
hbm:ball_tatb, TATB
hbm:ball_fireclay, Fireclay
hbm:plant_item:0, Tobacco
hbm:plant_item:1, Rope
hbm:plant_item:2, Mustard Willow Leaf
hbm:mold_base, Blank Foundry Mold
hbm:mold:0, Foundry Mold
hbm:mold:1, Foundry Mold
hbm:mold:2, Foundry Mold
hbm:mold:3, Foundry Mold
hbm:mold:4, Foundry Mold
hbm:mold:5, Foundry Mold
hbm:mold:6, Foundry Mold
hbm:mold:7, Foundry Mold
hbm:mold:8, Foundry Mold
hbm:mold:9, Foundry Mold
hbm:mold:10, Foundry Mold
hbm:mold:11, Foundry Mold
hbm:mold:12, Foundry Mold
hbm:mold:13, Foundry Mold
hbm:mold:16, Foundry Mold
hbm:mold:17, Foundry Mold
hbm:mold:19, Foundry Mold
hbm:mold:20, Foundry Mold
hbm:mold:21, Foundry Mold
hbm:mold:22, Foundry Mold
hbm:mold:23, Foundry Mold
hbm:mold:24, Foundry Mold
hbm:mold:25, Foundry Mold
hbm:mold:26, Foundry Mold
hbm:mold:27, Foundry Mold
hbm:mold:28, Foundry Mold
hbm:scraps:0, Foundry Scraps
hbm:scraps:699, Foundry Scraps
hbm:scraps:2600, Foundry Scraps
hbm:scraps:7900, Foundry Scraps
hbm:scraps:1, Foundry Scraps
hbm:scraps:2, Foundry Scraps
hbm:scraps:2601, Foundry Scraps
hbm:scraps:2602, Foundry Scraps
hbm:scraps:2603, Foundry Scraps
hbm:scraps:2604, Foundry Scraps
hbm:scraps:2901, Foundry Scraps
hbm:scraps:9200, Foundry Scraps
hbm:scraps:9233, Foundry Scraps
hbm:scraps:9235, Foundry Scraps
hbm:scraps:9238, Foundry Scraps
hbm:scraps:9032, Foundry Scraps
hbm:scraps:9400, Foundry Scraps
hbm:scraps:9401, Foundry Scraps
hbm:scraps:9438, Foundry Scraps
hbm:scraps:9439, Foundry Scraps
hbm:scraps:9440, Foundry Scraps
hbm:scraps:9441, Foundry Scraps
hbm:scraps:9501, Foundry Scraps
hbm:scraps:9541, Foundry Scraps
hbm:scraps:9542, Foundry Scraps
hbm:scraps:9337, Foundry Scraps
hbm:scraps:8410, Foundry Scraps
hbm:scraps:4399, Foundry Scraps
hbm:scraps:8826, Foundry Scraps
hbm:scraps:8927, Foundry Scraps
hbm:scraps:2760, Foundry Scraps
hbm:scraps:7998, Foundry Scraps
hbm:scraps:8209, Foundry Scraps
hbm:scraps:12626, Foundry Scraps
hbm:scraps:12627, Foundry Scraps
hbm:scraps:12600, Foundry Scraps
hbm:scraps:12601, Foundry Scraps
hbm:scraps:12836, Foundry Scraps
hbm:scraps:2200, Foundry Scraps
hbm:scraps:2900, Foundry Scraps
hbm:scraps:7400, Foundry Scraps
hbm:scraps:1300, Foundry Scraps
hbm:scraps:8200, Foundry Scraps
hbm:scraps:8300, Foundry Scraps
hbm:scraps:3300, Foundry Scraps
hbm:scraps:7300, Foundry Scraps
hbm:scraps:6000, Foundry Scraps
hbm:scraps:4100, Foundry Scraps
hbm:scraps:400, Foundry Scraps
hbm:scraps:2700, Foundry Scraps
hbm:scraps:500, Foundry Scraps
hbm:scraps:501, Foundry Scraps
hbm:scraps:5700, Foundry Scraps
hbm:scraps:4000, Foundry Scraps
hbm:scraps:1100, Foundry Scraps
hbm:scraps:3800, Foundry Scraps
hbm:scraps:2000, Foundry Scraps
hbm:scraps:300, Foundry Scraps
hbm:scraps:4800, Foundry Scraps
hbm:scraps:1400, Foundry Scraps
hbm:scraps:1401, Foundry Scraps
hbm:scraps:7699, Foundry Scraps
hbm:scraps:30, Foundry Scraps
hbm:scraps:31, Foundry Scraps
hbm:scraps:32, Foundry Scraps
hbm:scraps:33, Foundry Scraps
hbm:scraps:42, Foundry Scraps
hbm:scraps:35, Foundry Scraps
hbm:scraps:37, Foundry Scraps
hbm:scraps:36, Foundry Scraps
hbm:scraps:43, Foundry Scraps
hbm:scraps:46, Foundry Scraps
hbm:scraps:47, Foundry Scraps
hbm:scraps:48, Foundry Scraps
hbm:scraps:38, Foundry Scraps
hbm:scraps:39, Foundry Scraps
hbm:scraps:45, Foundry Scraps
hbm:scraps:40, Foundry Scraps
hbm:scraps:41, Foundry Scraps
hbm:scraps:44, Foundry Scraps
hbm:scraps:49, Foundry Scraps
hbm:scraps:50, Foundry Scraps
hbm:scraps:34, Foundry Scraps
hbm:scraps:2800, Foundry Scraps
hbm:scraps:3100, Foundry Scraps
hbm:scraps:3000, Foundry Scraps
hbm:scraps:2993, Foundry Scraps
hbm:scraps:7700, Foundry Scraps
hbm:scraps:24000, Foundry Scraps
hbm:scraps:24001, Foundry Scraps
hbm:scraps:24002, Foundry Scraps
hbm:shell:2200, Titanium Shell
hbm:shell:2900, Copper Shell
hbm:shell:1300, Aluminium Shell
hbm:shell:30, Steel Shell
hbm:shell:50, Weapon Steel Shell
hbm:shell:34, Saturnite Shell
hbm:pipe:2600, Iron Pipe
hbm:pipe:2900, Copper Pipe
hbm:pipe:1300, Aluminium Pipe
hbm:pipe:8200, Lead Pipe
hbm:pipe:30, Steel Pipe
hbm:pipe:33, High-Speed Steel Pipe
hbm:pipe:20003, Rubber Pipe
hbm:ingot_raw:6000, Neodymium Ingot
hbm:ingot_raw:501, Borax Ingot
hbm:ingot_raw:1100, Sodium Ingot
hbm:ingot_raw:3800, Strontium Ingot
hbm:ingot_raw:7700, Iridium Ingot
hbm:plate_cast:2600, Cast Iron Plate
hbm:plate_cast:7900, Cast Gold Plate
hbm:plate_cast:12626, Cast Schrabidium Plate
hbm:plate_cast:12600, Cast Ferric Schrabidate Plate
hbm:plate_cast:2200, Cast Titanium Plate
hbm:plate_cast:2900, Cast Copper Plate
hbm:plate_cast:7400, Cast Tungsten Plate
hbm:plate_cast:1300, Cast Aluminium Plate
hbm:plate_cast:8200, Cast Lead Plate
hbm:plate_cast:4000, Cast Zirconium Plate
hbm:plate_cast:7699, Cast Osmiridium Plate
hbm:plate_cast:30, Cast Steel Plate
hbm:plate_cast:32, Cast Advanced Alloy Plate
hbm:plate_cast:33, Cast High-Speed Steel Plate
hbm:plate_cast:42, Cast Desh Plate
hbm:plate_cast:37, Cast Ferrouranium Plate
hbm:plate_cast:36, Cast Technetium Steel Plate
hbm:plate_cast:43, Cast Cadmium Steel Plate
hbm:plate_cast:46, Cast Bismuth Bronze Plate
hbm:plate_cast:47, Cast Arsenic Bronze Plate
hbm:plate_cast:39, Cast Combine Steel Plate
hbm:plate_cast:50, Cast Weapon Steel Plate
hbm:plate_cast:34, Cast Saturnite Plate
hbm:plate_cast:24001, Cast Stainless Steel Plate
hbm:plate_welded:2600, Welded Iron Plate
hbm:plate_welded:2200, Welded Titanium Plate
hbm:plate_welded:2900, Welded Copper Plate
hbm:plate_welded:7400, Welded Tungsten Plate
hbm:plate_welded:1300, Welded Aluminium Plate
hbm:plate_welded:4000, Welded Zirconium Plate
hbm:plate_welded:7699, Welded Osmiridium Plate
hbm:plate_welded:30, Welded Steel Plate
hbm:plate_welded:36, Welded Technetium Steel Plate
hbm:plate_welded:43, Welded Cadmium Steel Plate
hbm:plate_welded:39, Welded Combine Steel Plate
hbm:plate_welded:24001, Welded Stainless Steel Plate
hbm:wire_fine:699, Carbon Wire
hbm:wire_fine:7900, Gold Wire
hbm:wire_fine:12626, Schrabidium Wire
hbm:wire_fine:2900, Copper Wire
hbm:wire_fine:7400, Tungsten Wire
hbm:wire_fine:1300, Aluminium Wire
hbm:wire_fine:8200, Lead Wire
hbm:wire_fine:4000, Zirconium Wire
hbm:wire_fine:30, Steel Wire
hbm:wire_fine:31, Minecraft Grade Copper Wire
hbm:wire_fine:32, Advanced Alloy Wire
hbm:wire_fine:38, Magnetized Tungsten Wire
hbm:wire_fine:3000, Zinc Wire
hbm:wire_dense:7900, Dense Gold Wire
hbm:wire_dense:12626, Dense Schrabidium Wire
hbm:wire_dense:12600, Dense Ferric Schrabidate Wire
hbm:wire_dense:2200, Dense Titanium Wire
hbm:wire_dense:2900, Dense Copper Wire
hbm:wire_dense:7400, Dense Tungsten Wire
hbm:wire_dense:6000, Dense Neodymium Wire
hbm:wire_dense:4100, Dense Niobium Wire
hbm:wire_dense:31, Dense Minecraft Grade Copper Wire
hbm:wire_dense:32, Dense Advanced Alloy Wire
hbm:wire_dense:35, Dense Starmetal Wire
hbm:wire_dense:48, Dense BSCCO Wire
hbm:wire_dense:38, Dense Magnetized Tungsten Wire
hbm:wire_dense:45, Dense Dineutronium Wire
hbm:bolt:7400, Tungsten Bolt
hbm:bolt:8200, Lead Bolt
hbm:bolt:30, Steel Bolt
hbm:bolt:33, High-Speed Steel Bolt
hbm:bolt_spike, Railroad Spike
hbm:part_barrel_light:30, Light Steel Barrel
hbm:part_barrel_light:33, Light High-Speed Steel Barrel
hbm:part_barrel_light:42, Light Desh Barrel
hbm:part_barrel_light:36, Light Technetium Steel Barrel
hbm:part_barrel_light:43, Light Cadmium Steel Barrel
hbm:part_barrel_light:46, Light Bismuth Bronze Barrel
hbm:part_barrel_light:47, Light Arsenic Bronze Barrel
hbm:part_barrel_light:49, Light Gunmetal Barrel
hbm:part_barrel_light:50, Light Weapon Steel Barrel
hbm:part_barrel_light:34, Light Saturnite Barrel
hbm:part_barrel_heavy:30, Heavy Steel Barrel
hbm:part_barrel_heavy:33, Heavy High-Speed Steel Barrel
hbm:part_barrel_heavy:42, Heavy Desh Barrel
hbm:part_barrel_heavy:37, Heavy Ferrouranium Barrel
hbm:part_barrel_heavy:36, Heavy Technetium Steel Barrel
hbm:part_barrel_heavy:43, Heavy Cadmium Steel Barrel
hbm:part_barrel_heavy:49, Heavy Gunmetal Barrel
hbm:part_barrel_heavy:50, Heavy Weapon Steel Barrel
hbm:part_barrel_heavy:34, Heavy Saturnite Barrel
hbm:part_receiver_light:30, Light Steel Receiver
hbm:part_receiver_light:33, Light High-Speed Steel Receiver
hbm:part_receiver_light:42, Light Desh Receiver
hbm:part_receiver_light:36, Light Technetium Steel Receiver
hbm:part_receiver_light:43, Light Cadmium Steel Receiver
hbm:part_receiver_light:46, Light Bismuth Bronze Receiver
hbm:part_receiver_light:47, Light Arsenic Bronze Receiver
hbm:part_receiver_light:49, Light Gunmetal Receiver
hbm:part_receiver_light:50, Light Weapon Steel Receiver
hbm:part_receiver_light:34, Light Saturnite Receiver
hbm:part_receiver_heavy:33, Heavy High-Speed Steel Receiver
hbm:part_receiver_heavy:37, Heavy Ferrouranium Receiver
hbm:part_receiver_heavy:36, Heavy Technetium Steel Receiver
hbm:part_receiver_heavy:43, Heavy Cadmium Steel Receiver
hbm:part_receiver_heavy:46, Heavy Bismuth Bronze Receiver
hbm:part_receiver_heavy:47, Heavy Arsenic Bronze Receiver
hbm:part_receiver_heavy:49, Heavy Gunmetal Receiver
hbm:part_receiver_heavy:50, Heavy Weapon Steel Receiver
hbm:part_receiver_heavy:34, Heavy Saturnite Receiver
hbm:part_mechanism:49, Gunmetal Mechanism
hbm:part_mechanism:50, Weapon Steel Mechanism
hbm:part_mechanism:34, Saturnite Mechanism
hbm:part_stock:3, Wood Stock
hbm:part_stock:42, Desh Stock
hbm:part_stock:49, Gunmetal Stock
hbm:part_stock:50, Weapon Steel Stock
hbm:part_stock:34, Saturnite Stock
hbm:part_stock:20001, Polymer Stock
hbm:part_stock:20002, Bakelite Stock
hbm:part_stock:20004, Hard Plastic Stock
hbm:part_stock:20005, PVC Stock
hbm:part_grip:3, Wood Grip
hbm:part_grip:4, Ivory Grip
hbm:part_grip:30, Steel Grip
hbm:part_grip:33, High-Speed Steel Grip
hbm:part_grip:42, Desh Grip
hbm:part_grip:49, Gunmetal Grip
hbm:part_grip:50, Weapon Steel Grip
hbm:part_grip:34, Saturnite Grip
hbm:part_grip:20001, Polymer Grip
hbm:part_grip:20002, Bakelite Grip
hbm:part_grip:20003, Rubber Grip
hbm:part_grip:20004, Hard Plastic Grip
hbm:part_grip:20005, PVC Grip
hbm:casing:0, Small Gunmetal Casing
hbm:casing:1, Large Gunmetal Casing
hbm:casing:2, Small Weapon Steel Casing
hbm:casing:3, Large Weapon Steel Casing
hbm:casing:4, Black Powder Shotshell Casing
hbm:casing:5, Plastic Shotshell Casing
hbm:casing:6, Advanced Shotshell Casing
hbm:bedrock_ore_new:0, Light Metal Bedrock Ore
hbm:bedrock_ore_new:16, Roasted Light Metal Bedrock Ore
hbm:bedrock_ore_new:32, Washed Light Metal Bedrock Ore
hbm:bedrock_ore_new:48, Light Metal Bedrock Ore, Primary Fraction
hbm:bedrock_ore_new:64, Light Metal Bedrock Ore, Roasted Primary Fraction
hbm:bedrock_ore_new:80, Light Metal Bedrock Ore, Sulfuric Primary Fraction
hbm:bedrock_ore_new:96, Light Metal Bedrock Ore, Separated Sulfuric Primary Fraction
hbm:bedrock_ore_new:112, Light Metal Bedrock Ore, Dissolved Primary Fraction
hbm:bedrock_ore_new:128, Light Metal Bedrock Ore, Separated Dissolved Primary Fraction
hbm:bedrock_ore_new:144, Light Metal Bedrock Ore, Cleaned Primary Fraction
hbm:bedrock_ore_new:160, Light Metal Bedrock Ore, Separated Cleaned Primary Fraction
hbm:bedrock_ore_new:176, Light Metal Bedrock Ore, Primary Fraction, Higher Weight
hbm:bedrock_ore_new:192, Light Metal Bedrock Ore, Primary Fraction, Lower Weight
hbm:bedrock_ore_new:208, Light Metal Bedrock Ore Crumbs
hbm:bedrock_ore_new:224, Light Metal Bedrock Ore, Sulfuric Byproduct
hbm:bedrock_ore_new:240, Light Metal Bedrock Ore, Roasted Sulfuric Byproduct
hbm:bedrock_ore_new:256, Light Metal Bedrock Ore, Seared Sulfuric Byproduct
hbm:bedrock_ore_new:272, Light Metal Bedrock Ore, Washed Sulfuric Byproduct
hbm:bedrock_ore_new:288, Light Metal Bedrock Ore, Dissolved Byproduct
hbm:bedrock_ore_new:304, Light Metal Bedrock Ore, Roasted Dissolved Byproduct
hbm:bedrock_ore_new:320, Light Metal Bedrock Ore, Seared Dissolved Byproduct
hbm:bedrock_ore_new:336, Light Metal Bedrock Ore, Washed Dissolved Byproduct
hbm:bedrock_ore_new:352, Light Metal Bedrock Ore, Cleaned Byproduct
hbm:bedrock_ore_new:368, Light Metal Bedrock Ore, Roasted Cleaned Byproduct
hbm:bedrock_ore_new:384, Light Metal Bedrock Ore, Seared Cleaned Byproduct
hbm:bedrock_ore_new:400, Light Metal Bedrock Ore, Washed Cleaned Byproduct
hbm:bedrock_ore_new:1, Heavy Metal Bedrock Ore
hbm:bedrock_ore_new:17, Roasted Heavy Metal Bedrock Ore
hbm:bedrock_ore_new:33, Washed Heavy Metal Bedrock Ore
hbm:bedrock_ore_new:49, Heavy Metal Bedrock Ore, Primary Fraction
hbm:bedrock_ore_new:65, Heavy Metal Bedrock Ore, Roasted Primary Fraction
hbm:bedrock_ore_new:81, Heavy Metal Bedrock Ore, Sulfuric Primary Fraction
hbm:bedrock_ore_new:97, Heavy Metal Bedrock Ore, Separated Sulfuric Primary Fraction
hbm:bedrock_ore_new:113, Heavy Metal Bedrock Ore, Dissolved Primary Fraction
hbm:bedrock_ore_new:129, Heavy Metal Bedrock Ore, Separated Dissolved Primary Fraction
hbm:bedrock_ore_new:145, Heavy Metal Bedrock Ore, Cleaned Primary Fraction
hbm:bedrock_ore_new:161, Heavy Metal Bedrock Ore, Separated Cleaned Primary Fraction
hbm:bedrock_ore_new:177, Heavy Metal Bedrock Ore, Primary Fraction, Higher Weight
hbm:bedrock_ore_new:193, Heavy Metal Bedrock Ore, Primary Fraction, Lower Weight
hbm:bedrock_ore_new:209, Heavy Metal Bedrock Ore Crumbs
hbm:bedrock_ore_new:225, Heavy Metal Bedrock Ore, Sulfuric Byproduct
hbm:bedrock_ore_new:241, Heavy Metal Bedrock Ore, Roasted Sulfuric Byproduct
hbm:bedrock_ore_new:257, Heavy Metal Bedrock Ore, Seared Sulfuric Byproduct
hbm:bedrock_ore_new:273, Heavy Metal Bedrock Ore, Washed Sulfuric Byproduct
hbm:bedrock_ore_new:289, Heavy Metal Bedrock Ore, Dissolved Byproduct
hbm:bedrock_ore_new:305, Heavy Metal Bedrock Ore, Roasted Dissolved Byproduct
hbm:bedrock_ore_new:321, Heavy Metal Bedrock Ore, Seared Dissolved Byproduct
hbm:bedrock_ore_new:337, Heavy Metal Bedrock Ore, Washed Dissolved Byproduct
hbm:bedrock_ore_new:353, Heavy Metal Bedrock Ore, Cleaned Byproduct
hbm:bedrock_ore_new:369, Heavy Metal Bedrock Ore, Roasted Cleaned Byproduct
hbm:bedrock_ore_new:385, Heavy Metal Bedrock Ore, Seared Cleaned Byproduct
hbm:bedrock_ore_new:401, Heavy Metal Bedrock Ore, Washed Cleaned Byproduct
hbm:bedrock_ore_new:2, Rare Earth Bedrock Ore
hbm:bedrock_ore_new:18, Roasted Rare Earth Bedrock Ore
hbm:bedrock_ore_new:34, Washed Rare Earth Bedrock Ore
hbm:bedrock_ore_new:50, Rare Earth Bedrock Ore, Primary Fraction
hbm:bedrock_ore_new:66, Rare Earth Bedrock Ore, Roasted Primary Fraction
hbm:bedrock_ore_new:82, Rare Earth Bedrock Ore, Sulfuric Primary Fraction
hbm:bedrock_ore_new:98, Rare Earth Bedrock Ore, Separated Sulfuric Primary Fraction
hbm:bedrock_ore_new:114, Rare Earth Bedrock Ore, Dissolved Primary Fraction
hbm:bedrock_ore_new:130, Rare Earth Bedrock Ore, Separated Dissolved Primary Fraction
hbm:bedrock_ore_new:146, Rare Earth Bedrock Ore, Cleaned Primary Fraction
hbm:bedrock_ore_new:162, Rare Earth Bedrock Ore, Separated Cleaned Primary Fraction
hbm:bedrock_ore_new:178, Rare Earth Bedrock Ore, Primary Fraction, Higher Weight
hbm:bedrock_ore_new:194, Rare Earth Bedrock Ore, Primary Fraction, Lower Weight
hbm:bedrock_ore_new:210, Rare Earth Bedrock Ore Crumbs
hbm:bedrock_ore_new:226, Rare Earth Bedrock Ore, Sulfuric Byproduct
hbm:bedrock_ore_new:242, Rare Earth Bedrock Ore, Roasted Sulfuric Byproduct
hbm:bedrock_ore_new:258, Rare Earth Bedrock Ore, Seared Sulfuric Byproduct
hbm:bedrock_ore_new:274, Rare Earth Bedrock Ore, Washed Sulfuric Byproduct
hbm:bedrock_ore_new:290, Rare Earth Bedrock Ore, Dissolved Byproduct
hbm:bedrock_ore_new:306, Rare Earth Bedrock Ore, Roasted Dissolved Byproduct
hbm:bedrock_ore_new:322, Rare Earth Bedrock Ore, Seared Dissolved Byproduct
hbm:bedrock_ore_new:338, Rare Earth Bedrock Ore, Washed Dissolved Byproduct
hbm:bedrock_ore_new:354, Rare Earth Bedrock Ore, Cleaned Byproduct
hbm:bedrock_ore_new:370, Rare Earth Bedrock Ore, Roasted Cleaned Byproduct
hbm:bedrock_ore_new:386, Rare Earth Bedrock Ore, Seared Cleaned Byproduct
hbm:bedrock_ore_new:402, Rare Earth Bedrock Ore, Washed Cleaned Byproduct
hbm:bedrock_ore_new:3, Actinide Bedrock Ore
hbm:bedrock_ore_new:19, Roasted Actinide Bedrock Ore
hbm:bedrock_ore_new:35, Washed Actinide Bedrock Ore
hbm:bedrock_ore_new:51, Actinide Bedrock Ore, Primary Fraction
hbm:bedrock_ore_new:67, Actinide Bedrock Ore, Roasted Primary Fraction
hbm:bedrock_ore_new:83, Actinide Bedrock Ore, Sulfuric Primary Fraction
hbm:bedrock_ore_new:99, Actinide Bedrock Ore, Separated Sulfuric Primary Fraction
hbm:bedrock_ore_new:115, Actinide Bedrock Ore, Dissolved Primary Fraction
hbm:bedrock_ore_new:131, Actinide Bedrock Ore, Separated Dissolved Primary Fraction
hbm:bedrock_ore_new:147, Actinide Bedrock Ore, Cleaned Primary Fraction
hbm:bedrock_ore_new:163, Actinide Bedrock Ore, Separated Cleaned Primary Fraction
hbm:bedrock_ore_new:179, Actinide Bedrock Ore, Primary Fraction, Higher Weight
hbm:bedrock_ore_new:195, Actinide Bedrock Ore, Primary Fraction, Lower Weight
hbm:bedrock_ore_new:211, Actinide Bedrock Ore Crumbs
hbm:bedrock_ore_new:227, Actinide Bedrock Ore, Sulfuric Byproduct
hbm:bedrock_ore_new:243, Actinide Bedrock Ore, Roasted Sulfuric Byproduct
hbm:bedrock_ore_new:259, Actinide Bedrock Ore, Seared Sulfuric Byproduct
hbm:bedrock_ore_new:275, Actinide Bedrock Ore, Washed Sulfuric Byproduct
hbm:bedrock_ore_new:291, Actinide Bedrock Ore, Dissolved Byproduct
hbm:bedrock_ore_new:307, Actinide Bedrock Ore, Roasted Dissolved Byproduct
hbm:bedrock_ore_new:323, Actinide Bedrock Ore, Seared Dissolved Byproduct
hbm:bedrock_ore_new:339, Actinide Bedrock Ore, Washed Dissolved Byproduct
hbm:bedrock_ore_new:355, Actinide Bedrock Ore, Cleaned Byproduct
hbm:bedrock_ore_new:371, Actinide Bedrock Ore, Roasted Cleaned Byproduct
hbm:bedrock_ore_new:387, Actinide Bedrock Ore, Seared Cleaned Byproduct
hbm:bedrock_ore_new:403, Actinide Bedrock Ore, Washed Cleaned Byproduct
hbm:bedrock_ore_new:4, Non-Metal Bedrock Ore
hbm:bedrock_ore_new:20, Roasted Non-Metal Bedrock Ore
hbm:bedrock_ore_new:36, Washed Non-Metal Bedrock Ore
hbm:bedrock_ore_new:52, Non-Metal Bedrock Ore, Primary Fraction
hbm:bedrock_ore_new:68, Non-Metal Bedrock Ore, Roasted Primary Fraction
hbm:bedrock_ore_new:84, Non-Metal Bedrock Ore, Sulfuric Primary Fraction
hbm:bedrock_ore_new:100, Non-Metal Bedrock Ore, Separated Sulfuric Primary Fraction
hbm:bedrock_ore_new:116, Non-Metal Bedrock Ore, Dissolved Primary Fraction
hbm:bedrock_ore_new:132, Non-Metal Bedrock Ore, Separated Dissolved Primary Fraction
hbm:bedrock_ore_new:148, Non-Metal Bedrock Ore, Cleaned Primary Fraction
hbm:bedrock_ore_new:164, Non-Metal Bedrock Ore, Separated Cleaned Primary Fraction
hbm:bedrock_ore_new:180, Non-Metal Bedrock Ore, Primary Fraction, Higher Weight
hbm:bedrock_ore_new:196, Non-Metal Bedrock Ore, Primary Fraction, Lower Weight
hbm:bedrock_ore_new:212, Non-Metal Bedrock Ore Crumbs
hbm:bedrock_ore_new:228, Non-Metal Bedrock Ore, Sulfuric Byproduct
hbm:bedrock_ore_new:244, Non-Metal Bedrock Ore, Roasted Sulfuric Byproduct
hbm:bedrock_ore_new:260, Non-Metal Bedrock Ore, Seared Sulfuric Byproduct
hbm:bedrock_ore_new:276, Non-Metal Bedrock Ore, Washed Sulfuric Byproduct
hbm:bedrock_ore_new:292, Non-Metal Bedrock Ore, Dissolved Byproduct
hbm:bedrock_ore_new:308, Non-Metal Bedrock Ore, Roasted Dissolved Byproduct
hbm:bedrock_ore_new:324, Non-Metal Bedrock Ore, Seared Dissolved Byproduct
hbm:bedrock_ore_new:340, Non-Metal Bedrock Ore, Washed Dissolved Byproduct
hbm:bedrock_ore_new:356, Non-Metal Bedrock Ore, Cleaned Byproduct
hbm:bedrock_ore_new:372, Non-Metal Bedrock Ore, Roasted Cleaned Byproduct
hbm:bedrock_ore_new:388, Non-Metal Bedrock Ore, Seared Cleaned Byproduct
hbm:bedrock_ore_new:404, Non-Metal Bedrock Ore, Washed Cleaned Byproduct
hbm:bedrock_ore_new:5, Crystalline Bedrock Ore
hbm:bedrock_ore_new:21, Roasted Crystalline Bedrock Ore
hbm:bedrock_ore_new:37, Washed Crystalline Bedrock Ore
hbm:bedrock_ore_new:53, Crystalline Bedrock Ore, Primary Fraction
hbm:bedrock_ore_new:69, Crystalline Bedrock Ore, Roasted Primary Fraction
hbm:bedrock_ore_new:85, Crystalline Bedrock Ore, Sulfuric Primary Fraction
hbm:bedrock_ore_new:101, Crystalline Bedrock Ore, Separated Sulfuric Primary Fraction
hbm:bedrock_ore_new:117, Crystalline Bedrock Ore, Dissolved Primary Fraction
hbm:bedrock_ore_new:133, Crystalline Bedrock Ore, Separated Dissolved Primary Fraction
hbm:bedrock_ore_new:149, Crystalline Bedrock Ore, Cleaned Primary Fraction
hbm:bedrock_ore_new:165, Crystalline Bedrock Ore, Separated Cleaned Primary Fraction
hbm:bedrock_ore_new:181, Crystalline Bedrock Ore, Primary Fraction, Higher Weight
hbm:bedrock_ore_new:197, Crystalline Bedrock Ore, Primary Fraction, Lower Weight
hbm:bedrock_ore_new:213, Crystalline Bedrock Ore Crumbs
hbm:bedrock_ore_new:229, Crystalline Bedrock Ore, Sulfuric Byproduct
hbm:bedrock_ore_new:245, Crystalline Bedrock Ore, Roasted Sulfuric Byproduct
hbm:bedrock_ore_new:261, Crystalline Bedrock Ore, Seared Sulfuric Byproduct
hbm:bedrock_ore_new:277, Crystalline Bedrock Ore, Washed Sulfuric Byproduct
hbm:bedrock_ore_new:293, Crystalline Bedrock Ore, Dissolved Byproduct
hbm:bedrock_ore_new:309, Crystalline Bedrock Ore, Roasted Dissolved Byproduct
hbm:bedrock_ore_new:325, Crystalline Bedrock Ore, Seared Dissolved Byproduct
hbm:bedrock_ore_new:341, Crystalline Bedrock Ore, Washed Dissolved Byproduct
hbm:bedrock_ore_new:357, Crystalline Bedrock Ore, Cleaned Byproduct
hbm:bedrock_ore_new:373, Crystalline Bedrock Ore, Roasted Cleaned Byproduct
hbm:bedrock_ore_new:389, Crystalline Bedrock Ore, Seared Cleaned Byproduct
hbm:bedrock_ore_new:405, Crystalline Bedrock Ore, Washed Cleaned Byproduct
hbm:bedrock_ore_base, Raw Bedrock Ore
hbm:bedrock_ore_fragment:600, Coal Bedrock Ore Fragment
hbm:bedrock_ore_fragment:601, Lignite Bedrock Ore Fragment
hbm:bedrock_ore_fragment:1430, Diamond Bedrock Ore Fragment
hbm:bedrock_ore_fragment:2600, Iron Bedrock Ore Fragment
hbm:bedrock_ore_fragment:7900, Gold Bedrock Ore Fragment
hbm:bedrock_ore_fragment:1, Redstone Bedrock Ore Fragment
hbm:bedrock_ore_fragment:2902, Bauxite Bedrock Ore Fragment
hbm:bedrock_ore_fragment:2903, Cryolite Bedrock Ore Fragment
hbm:bedrock_ore_fragment:9200, Uranium Bedrock Ore Fragment
hbm:bedrock_ore_fragment:9238, Uranium-238 Bedrock Ore Fragment
hbm:bedrock_ore_fragment:9032, Thorium-232 Bedrock Ore Fragment
hbm:bedrock_ore_fragment:8410, Polonium-210 Bedrock Ore Fragment
hbm:bedrock_ore_fragment:4399, Technetium-99 Bedrock Ore Fragment
hbm:bedrock_ore_fragment:8826, Radium-226 Bedrock Ore Fragment
hbm:bedrock_ore_fragment:2200, Titanium Bedrock Ore Fragment
hbm:bedrock_ore_fragment:2900, Copper Bedrock Ore Fragment
hbm:bedrock_ore_fragment:7400, Tungsten Bedrock Ore Fragment
hbm:bedrock_ore_fragment:1300, Aluminium Bedrock Ore Fragment
hbm:bedrock_ore_fragment:8200, Lead Bedrock Ore Fragment
hbm:bedrock_ore_fragment:8300, Bismuth Bedrock Ore Fragment
hbm:bedrock_ore_fragment:6000, Neodymium Bedrock Ore Fragment
hbm:bedrock_ore_fragment:4100, Niobium Bedrock Ore Fragment
hbm:bedrock_ore_fragment:400, Beryllium Bedrock Ore Fragment
hbm:bedrock_ore_fragment:401, Emerald Bedrock Ore Fragment
hbm:bedrock_ore_fragment:2700, Cobalt Bedrock Ore Fragment
hbm:bedrock_ore_fragment:500, Boron Bedrock Ore Fragment
hbm:bedrock_ore_fragment:501, Borax Bedrock Ore Fragment
hbm:bedrock_ore_fragment:5700, Lanthanium Bedrock Ore Fragment
hbm:bedrock_ore_fragment:4000, Zirconium Bedrock Ore Fragment
hbm:bedrock_ore_fragment:1100, Sodium Bedrock Ore Fragment
hbm:bedrock_ore_fragment:1101, Sodalite Bedrock Ore Fragment
hbm:bedrock_ore_fragment:3800, Strontium Bedrock Ore Fragment
hbm:bedrock_ore_fragment:300, Lithium Bedrock Ore Fragment
hbm:bedrock_ore_fragment:1600, Sulfur Bedrock Ore Fragment
hbm:bedrock_ore_fragment:700, Niter Bedrock Ore Fragment
hbm:bedrock_ore_fragment:900, Fluorite Bedrock Ore Fragment
hbm:bedrock_ore_fragment:1500, Red Phosphorus Bedrock Ore Fragment
hbm:bedrock_ore_fragment:1701, Chlorocalcite Bedrock Ore Fragment
hbm:bedrock_ore_fragment:1702, Molysite Bedrock Ore Fragment
hbm:bedrock_ore_fragment:8001, Cinnabar Bedrock Ore Fragment
hbm:bedrock_ore_fragment:1400, Silicon Bedrock Ore Fragment
hbm:bedrock_ore_fragment:1401, Asbestos Bedrock Ore Fragment
hbm:bedrock_ore_fragment:20000, Rare Earth Bedrock Ore Fragment
hbm:bedrock_ore_fragment:2800, hbmmat.nickelpure Bedrock Ore Fragment
hbm:bedrock_ore_fragment:3100, Gallium Bedrock Ore Fragment
hbm:bedrock_ore_fragment:3000, Zinc Bedrock Ore Fragment
hbm:bedrock_ore_fragment:24003, hbmmat.semtex Bedrock Ore Fragment
hbm:chunk_ore:0, Rare Earth Ore Chunk
hbm:chunk_ore:1, Malachite Chunk
hbm:chunk_ore:2, Cryolite Chunk
hbm:neutron_reflector, Neutron Reflector
hbm:rtg_unit, RTG Unit
hbm:thermo_unit_empty, Thermic Distribution Unit
hbm:thermo_unit_endo, Coldness Distribution Unit
hbm:thermo_unit_exo, Heat Distribution Unit
hbm:levitation_unit, Gravity Manipulator
hbm:magnetron, Magnetron
hbm:pellet_buckshot, Lead Pellets
hbm:pellet_flechette, Flechettes
hbm:pellet_chlorophyte, Chlorophyte Rounds
hbm:pellet_meteorite, Meteorite Rounds
hbm:pellet_canister, Canister Shot
hbm:pellet_claws, Sharp Metal Claws
hbm:pellet_charged, Ionized Particles
hbm:pellet_cluster, Explosive Pellets
hbm:pellet_gas, Poison Gas Cartridge
hbm:coal_infernal, Infernal Coal
hbm:cinnabar, Cinnabar
hbm:powder_ash:0, Wood Ash
hbm:powder_ash:1, Coal Ash
hbm:powder_ash:2, Ash
hbm:powder_ash:3, Fly Ash
hbm:powder_ash:4, Fine Soot
hbm:powder_ash:5, Fullerene
hbm:powder_cement, Cement
hbm:toothpicks, Toothpicks
hbm:ducttape, Duct Tape
hbm:catalyst_clay, Clay Catalyst
hbm:motor, Motor
hbm:motor_desh, Desh Motor
hbm:motor_bismuth, Bismuth Motor
hbm:photo_panel, Photovoltaic Panel
hbm:sat_base, Satellite Base
hbm:thruster_nuclear, LV-N Nuclear Rocket Engine
hbm:safety_fuse, Safety Fuse
hbm:blade_titanium, Titanium Blade
hbm:turbine_titanium, Titanium Steam Turbine
hbm:blade_tungsten, Tungsten Reinforced Blade
hbm:turbine_tungsten, Reinforced Turbofan Blades
hbm:board_copper, Copper Panel
hbm:pipes_steel, Steel Pipes
hbm:drill_titanium, Titanium Drill
hbm:bolt_compound, Reinforced Turbine Shaft
hbm:hazmat_cloth, Hazmat Cloth
hbm:hazmat_cloth_red, Advanced Hazmat Cloth
hbm:hazmat_cloth_grey, Lead-Reinforced Hazmat Cloth
hbm:asbestos_cloth, Fire Proximity Cloth
hbm:rag, Cloth
hbm:rag_damp, Damp Cloth
hbm:rag_piss, Piss-Soaked Rag
hbm:filter_coal, Activated Carbon Filter
hbm:magnet_circular, Flat Magnet
hbm:centrifuge_element, Centrifuge Element
hbm:reactor_core, Breeding Reactor Core
hbm:oil_tar:0, Oil Tar
hbm:oil_tar:1, Crack Oil Tar
hbm:oil_tar:2, Coal Tar
hbm:oil_tar:3, Wood Tar
hbm:oil_tar:4, Chlorinated Petroleum Wax
hbm:oil_tar:5, Paraffin Wax
hbm:solid_fuel, Solid Fuel
hbm:solid_fuel_presto, Presto Log
hbm:solid_fuel_presto_triplet, Boosted Presto Logs
hbm:solid_fuel_bf, Solid Fuel (Balefire)
hbm:solid_fuel_presto_bf, Presto Log (Balefire)
hbm:solid_fuel_presto_triplet_bf, Boosted Presto Logs (Balefire)
hbm:rocket_fuel, Solid Fuel (Rocket Propellant)
hbm:briquette:0, Coal Briquette
hbm:briquette:1, Lignite Briquette
hbm:briquette:2, Sawdust Briquette
hbm:coke:0, Coal Coke
hbm:coke:1, Lignite Coke
hbm:coke:2, Petroleum Coke
hbm:lignite, Lignite
hbm:circuit:0, Vacuum Tube
hbm:circuit:1, Capacitor
hbm:circuit:2, Tantalium Capacitor
hbm:circuit:3, Printed Circuit Board
hbm:circuit:4, Printed Silicon Wafer
hbm:circuit:5, Microchip
hbm:circuit:6, Versatile Integrated Circuit
hbm:circuit:7, Analog Circuit Board
hbm:circuit:8, Integrated Circuit Board
hbm:circuit:9, Military Grade Circuit Board
hbm:circuit:10, Capacitor Board
hbm:circuit:11, Versatile Circuit Board
hbm:circuit:12, Control Unit Casing
hbm:circuit:13, Control Unit
hbm:circuit:14, Advanced Control Unit
hbm:circuit:15, Quantum Processing Unit
hbm:circuit:16, Solid State Quantum Processor
hbm:circuit:17, Quantum Computer
hbm:circuit:18, Atomic Clock
hbm:circuit:19, Incandescent Seven Segment Display
hbm:fragment_neodymium, Neodymium Fragment
hbm:fragment_cobalt, Cobalt Fragment
hbm:fragment_niobium, Niobium Fragment
hbm:fragment_cerium, Cerium Fragment
hbm:fragment_lanthanium, Lanthanium Fragment
hbm:fragment_actinium, Actinium-227 Fragment
hbm:fragment_meteorite, Meteorite Fragment
hbm:fragment_boron, Boron Fragment
hbm:fragment_coltan, Coltan
hbm:demon_core_open, Suspended Demon Core
hbm:demon_core_closed, Closed Demon Core
hbm:bottle_opener, Hbm's Own Self-Made Bottle Opener
hbm:bottle_empty, Empty Bomb-Shaped Bottle
hbm:bottle_nuka, Bottle of Nuka Cola
hbm:bottle_cherry, Bottle of Nuka Cherry
hbm:bottle_quantum, Bottle of Nuka Cola Quantum
hbm:bottle_sparkle, Bottle of S~Cola
hbm:bottle_rad, Bottle of S~Cola RAD
hbm:bottle2_empty, Empty Bottle
hbm:bottle2_korl, Korl
hbm:bottle2_fritz, Fritz Cola
hbm:bottle2_korl_special, The First Korl
hbm:bottle2_fritz_special, The First Fritz Cola
hbm:bottle2_sunset, Sunset Sarsaparilla
hbm:flask_infusion:0, Shield Infusion
hbm:chocolate_milk, Chocolate Milk
hbm:coffee, Coffee
hbm:coffee_radium, Radium Coffee
hbm:chocolate, Ithis-Brand Radium Chocolate
hbm:cap_nuka, Nuka Cola Bottle Cap
hbm:cap_quantum, Nuka Cola Quantum Bottle Cap
hbm:cap_sparkle, S~Cola Bottle Cap
hbm:cap_rad, S~Cola RAD Bottle Cap
hbm:cap_korl, Korl Bottle Cap
hbm:cap_fritz, Fritz Cola Bottle Cap
hbm:cap_sunset, Sunset Sarsaparilla Bottle Cap
hbm:cap_star, Sunset Sarsaparilla Star Cap
hbm:ring_pull, Ring Pull
hbm:bomb_waffle, Waffle of Mass Destruction
hbm:schnitzel_vegan, Vegan Schnitzel
hbm:cotton_candy, Radioactive Cotton Candy
hbm:apple_lead:0, Lead Apple
hbm:apple_lead:1, Lead Apple
hbm:apple_lead:2, Lead Apple
hbm:apple_schrabidium:0, Schrabidium Apple
hbm:apple_schrabidium:1, Schrabidium Apple
hbm:apple_schrabidium:2, Schrabidium Apple
hbm:tem_flakes:0, Tem Flakes
hbm:glowing_stew, Glowing Mushroom Stew
hbm:balefire_scrambled, Scrambled Balefire Egg
hbm:balefire_and_ham, Ham and Balefire Eggs
hbm:lemon, "Lemon"
hbm:definitelyfood, MRE
hbm:med_ipecac, Ipecac Syrup
hbm:med_ptsd, PTSD Medication
hbm:med_schizophrenia, Schizophrenia Medication
hbm:loops, Lööps
hbm:loop_stew, IT Breakfast
hbm:fooditem, food item
hbm:twinkie, Twinkie
hbm:static_sandwich, Sandwich Garnished with TV Static
hbm:canteen_13, Vault 13 Canteen
hbm:canteen_vodka, Stylish Flask
hbm:canteen_fab, Fabulous Vodka
hbm:pancake, Pancake made from Scrap Metal, Nails and Gem Dust
hbm:nugget, Chicken Nugget
hbm:peas, Peas
hbm:marshmallow, Marshmallow on a Stick
hbm:cheese, Cheese
hbm:cheese_quesadilla, Cheese Quesadilla
hbm:mucho_mango, AriZona Mucho Mango
hbm:marshmallow_roasted, Marshmallow on a Stick
hbm:glyphid_meat, Glyphid Meat
hbm:glyphid_meat_grilled, Grilled Glyphid Meat
hbm:egg_glyphid, Glyphid Egg
hbm:spongebob_macaroni, Spongebob Macaroni
hbm:canned_conserve:0, Canned Beef
hbm:canned_conserve:1, Canned Tuna
hbm:canned_conserve:2, Canned Mystery Meat
hbm:canned_conserve:3, Паштет
hbm:canned_conserve:4, Canned Melted Cheese
hbm:canned_conserve:5, FlimFlam Industries Canned Stallion Milk™
hbm:canned_conserve:6, Canned Evaporated Milk
hbm:canned_conserve:7, Canned Ass
hbm:canned_conserve:8, Canned Pepperoni Pizza
hbm:canned_conserve:9, Astronaut Food Tube
hbm:canned_conserve:10, Canned Tomato Soup
hbm:canned_conserve:11, Canned Asbestos
hbm:canned_conserve:12, Canned Black Hole
hbm:canned_conserve:13, Canned Hotdogs
hbm:canned_conserve:14, Leftover Conserve
hbm:canned_conserve:15, Canned Yogurt
hbm:canned_conserve:16, Canned "Mushroom Stew"
hbm:canned_conserve:17, Canned Chinese Food
hbm:canned_conserve:18, Canned Engine Oil
hbm:canned_conserve:19, Canned Fist
hbm:canned_conserve:20, Canned Spam
hbm:canned_conserve:21, Canned Fried Chicken
hbm:canned_conserve:22, Canned Napalm
hbm:canned_conserve:23, Canned Diesel
hbm:canned_conserve:24, Canned Kerosene
hbm:canned_conserve:25, Canned Recursion
hbm:canned_conserve:26, Canned Pine Bark Jerky
hbm:can_key, Winding Key
hbm:coin_maskman, Maskman Coin
hbm:coin_creeper, Nuclear Creeper Coin
hbm:coin_radiation, Radiation Coin
hbm:coin_worm, Balls-O-Tron Coin
hbm:coin_ufo, UFO Coin
hbm:coin_siege:0, Siege Coin
hbm:coin_siege:1, Siege Coin
hbm:coin_siege:2, Siege Coin
hbm:coin_siege:3, Siege Coin
hbm:coin_siege:4, Siege Coin
hbm:coin_siege:5, Siege Coin
hbm:coin_siege:6, Siege Coin
hbm:coin_siege:7, Siege Coin
hbm:coin_siege:8, Siege Coin
hbm:pudding, Pudding
hbm:can_empty, Empty Can
hbm:can_smart, 'Smart' Energy Drink
hbm:can_creature, 'Creature' Energy Drink
hbm:can_redbomb, 'Red Bomb' Energy Drink
hbm:can_mrsugar, 'Dr. Sugar' Soft Drink
hbm:can_overcharge, Overcharge Delirium XT
hbm:can_luna, Black Mesa Luna - Dark Cola
hbm:can_bepis, Bepis
hbm:can_breen, Dr>Breens Private Reserve
hbm:drone:0, Transport Drone
hbm:drone:1, Chunkloading Transport Drone
hbm:drone:2, Express Transport Drone
hbm:drone:3, Chunkloading Express Transport Drone
hbm:drone:4, Logistics Drone
hbm:titanium_sword, Titanium Sword
hbm:titanium_pickaxe, Titanium Pickaxe
hbm:titanium_axe, Titanium Axe
hbm:titanium_shovel, Titanium Shovel
hbm:titanium_hoe, Titanium Hoe
hbm:steel_sword, Steel Sword
hbm:steel_pickaxe, Steel Pickaxe
hbm:steel_axe, Steel Axe
hbm:steel_shovel, Steel Shovel
hbm:steel_hoe, Steel Hoe
hbm:alloy_sword, Advanced Alloy Sword
hbm:alloy_pickaxe, Advanced Alloy Pickaxe
hbm:alloy_axe, Advanced Alloy Axe
hbm:alloy_shovel, Advanced Alloy Shovel
hbm:alloy_hoe, Advanced Alloy Hoe
hbm:elec_sword, Stunstick
hbm:elec_pickaxe, Impact Drill
hbm:elec_axe, Electric Chainsaw
hbm:elec_shovel, Spiral Drill
hbm:desh_sword, Worker's Alloy Sword
hbm:desh_pickaxe, Worker's Alloy Pickaxe
hbm:desh_axe, Worker's Alloy Axe
hbm:desh_shovel, Worker's Alloy Shovel
hbm:desh_hoe, Worker's Alloy Hoe
hbm:cobalt_sword, Cobalt Sword
hbm:cobalt_pickaxe, Cobalt Pickaxe
hbm:cobalt_axe, Cobalt Axe
hbm:cobalt_shovel, Cobalt Shovel
hbm:cobalt_hoe, Cobalt Hoe
hbm:centri_stick, Centrifuge on a Stick
hbm:smashing_hammer, Smashing Hammer
hbm:cobalt_decorated_sword, Decorated Cobalt Sword
hbm:cobalt_decorated_pickaxe, Decorated Cobalt Pickaxe
hbm:cobalt_decorated_axe, Decorated Cobalt Axe
hbm:cobalt_decorated_shovel, Decorated Cobalt Shovel
hbm:cobalt_decorated_hoe, Decorated Cobalt Hoe
hbm:starmetal_sword, Starmetal Sword
hbm:starmetal_pickaxe, Starmetal Pickaxe
hbm:starmetal_axe, Starmetal Axe
hbm:starmetal_shovel, Starmetal Shovel
hbm:starmetal_hoe, Starmetal Hoe
hbm:cmb_sword, CMB Steel Sword
hbm:cmb_pickaxe, CMB Steel Pickaxe
hbm:cmb_axe, CMB Steel Axe
hbm:cmb_shovel, CMB Steel Shovel
hbm:cmb_hoe, CMB Steel Hoe
hbm:bismuth_axe, Bismuth Axe
hbm:bismuth_pickaxe, Bismuth Pickaxe
hbm:volcanic_axe, Molten Axe
hbm:volcanic_pickaxe, Molten Pickaxe
hbm:chlorophyte_axe, Chlorophyte Axe
hbm:chlorophyte_pickaxe, Chlorophyte Pickaxe
hbm:schrabidium_hoe, Schrabidium Hoe
hbm:schrabidium_sword, Schrabidium Sword
hbm:schrabidium_pickaxe, Schrabidium Pickaxe
hbm:schrabidium_axe, Schrabidium Axe
hbm:schrabidium_shovel, Schrabidium Shovel
hbm:crowbar, Mk.V Crate Opening Device "Crowbar"
hbm:weapon_saw, Doctor Assisted Homicide
hbm:weapon_bat, Richard's Default
hbm:weapon_bat_nail, The Cliché
hbm:weapon_golf_club, Russian Mobster's Club
hbm:weapon_pipe_rusty, The Attitude Adjuster
hbm:weapon_pipe_lead, The Manual Override
hbm:reer_graar, The Reer Graar
hbm:stopsign, Stop Sign Battle Axe
hbm:sopsign, Sop Sign Battle Axe
hbm:chernobylsign, Chernobyl Warning Sign Battle Axe
hbm:mask_of_infamy, Mask of Infamy
hbm:meteorite_sword, Meteorite Sword
hbm:meteorite_sword_seared, Meteorite Sword (Seared)
hbm:meteorite_sword_reforged, Meteorite Sword (Reforged)
hbm:meteorite_sword_hardened, Meteorite Sword (Hardened)
hbm:meteorite_sword_alloyed, Meteorite Sword (Alloyed)
hbm:meteorite_sword_machined, Meteorite Sword (Machined)
hbm:meteorite_sword_treated, Meteorite Sword (Treated)
hbm:meteorite_sword_etched, Meteorite Sword (Etched)
hbm:meteorite_sword_bred, Meteorite Sword (Bred)
hbm:meteorite_sword_irradiated, Meteorite Sword (Irradiated)
hbm:meteorite_sword_fused, Meteorite Sword (Fused)
hbm:meteorite_sword_baleful, Meteorite Sword (Baleful)
hbm:plate_iron, Iron Plate
hbm:plate_copper, Copper Plate
hbm:plate_titanium, Titanium Plate
hbm:plate_aluminium, Aluminium Plate
hbm:plate_gold, Gold Plate
hbm:plate_lead, Lead Plate
hbm:plate_steel, Steel Plate
hbm:plate_advanced_alloy, Advanced Alloy Plate
hbm:plate_combine_steel, CMB Steel Plate
hbm:plate_paa, PaA Alloy Plate
hbm:plate_saturnite, Saturnite Plate
hbm:plate_schrabidium, Schrabidium Plate
hbm:plate_dalekanium, Angry Metal
hbm:plate_mixed, Mixed Plate
hbm:plate_kevlar, Kevlar Sheet
hbm:plate_polymer, Insulator
hbm:plate_desh, Desh Compound Plate
hbm:plate_bismuth, Bismuth Compound Plate
hbm:plate_euphemium, Euphemium Compound Plate
hbm:plate_dineutronium, Dineutronium Compound Plate
hbm:plate_armor_titanium, Titanium Armor Plate
hbm:plate_armor_ajr, Iron-Shod Armor Plating
hbm:plate_armor_hev, Reactive Armor Plating
hbm:plate_armor_lunar, Lunar Plating
hbm:plate_armor_fau, Fau Armor Plating
hbm:plate_armor_dnt, DNT Armor Plating
hbm:plate_dura_steel, High-Speed Steel Plate
hbm:plate_gunmetal, Gunmetal Plate
hbm:plate_weaponsteel, Weapon Steel Plate
hbm:blueprint_folder:0, Blueprint Booklet
hbm:blueprint_folder:1, Blueprint Booklet
hbm:template_folder, Machine Template Folder
hbm:journal_pip, Survivalist's Journal
hbm:journal_bj, Whiskey Drenched Notebook
hbm:journal_silver, Contractor's Notes
hbm:bobmazon, Bobmazon
hbm:bobmazon_hidden, Hidden Catalog
hbm:siren_track:1, Siren Track
hbm:siren_track:2, Siren Track
hbm:siren_track:3, Siren Track
hbm:siren_track:4, Siren Track
hbm:siren_track:5, Siren Track
hbm:siren_track:6, Siren Track
hbm:siren_track:7, Siren Track
hbm:siren_track:8, Siren Track
hbm:siren_track:9, Siren Track
hbm:siren_track:10, Siren Track
hbm:siren_track:11, Siren Track
hbm:siren_track:12, Siren Track
hbm:siren_track:13, Siren Track
hbm:siren_track:14, Siren Track
hbm:siren_track:15, Siren Track
hbm:siren_track:16, Siren Track
hbm:siren_track:17, Siren Track
hbm:siren_track:18, Siren Track
hbm:siren_track:19, Siren Track
hbm:siren_track:20, Siren Track
hbm:chemistry_template:31, Chemistry Template: Biogas Production
hbm:chemistry_template:32, Chemistry Template: Biofuel Transesterification
hbm:chemistry_template:33, Chemistry Template: Petroleum Gas Liquefaction
hbm:chemistry_template:34, Chemistry Template: Tar Sand Extraction
hbm:chemistry_template:35, Chemistry Template: Asphalt Production
hbm:chemistry_template:36, Chemistry Template: Coolant Mixing
hbm:chemistry_template:37, Chemistry Template: Cryogel Mixing
hbm:chemistry_template:38, Chemistry Template: Desh Production
hbm:chemistry_template:39, Chemistry Template: NITAN Super Fuel Mixing
hbm:chemistry_template:40, Chemistry Template: Hydrogen Peroxide Production
hbm:chemistry_template:90, Chemistry Template: Sulfuric Acid Production
hbm:chemistry_template:92, Chemistry Template: Nitric Acid Production
hbm:chemistry_template:93, Chemistry Template: Organic Solvent Mixing
hbm:chemistry_template:43, Chemistry Template: Polymer Synthesis
hbm:chemistry_template:81, Chemistry Template: Bakelite Production
hbm:chemistry_template:82, Chemistry Template: Rubber Production
hbm:chemistry_template:94, Chemistry Template: Polycarbonate Synthesis
hbm:chemistry_template:96, Chemistry Template: Polyvinylchloride Synthesis
hbm:chemistry_template:89, Chemistry Template: Dynamite Synthesis
hbm:chemistry_template:83, Chemistry Template: TNT Synthesis
hbm:chemistry_template:95, Chemistry Template: TATB Synthesis
hbm:chemistry_template:84, Chemistry Template: C-4 Synthesis
hbm:chemistry_template:46, Chemistry Template: Yellowcake Production
hbm:chemistry_template:47, Chemistry Template: Uranium Hexafluoride Production
hbm:chemistry_template:48, Chemistry Template: Plutonium Hexafluoride Production
hbm:chemistry_template:49, Chemistry Template: Schrabidium Trisulfide Production
hbm:chemistry_template:53, Chemistry Template: Cordite Production
hbm:chemistry_template:54, Chemistry Template: Kevlar Compound Production
hbm:chemistry_template:55, Chemistry Template: Concrete Production
hbm:chemistry_template:56, Chemistry Template: Asbestos Concrete Production
hbm:chemistry_template:79, Chemistry Template: Ducrete Production
hbm:chemistry_template:57, Chemistry Template: Solid Rocket Fuel Production
hbm:chemistry_template:58, Chemistry Template: Cryo-Electrolysis
hbm:chemistry_template:59, Chemistry Template: Linde Xenon Cycle
hbm:chemistry_template:60, Chemistry Template: Boosted Linde Xenon Cycle
hbm:chemistry_template:62, Chemistry Template: BF Rocket Fuel Mixing
hbm:chemistry_template:63, Chemistry Template: Schrabidic Acid Mixing
hbm:chemistry_template:64, Chemistry Template: Ferric Schrabidate Production
hbm:chemistry_template:65, Chemistry Template: Coltan Purifying
hbm:chemistry_template:66, Chemistry Template: Pandemonium(III)tantalite Production
hbm:chemistry_template:67, Chemistry Template: Tantalium Crystallizing
hbm:chemistry_template:68, Chemistry Template: Liquid Nuclear Waste Vitrification
hbm:chemistry_template:69, Chemistry Template: Gaseous Nuclear Waste Vitrification
hbm:chemistry_template:88, Chemistry Template: Lubricant Mixing
hbm:chemistry_template:4, Chemistry Template: Oil Reprocessing
hbm:chemistry_template:5, Chemistry Template: Petroil Mixing
hbm:chemistry_template:71, Chemistry Template: Gasoline Production
hbm:chemistry_template:72, Chemistry Template: Fracking Solution Production
hbm:chemistry_template:73, Chemistry Template: Helium-3 Extraction from Moon Turf
hbm:chemistry_template:74, Chemistry Template: Osmiridic Solution Production
hbm:chemistry_template:75, Chemistry Template: Ethanol Production
hbm:chemistry_template:76, Chemistry Template: Methamphetamine Synthesis
hbm:chemistry_template:77, Chemistry Template: Carbon Dioxide Production
hbm:chemistry_template:78, Chemistry Template: Heavy Water Cryo-Electrolysis
hbm:chemistry_template:80, Chemistry Template: Ender Pearl Synthesis
hbm:chemistry_template:98, Chemistry Template: Chlorine Gas Artillery Shell Production
hbm:chemistry_template:99, Chemistry Template: Phosgene Artillery Shell Production
hbm:chemistry_template:100, Chemistry Template: Mustard Gas Artillery Shell Production
hbm:chemistry_template:101, Chemistry Template: Chlorocalcite Separation
hbm:chemistry_template:102, Chemistry Template: Thorium Salt Enrichment
hbm:chemistry_icon:31, Chemistry Template: Biogas Production
hbm:chemistry_icon:32, Chemistry Template: Biofuel Transesterification
hbm:chemistry_icon:33, Chemistry Template: Petroleum Gas Liquefaction
hbm:chemistry_icon:34, Chemistry Template: Tar Sand Extraction
hbm:chemistry_icon:35, Chemistry Template: Asphalt Production
hbm:chemistry_icon:36, Chemistry Template: Coolant Mixing
hbm:chemistry_icon:37, Chemistry Template: Cryogel Mixing
hbm:chemistry_icon:38, Chemistry Template: Desh Production
hbm:chemistry_icon:39, Chemistry Template: NITAN Super Fuel Mixing
hbm:chemistry_icon:40, Chemistry Template: Hydrogen Peroxide Production
hbm:chemistry_icon:90, Chemistry Template: Sulfuric Acid Production
hbm:chemistry_icon:92, Chemistry Template: Nitric Acid Production
hbm:chemistry_icon:93, Chemistry Template: Organic Solvent Mixing
hbm:chemistry_icon:43, Chemistry Template: Polymer Synthesis
hbm:chemistry_icon:81, Chemistry Template: Bakelite Production
hbm:chemistry_icon:82, Chemistry Template: Rubber Production
hbm:chemistry_icon:94, Chemistry Template: Polycarbonate Synthesis
hbm:chemistry_icon:96, Chemistry Template: Polyvinylchloride Synthesis
hbm:chemistry_icon:89, Chemistry Template: Dynamite Synthesis
hbm:chemistry_icon:83, Chemistry Template: TNT Synthesis
hbm:chemistry_icon:95, Chemistry Template: TATB Synthesis
hbm:chemistry_icon:84, Chemistry Template: C-4 Synthesis
hbm:chemistry_icon:46, Chemistry Template: Yellowcake Production
hbm:chemistry_icon:47, Chemistry Template: Uranium Hexafluoride Production
hbm:chemistry_icon:48, Chemistry Template: Plutonium Hexafluoride Production
hbm:chemistry_icon:49, Chemistry Template: Schrabidium Trisulfide Production
hbm:chemistry_icon:53, Chemistry Template: Cordite Production
hbm:chemistry_icon:54, Chemistry Template: Kevlar Compound Production
hbm:chemistry_icon:55, Chemistry Template: Concrete Production
hbm:chemistry_icon:56, Chemistry Template: Asbestos Concrete Production
hbm:chemistry_icon:79, Chemistry Template: Ducrete Production
hbm:chemistry_icon:57, Chemistry Template: Solid Rocket Fuel Production
hbm:chemistry_icon:58, Chemistry Template: Cryo-Electrolysis
hbm:chemistry_icon:59, Chemistry Template: Linde Xenon Cycle
hbm:chemistry_icon:60, Chemistry Template: Boosted Linde Xenon Cycle
hbm:chemistry_icon:62, Chemistry Template: BF Rocket Fuel Mixing
hbm:chemistry_icon:63, Chemistry Template: Schrabidic Acid Mixing
hbm:chemistry_icon:64, Chemistry Template: Ferric Schrabidate Production
hbm:chemistry_icon:65, Chemistry Template: Coltan Purifying
hbm:chemistry_icon:66, Chemistry Template: Pandemonium(III)tantalite Production
hbm:chemistry_icon:67, Chemistry Template: Tantalium Crystallizing
hbm:chemistry_icon:68, Chemistry Template: Liquid Nuclear Waste Vitrification
hbm:chemistry_icon:69, Chemistry Template: Gaseous Nuclear Waste Vitrification
hbm:chemistry_icon:88, Chemistry Template: Lubricant Mixing
hbm:chemistry_icon:4, Chemistry Template: Oil Reprocessing
hbm:chemistry_icon:5, Chemistry Template: Petroil Mixing
hbm:chemistry_icon:71, Chemistry Template: Gasoline Production
hbm:chemistry_icon:72, Chemistry Template: Fracking Solution Production
hbm:chemistry_icon:73, Chemistry Template: Helium-3 Extraction from Moon Turf
hbm:chemistry_icon:74, Chemistry Template: Osmiridic Solution Production
hbm:chemistry_icon:75, Chemistry Template: Ethanol Production
hbm:chemistry_icon:76, Chemistry Template: Methamphetamine Synthesis
hbm:chemistry_icon:77, Chemistry Template: Carbon Dioxide Production
hbm:chemistry_icon:78, Chemistry Template: Heavy Water Cryo-Electrolysis
hbm:chemistry_icon:80, Chemistry Template: Ender Pearl Synthesis
hbm:chemistry_icon:98, Chemistry Template: Chlorine Gas Artillery Shell Production
hbm:chemistry_icon:99, Chemistry Template: Phosgene Artillery Shell Production
hbm:chemistry_icon:100, Chemistry Template: Mustard Gas Artillery Shell Production
hbm:chemistry_icon:101, Chemistry Template: Chlorocalcite Separation
hbm:chemistry_icon:102, Chemistry Template: Thorium Salt Enrichment
hbm:fluid_identifier_multi, Multi Fluid Identifier
hbm:ff_fluid_duct:152, Fluid Duct: Compressed Air
hbm:ff_fluid_duct:1, Fluid Duct: Water
hbm:ff_fluid_duct:60, Fluid Duct: Heavy Water
hbm:ff_fluid_duct:125, Fluid Duct: Hot Heavy Water
hbm:ff_fluid_duct:7, Fluid Duct: Lava
hbm:ff_fluid_duct:2, Fluid Duct: Steam
hbm:ff_fluid_duct:3, Fluid Duct: Dense Steam
hbm:ff_fluid_duct:4, Fluid Duct: Super Dense Steam
hbm:ff_fluid_duct:5, Fluid Duct: Ultra Dense Steam
hbm:ff_fluid_duct:48, Fluid Duct: Low-Pressure Steam
hbm:ff_fluid_duct:55, Fluid Duct: Carbon Dioxide
hbm:ff_fluid_duct:6, Fluid Duct: Coolant
hbm:ff_fluid_duct:76, Fluid Duct: Hot Coolant
hbm:ff_fluid_duct:145, Fluid Duct: Perfluoromethyl
hbm:ff_fluid_duct:146, Fluid Duct: Cold Perfluoromethyl
hbm:ff_fluid_duct:147, Fluid Duct: Hot Perfluoromethyl
hbm:ff_fluid_duct:37, Fluid Duct: Cryogel
hbm:ff_fluid_duct:77, Fluid Duct: Mug Root Beer
hbm:ff_fluid_duct:78, Fluid Duct: Hot Mug Root Beer
hbm:ff_fluid_duct:84, Fluid Duct: Blood
hbm:ff_fluid_duct:85, Fluid Duct: Hot Blood
hbm:ff_fluid_duct:126, Fluid Duct: Liquid Sodium
hbm:ff_fluid_duct:127, Fluid Duct: Hot Liquid Sodium
hbm:ff_fluid_duct:143, Fluid Duct: Liquid Lead
hbm:ff_fluid_duct:144, Fluid Duct: Hot Liquid Lead
hbm:ff_fluid_duct:128, Fluid Duct: Liquid Thorium Salt
hbm:ff_fluid_duct:129, Fluid Duct: Hot Liquid Thorium Salt
hbm:ff_fluid_duct:130, Fluid Duct: Depleted Liquid Thorium Salt
hbm:ff_fluid_duct:38, Fluid Duct: Liquid Hydrogen
hbm:ff_fluid_duct:8, Fluid Duct: Deuterium
hbm:ff_fluid_duct:9, Fluid Duct: Tritium
hbm:ff_fluid_duct:57, Fluid Duct: Helium-3
hbm:ff_fluid_duct:124, Fluid Duct: Helium-4
hbm:ff_fluid_duct:39, Fluid Duct: Liquid Oxygen
hbm:ff_fluid_duct:40, Fluid Duct: Xenon Gas
hbm:ff_fluid_duct:90, Fluid Duct: Chlorine Gas
hbm:ff_fluid_duct:42, Fluid Duct: Mercury
hbm:ff_fluid_duct:10, Fluid Duct: Crude Oil
hbm:ff_fluid_duct:134, Fluid Duct: Desulfurized Crude Oil
hbm:ff_fluid_duct:61, Fluid Duct: Cracked Oil
hbm:ff_fluid_duct:136, Fluid Duct: Desulfurized Cracked Oil
hbm:ff_fluid_duct:62, Fluid Duct: Coal Oil
hbm:ff_fluid_duct:105, Fluid Duct: Coker Oil
hbm:ff_fluid_duct:11, Fluid Duct: Hot Crude Oil
hbm:ff_fluid_duct:135, Fluid Duct: Desulfurized Hot Crude Oil
hbm:ff_fluid_duct:63, Fluid Duct: Hot Cracked Oil
hbm:ff_fluid_duct:137, Fluid Duct: Desulfurized Hot Cracked Oil
hbm:ff_fluid_duct:12, Fluid Duct: Heavy Oil
hbm:ff_fluid_duct:91, Fluid Duct: Vacuum Heavy Oil
hbm:ff_fluid_duct:19, Fluid Duct: Naphtha
hbm:ff_fluid_duct:138, Fluid Duct: Desulfurized Naphtha
hbm:ff_fluid_duct:64, Fluid Duct: Cracked Naphtha
hbm:ff_fluid_duct:106, Fluid Duct: Coker Naphtha
hbm:ff_fluid_duct:92, Fluid Duct: Reformate
hbm:ff_fluid_duct:21, Fluid Duct: Light Oil
hbm:ff_fluid_duct:139, Fluid Duct: Desulfurized Light Oil
hbm:ff_fluid_duct:65, Fluid Duct: Cracked Light Oil
hbm:ff_fluid_duct:93, Fluid Duct: Vacuum Light Oil
hbm:ff_fluid_duct:13, Fluid Duct: Bitumen
hbm:ff_fluid_duct:14, Fluid Duct: Industrial Oil
hbm:ff_fluid_duct:15, Fluid Duct: Heating Oil
hbm:ff_fluid_duct:96, Fluid Duct: Heavy Heating Oil
hbm:ff_fluid_duct:16, Fluid Duct: Reclaimed Industrial Oil
hbm:ff_fluid_duct:18, Fluid Duct: Engine Lubricant
hbm:ff_fluid_duct:23, Fluid Duct: Natural Gas
hbm:ff_fluid_duct:107, Fluid Duct: Coker Gas
hbm:ff_fluid_duct:24, Fluid Duct: Petroleum Gas
hbm:ff_fluid_duct:94, Fluid Duct: Sour Gas
hbm:ff_fluid_duct:25, Fluid Duct: LPG
hbm:ff_fluid_duct:86, Fluid Duct: Syngas
hbm:ff_fluid_duct:87, Fluid Duct: Oxyhydrogen
hbm:ff_fluid_duct:67, Fluid Duct: Aromatic Hydrocarbons
hbm:ff_fluid_duct:68, Fluid Duct: Unsaturated Hydrocarbons
hbm:ff_fluid_duct:95, Fluid Duct: BTX
hbm:ff_fluid_duct:100, Fluid Duct: Reformate Gas
hbm:ff_fluid_duct:20, Fluid Duct: Diesel
hbm:ff_fluid_duct:97, Fluid Duct: High-Cetane Diesel
hbm:ff_fluid_duct:66, Fluid Duct: Cracked Diesel
hbm:ff_fluid_duct:98, Fluid Duct: High-Cetane Cracked Diesel
hbm:ff_fluid_duct:22, Fluid Duct: Kerosene
hbm:ff_fluid_duct:99, Fluid Duct: Jet Fuel
hbm:ff_fluid_duct:17, Fluid Duct: Petroil
hbm:ff_fluid_duct:72, Fluid Duct: Leaded Petroil
hbm:ff_fluid_duct:46, Fluid Duct: Gasoline
hbm:ff_fluid_duct:73, Fluid Duct: Leaded Gasoline
hbm:ff_fluid_duct:47, Fluid Duct: Coal Gasoline
hbm:ff_fluid_duct:74, Fluid Duct: Leaded Coal Gasoline
hbm:ff_fluid_duct:80, Fluid Duct: Coal Tar Creosote
hbm:ff_fluid_duct:79, Fluid Duct: Wood Oil
hbm:ff_fluid_duct:26, Fluid Duct: Biogas
hbm:ff_fluid_duct:27, Fluid Duct: Biofuel
hbm:ff_fluid_duct:59, Fluid Duct: Ethanol
hbm:ff_fluid_duct:111, Fluid Duct: Fish Oil
hbm:ff_fluid_duct:112, Fluid Duct: Sunflower Seed Oil
hbm:ff_fluid_duct:28, Fluid Duct: NITAN© 100 Octane Super Fuel
hbm:ff_fluid_duct:154, Fluid Duct: Deuterated Hydrocarbon
hbm:ff_fluid_duct:41, Fluid Duct: BF Rocket Fuel
hbm:ff_fluid_duct:69, Fluid Duct: Salient Green
hbm:ff_fluid_duct:81, Fluid Duct: Seeding Slurry
hbm:ff_fluid_duct:101, Fluid Duct: Colloid
hbm:ff_fluid_duct:141, Fluid Duct: Vitriol
hbm:ff_fluid_duct:142, Fluid Duct: Ore Slop
hbm:ff_fluid_duct:104, Fluid Duct: Ionic Gel
hbm:ff_fluid_duct:35, Fluid Duct: Hydrogen Peroxide
hbm:ff_fluid_duct:75, Fluid Duct: Sulfuric Acid
hbm:ff_fluid_duct:82, Fluid Duct: Nitric Acid
hbm:ff_fluid_duct:83, Fluid Duct: Solvent
hbm:ff_fluid_duct:88, Fluid Duct: High-Performance Solvent
hbm:ff_fluid_duct:32, Fluid Duct: Schrabidic Acid
hbm:ff_fluid_duct:29, Fluid Duct: Uranium Hexafluoride
hbm:ff_fluid_duct:30, Fluid Duct: Plutonium Hexafluoride
hbm:ff_fluid_duct:31, Fluid Duct: Schrabidium Trisulfide
hbm:ff_fluid_duct:43, Fluid Duct: Pandemonium(III)tantalite Solution
hbm:ff_fluid_duct:58, Fluid Duct: Osmiridic Solution
hbm:ff_fluid_duct:36, Fluid Duct: Poisonous Mud
hbm:ff_fluid_duct:114, Fluid Duct: Red Mud
hbm:ff_fluid_duct:131, Fluid Duct: Fullerene Solution
hbm:ff_fluid_duct:108, Fluid Duct: Dissolved Egg
hbm:ff_fluid_duct:109, Fluid Duct: Cholesterol Solution
hbm:ff_fluid_duct:115, Fluid Duct: Chlorocalcite Solution
hbm:ff_fluid_duct:116, Fluid Duct: Mixed Chlorocalcite Solution
hbm:ff_fluid_duct:117, Fluid Duct: Cleaned Chlorocalcite Solution
hbm:ff_fluid_duct:118, Fluid Duct: Potassiumchloride Solution
hbm:ff_fluid_duct:119, Fluid Duct: Calciumchloride Solution
hbm:ff_fluid_duct:120, Fluid Duct: Calcium Solution
hbm:ff_fluid_duct:149, Fluid Duct: Sodium Aluminate
hbm:ff_fluid_duct:150, Fluid Duct: Bauxite Solution
hbm:ff_fluid_duct:151, Fluid Duct: Alumina
hbm:ff_fluid_duct:153, Fluid Duct: Liquid Concrete
hbm:ff_fluid_duct:49, Fluid Duct: Fracking Solution
hbm:ff_fluid_duct:148, Fluid Duct: Lye
hbm:ff_fluid_duct:102, Fluid Duct: Phosgene
hbm:ff_fluid_duct:103, Fluid Duct: Mustard Gas
hbm:ff_fluid_duct:110, Fluid Duct: Estradiol Solution
hbm:ff_fluid_duct:113, Fluid Duct: Nitroglycerin
hbm:ff_fluid_duct:33, Fluid Duct: Antimatter
hbm:ff_fluid_duct:34, Fluid Duct: Antischrabidium
hbm:ff_fluid_duct:44, Fluid Duct: Liquid Nuclear Waste
hbm:ff_fluid_duct:45, Fluid Duct: Gaseous Nuclear Waste
hbm:ff_fluid_duct:70, Fluid Duct: Experience Juice
hbm:ff_fluid_duct:71, Fluid Duct: Ender Juice
hbm:ff_fluid_duct:140, Fluid Duct: Stellar Flux
hbm:ff_fluid_duct:132, Fluid Duct: Booster Pheromone
hbm:ff_fluid_duct:133, Fluid Duct: Modified Booster Pheromone
hbm:ff_fluid_duct:89, Fluid Duct: Hydrazine
hbm:ff_fluid_duct:1000, Fluid Duct: Custom Fluid Demo
hbm:ff_fluid_duct:4000, Fluid Duct: Oxygen-Rich Air
hbm:ff_fluid_duct:4001, Fluid Duct: Carbon Tetrachloride
hbm:ff_fluid_duct:4002, Fluid Duct: Chloroethane
hbm:ff_fluid_duct:4003, Fluid Duct: Chlorinated Benzenes
hbm:ff_fluid_duct:4004, Fluid Duct: Vinyl Chloride
hbm:ff_fluid_duct:4005, Fluid Duct: Aqueous Copper
hbm:ff_fluid_duct:4006, Fluid Duct: Aqueous Nickel
hbm:ff_fluid_duct:4007, Fluid Duct: Copper Sulfate
hbm:ff_fluid_duct:4008, Fluid Duct: Brine
hbm:ff_fluid_duct:4009, Fluid Duct: Conglomera
hbm:ff_fluid_duct:4010, Fluid Duct: Halide Gas
hbm:ff_fluid_duct:4011, Fluid Duct: Light Halocarbons
hbm:ff_fluid_duct:4012, Fluid Duct: hbmfluid.lithcarbonate
hbm:ff_fluid_duct:4013, Fluid Duct: Tektonic Crude
hbm:ff_fluid_duct:4014, Fluid Duct: Elbow Grease
hbm:ff_fluid_duct:4015, Fluid Duct: N-MASS(III) Tetrahexaethanol
hbm:ff_fluid_duct:4016, Fluid Duct: N-MASS(II) Driver Fuel
hbm:ff_fluid_duct:4017, Fluid Duct: Scutterblood
hbm:ff_fluid_duct:4018, Fluid Duct: Pertechnetic Acid
hbm:ff_fluid_duct:4019, Fluid Duct: Neon Gas
hbm:ff_fluid_duct:4020, Fluid Duct: Argon Gas
hbm:ff_fluid_duct:4021, Fluid Duct: Krypton Gas
hbm:ff_fluid_duct:4022, Fluid Duct: Coffee
hbm:ff_fluid_duct:4023, Fluid Duct: Tea
hbm:ff_fluid_duct:4024, Fluid Duct: Honey
hbm:ff_fluid_duct:4025, Fluid Duct: Olive Oil
hbm:ff_fluid_duct:4026, Fluid Duct: Fluorine
hbm:ff_fluid_duct:4027, Fluid Duct: Duna Air
hbm:ff_fluid_duct:4028, Fluid Duct: Tekto Air
hbm:ff_fluid_duct:4029, Fluid Duct: Jool Air
hbm:ff_fluid_duct:4030, Fluid Duct: Sarnus Air
hbm:ff_fluid_duct:4031, Fluid Duct: Urlum Air
hbm:ff_fluid_duct:4032, Fluid Duct: Neidon Air
hbm:ff_fluid_duct:4033, Fluid Duct: Milk
hbm:ff_fluid_duct:4034, Fluid Duct: Strawberry Milk
hbm:ff_fluid_duct:4035, Fluid Duct: Eve Air
hbm:ff_fluid_duct:4036, Fluid Duct: Potassium Permanganate Solution
hbm:ff_fluid_duct:4037, Fluid Duct: Chloromethane
hbm:ff_fluid_duct:4038, Fluid Duct: Methanol
hbm:ff_fluid_duct:4039, Fluid Duct: Alkyl Bromide
hbm:ff_fluid_duct:4040, Fluid Duct: Methylene
hbm:ff_fluid_duct:4041, Fluid Duct: Polyethylene
hbm:ff_fluid_duct:4042, Fluid Duct: Hydrochloric Acid
hbm:ff_fluid_duct:4043, Fluid Duct: Ammonia
hbm:ff_fluid_duct:4044, Fluid Duct: Blood Fuel
hbm:ff_fluid_duct:4045, Fluid Duct: Mineral Slurry
hbm:ff_fluid_duct:4046, Fluid Duct: Liquid Nitrogen
hbm:ff_fluid_duct:4047, Fluid Duct: Evaporated Milk
hbm:ff_fluid_duct:4048, Fluid Duct: Condensed Milk
hbm:ff_fluid_duct:4049, Fluid Duct: Heavy Whipping Cream
hbm:ff_fluid_duct:4050, Fluid Duct: Dicyanoacetylene
hbm:ff_fluid_duct:4051, Fluid Duct: Morkite
hbm:ff_fluid_duct:4052, Fluid Duct: Morkine
hbm:ff_fluid_duct:4053, Fluid Duct: Morkite Slurry
hbm:ff_fluid_duct:4055, Fluid Duct: Uranium Bromide
hbm:ff_fluid_duct:4056, Fluid Duct: Plutonium Bromide
hbm:ff_fluid_duct:4057, Fluid Duct: Schrabidium Bromide
hbm:ff_fluid_duct:4058, Fluid Duct: Thorium Bromide
hbm:ff_fluid_duct:4063, Fluid Duct: hbmfluid.gaseous_hydrogen
hbm:ff_fluid_duct:4065, Fluid Duct: hbmfluid.lithydro
hbm:mese_gavel, Mese Gavel
hbm:mese_pickaxe, Mese Pickaxe
hbm:mese_axe, Mese Axe
hbm:dnt_sword, dinuatureum sword
hbm:dwarven_pickaxe, Dwarven Pickaxe
hbm:crystal_coal, Coal Crystals
hbm:crystal_iron, Iron Crystals
hbm:crystal_gold, Gold Crystals
hbm:crystal_redstone, Redstone Crystals
hbm:crystal_lapis, Lapis Crystals
hbm:crystal_diamond, Diamond Crystals
hbm:crystal_uranium, Uranium Crystals
hbm:crystal_thorium, Thorium Crystals
hbm:crystal_plutonium, Plutonium Crystals
hbm:crystal_titanium, Titanium Crystals
hbm:crystal_sulfur, Sulfur Crystals
hbm:crystal_niter, Niter Crystals
hbm:crystal_copper, Copper Crystals
hbm:crystal_tungsten, Tungsten Crystals
hbm:crystal_aluminium, Aluminium Crystals
hbm:crystal_fluorite, Fluorite Crystals
hbm:crystal_beryllium, Beryllium Crystals
hbm:crystal_lead, Lead Crystals
hbm:crystal_asbestos, Asbestos Crystals
hbm:crystal_schraranium, Schraranium Crystals
hbm:crystal_schrabidium, Schrabidium Crystals
hbm:crystal_rare, Rare Earth Crystals
hbm:crystal_phosphorus, Phosphorus Crystals
hbm:crystal_lithium, Lithium Crystals
hbm:crystal_cinnabar, Cinnabar Crystals
hbm:crystal_cobalt, Cobalt Crystals
hbm:crystal_starmetal, Starmetal Crystals
hbm:crystal_trixite, Trixite Crystals
hbm:crystal_osmiridium, Osmiridium Crystals
hbm:gem_tantalium, Tantalium Polycrystal
hbm:gem_volcanic, Volcanic Gem
hbm:gem_sodalite, Sodalite
hbm:gem_rad, Radioactive Gem
hbm:gem_alexandrite, Alexandrite
hbm:upgrade_muffler, Muffler
hbm:upgrade_template, Machine Upgrade Template
hbm:deuterium_filter, Deuterium Filter
hbm:parts_legendary:0, Legendary Parts
hbm:parts_legendary:1, Legendary Parts
hbm:parts_legendary:2, Legendary Parts
hbm:sawblade, Sawblade
hbm:gear_large:0, Large Gear
hbm:gear_large:1, Large Steel Gear
hbm:crt_display,  Cathode Ray Tube
hbm:circuit_star_piece:0, SC - Printed Circuit Board
hbm:circuit_star_piece:1, SC - Transistors
hbm:circuit_star_piece:2, SC - Voltage Converter
hbm:circuit_star_piece:3, SC - North Bridge
hbm:circuit_star_piece:4, SC - South Bridge
hbm:circuit_star_piece:5, SC - IO Chip
hbm:circuit_star_piece:6, SC - BUS
hbm:circuit_star_piece:7, SC - Chipset
hbm:circuit_star_piece:8, SC - CMOS RAM
hbm:circuit_star_piece:9, SC- BIOS Chip
hbm:circuit_star_piece:10, SC - CPU Register
hbm:circuit_star_piece:11, SC - CPU Clock
hbm:circuit_star_piece:12, SC - Arithmetic Logic Unit
hbm:circuit_star_piece:13, SC - CPU Cache
hbm:circuit_star_piece:14, SC - Arsenic Semi Conductor Extension
hbm:circuit_star_piece:15, SC - CPU Socket
hbm:circuit_star_piece:16, SC - Memory Socket
hbm:circuit_star_piece:17, SC - 16k Memory Stick Slot A
hbm:circuit_star_piece:18, SC - 16k Memory Stick Slot B
hbm:circuit_star_piece:19, SC - 16k Memory Stick Slot C
hbm:circuit_star_piece:20, SC - 16k Memory Stick Slot D
hbm:circuit_star_piece:21, SC - Extension Card Board
hbm:circuit_star_piece:22, SC - Extension Card Processor
hbm:circuit_star_component:0, StarControl Chipset
hbm:circuit_star_component:1, StarControl CPU
hbm:circuit_star_component:2, StarControl RAM
hbm:circuit_star_component:3, StarControl Extension Card
hbm:circuit_star, StarControl Circuit Board
hbm:mechanism_revolver_1, Revolver Mechanism
hbm:mechanism_revolver_2, Advanced Revolver Mechanism
hbm:mechanism_rifle_1, Rifle Mechanism
hbm:mechanism_rifle_2, Advanced Rifle Mechanism
hbm:mechanism_launcher_1, Launcher Mechanism
hbm:mechanism_launcher_2, Advanced Launcher Mechanism
hbm:mechanism_special, High-Tech Weapon Mechanism
hbm:primer_357, .357 Magnum Primer (x24)
hbm:primer_44, .44 Magnum Primer (x24)
hbm:primer_9, Small Caliber Primer (x32)
hbm:primer_50, Large Caliber Primer (x12)
hbm:primer_buckshot, Buckshot Primer (x12)
hbm:casing_357, .357 Magnum Casings
hbm:casing_44, .44 Magnum Casings
hbm:casing_9, Small Caliber Casings
hbm:casing_50, Large Caliber Casings
hbm:casing_buckshot, Buckshot Casing
hbm:coil_advanced_alloy, Super Conducting Coil
hbm:coil_advanced_torus, Super Conducting Ring Coil
hbm:coil_gold, Gold Coil
hbm:coil_gold_torus, Golden Ring Coil
hbm:coil_tungsten, Heating Coil
hbm:coil_copper, Copper Coil
hbm:coil_copper_torus, Ring Coil
hbm:coil_magnetized_tungsten, 4000K High Temperature Super Conducting Coil
hbm:assembly_nuke, Mini Nuke Shell
hbm:ammo_shell:0, 240mm Shell
hbm:ammo_shell:1, 240mm HE Shell
hbm:ammo_shell:2, 240mm APFSDS-T
hbm:ammo_shell:3, 240mm APFSDS-DU
hbm:ammo_shell:4, 240mm W9 Nuclear Shell
hbm:ammo_dgk, Goalkeeper Twin CIWS 200 Round Belt
hbm:ammo_fireext:0, Fire Extinguisher Water Tank
hbm:ammo_fireext:1, Fire Extinguisher Foam Tank
hbm:ammo_fireext:2, Fire Extinguisher Sand Tank
hbm:ammo_misc:0, item.ammo_dkg.name
hbm:ammo_arty:0, 16" Artillery Shell
hbm:ammo_arty:1, 16" Artillery Shell (The Factorio Special)
hbm:ammo_arty:2, 16" High Explosive Artillery Shell
hbm:ammo_arty:3, 16" Micro Nuclear Artillery Shell
hbm:ammo_arty:4, 16" Nuclear Artillery Shell
hbm:ammo_arty:5, 16" Phosphorus Shell
hbm:ammo_arty:6, 16" Multi Micro Nuclear Artillery Shell
hbm:ammo_arty:7, 16" Multi Phosphorus Shell
hbm:ammo_arty:8, 16" Express Delivery Artillery Shell
hbm:ammo_arty:9, 16" Chlorine Gas Artillery Shell
hbm:ammo_arty:10, 16" Phosgene Artillery Shell
hbm:ammo_arty:11, 16" Mustard Gas Artillery Shell
hbm:ammo_himars:0, 227mm Guided Artillery Rocket Pod
hbm:ammo_himars:1, 227mm Guided Artillery Rocket Pod (HE)
hbm:ammo_himars:2, 227mm Guided Artillery Rocket Pod (WP)
hbm:ammo_himars:3, 227mm Guided Artillery Rocket Pod (Thermobaric)
hbm:ammo_himars:4, 227mm Guided Artillery Rocket Pod (Lava)
hbm:ammo_himars:5, 227mm Guided Artillery Rocket Pod (Mini Nuke)
hbm:ammo_himars:6, 610mm Guided Artillery Rocket Pod
hbm:ammo_himars:7, 610mm Guided Artillery Rocket Pod (Thermobaric)
hbm:gun_b92_ammo, §9B92 Energy Cell§r
hbm:charge_railgun, Deuterium Plasma Capsule
hbm:ammo_container, Ammo Container
hbm:grenade_generic, Grenade
hbm:grenade_strong, Enhanced Grenade
hbm:grenade_frag, Frag Grenade
hbm:grenade_fire, Flame Frag Grenade
hbm:grenade_shrapnel, Shrapnel Grenade
hbm:grenade_cluster, Cluster Bomb
hbm:grenade_flare, Signal Flare
hbm:grenade_electric, Lightning Bomb
hbm:grenade_poison, Poison Grenade
hbm:grenade_gas, Gas Grenade
hbm:grenade_cloud, Jar of Corrosive Fumes
hbm:grenade_pink_cloud, Jar of Pink Cloud
hbm:grenade_smart, Smart Grenade
hbm:grenade_mirv, MIRV Grenade
hbm:grenade_breach, Breaching Grenade
hbm:grenade_burst, Digger Grenade
hbm:grenade_pulse, Impulse Grenade
hbm:grenade_plasma, Plasma Grenade
hbm:grenade_tau, Tau Grenade
hbm:grenade_schrabidium, Schrabidium Grenade
hbm:grenade_nuke, Mark VI Drill Grenade
hbm:grenade_lemon, Combustible Lemon
hbm:grenade_gascan, Tossable Gas Can
hbm:grenade_kyiv, Molotov Coctail
hbm:grenade_mk2, Mk 2 Grenade "Ambassador Pineapple"
hbm:grenade_aschrab, Tossable Antischrabidium Cell
hbm:grenade_nuclear, Nuka Grenade
hbm:grenade_zomg, Negative Energy Pair Annihilation Grenade
hbm:grenade_solinium, Solinium Grenade
hbm:grenade_black_hole, Black Hole Grenade
hbm:grenade_if_generic, IF - Grenade
hbm:grenade_if_he, IF - HE Grenade
hbm:grenade_if_bouncy, IF - Bouncy Grenade
hbm:grenade_if_sticky, IF - Sticky Grenade
hbm:grenade_if_impact, IF - Impact Grenade
hbm:grenade_if_incendiary, IF - Incendiary Grenade
hbm:grenade_if_toxic, IF - Toxic Grenade
hbm:grenade_if_concussion, IF - Concussion Grenade
hbm:grenade_if_brimstone, IF - Tossable Brimstone Mine
hbm:grenade_if_mystery, IF - M.-Grenade
hbm:grenade_if_hopwire, IF - Vortex Hopwire
hbm:grenade_if_spark, IF - S.-Grenade
hbm:grenade_if_null, IF - Null Grenade
hbm:weaponized_starblaster_cell, §cRigged Star Blaster Energy Cell§r
hbm:turret_control, Turret Controller
hbm:turret_chip, Turret AI-Chip
hbm:turret_biometry, Turret Telemetry Card
hbm:designator_arty_range, Long Range Artillery Remote
hbm:book_guide_book:1, Guide Book
hbm:book_guide_book:2, Guide Book
hbm:book_guide_book:3, Guide Book
hbm:book_guide_book:4, Guide Book
hbm:book_lore, item.book_lore.name
hbm:rune_blank, Blank Catalyst Matrix
hbm:rune_isa, Cool Catalyst Matrix
hbm:rune_dagaz, Balanced Catalyst Matrix
hbm:rune_hagalaz, Rough Catalyst Matrix
hbm:rune_jera, Multiplicative Catalyst Matrix
hbm:rune_thurisaz, Additive Catalyst Matrix
hbm:rbmk_lid, RBMK Cover Panel
hbm:rbmk_lid_glass, RBMK Glass Cover Panel
hbm:debris_graphite, Hot Graphite Chunk
hbm:debris_metal, Broken Metal Bar
hbm:debris_fuel, RBMK Fuel Chunk
hbm:debris_concrete, Broken Concrete
hbm:debris_shrapnel, Walkway Shrapnel
hbm:debris_exchanger, Heat Exchanger Piece
hbm:debris_element, Broken ZIRNOX Fuel Element
hbm:rbmk_pellet_zfb_bismuth:0, Bismuth ZFB Pellet
hbm:rbmk_pellet_zfb_bismuth:1, Bismuth ZFB Pellet
hbm:rbmk_pellet_zfb_bismuth:2, Bismuth ZFB Pellet
hbm:rbmk_pellet_zfb_bismuth:3, Bismuth ZFB Pellet
hbm:rbmk_pellet_zfb_bismuth:4, Bismuth ZFB Pellet
hbm:rbmk_pellet_zfb_bismuth:5, Bismuth ZFB Pellet
hbm:rbmk_pellet_zfb_bismuth:6, Bismuth ZFB Pellet
hbm:rbmk_pellet_zfb_bismuth:7, Bismuth ZFB Pellet
hbm:rbmk_pellet_zfb_bismuth:8, Bismuth ZFB Pellet
hbm:rbmk_pellet_zfb_bismuth:9, Bismuth ZFB Pellet
hbm:rbmk_pellet_zfb_pu241:0, Pu-241 ZFB Pellet
hbm:rbmk_pellet_zfb_pu241:1, Pu-241 ZFB Pellet
hbm:rbmk_pellet_zfb_pu241:2, Pu-241 ZFB Pellet
hbm:rbmk_pellet_zfb_pu241:3, Pu-241 ZFB Pellet
hbm:rbmk_pellet_zfb_pu241:4, Pu-241 ZFB Pellet
hbm:rbmk_pellet_zfb_pu241:5, Pu-241 ZFB Pellet
hbm:rbmk_pellet_zfb_pu241:6, Pu-241 ZFB Pellet
hbm:rbmk_pellet_zfb_pu241:7, Pu-241 ZFB Pellet
hbm:rbmk_pellet_zfb_pu241:8, Pu-241 ZFB Pellet
hbm:rbmk_pellet_zfb_pu241:9, Pu-241 ZFB Pellet
hbm:rbmk_pellet_zfb_am_mix:0, Fuel Grade Americium ZFB Pellet
hbm:rbmk_pellet_zfb_am_mix:1, Fuel Grade Americium ZFB Pellet
hbm:rbmk_pellet_zfb_am_mix:2, Fuel Grade Americium ZFB Pellet
hbm:rbmk_pellet_zfb_am_mix:3, Fuel Grade Americium ZFB Pellet
hbm:rbmk_pellet_zfb_am_mix:4, Fuel Grade Americium ZFB Pellet
hbm:rbmk_pellet_zfb_am_mix:5, Fuel Grade Americium ZFB Pellet
hbm:rbmk_pellet_zfb_am_mix:6, Fuel Grade Americium ZFB Pellet
hbm:rbmk_pellet_zfb_am_mix:7, Fuel Grade Americium ZFB Pellet
hbm:rbmk_pellet_zfb_am_mix:8, Fuel Grade Americium ZFB Pellet
hbm:rbmk_pellet_zfb_am_mix:9, Fuel Grade Americium ZFB Pellet
hbm:rbmk_pellet_ueu:0, NU Fuel Pellet
hbm:rbmk_pellet_ueu:1, NU Fuel Pellet
hbm:rbmk_pellet_ueu:2, NU Fuel Pellet
hbm:rbmk_pellet_ueu:3, NU Fuel Pellet
hbm:rbmk_pellet_ueu:4, NU Fuel Pellet
hbm:rbmk_pellet_ueu:5, NU Fuel Pellet
hbm:rbmk_pellet_ueu:6, NU Fuel Pellet
hbm:rbmk_pellet_ueu:7, NU Fuel Pellet
hbm:rbmk_pellet_ueu:8, NU Fuel Pellet
hbm:rbmk_pellet_ueu:9, NU Fuel Pellet
hbm:rbmk_pellet_meu:0, MEU Fuel Pellet
hbm:rbmk_pellet_meu:1, MEU Fuel Pellet
hbm:rbmk_pellet_meu:2, MEU Fuel Pellet
hbm:rbmk_pellet_meu:3, MEU Fuel Pellet
hbm:rbmk_pellet_meu:4, MEU Fuel Pellet
hbm:rbmk_pellet_meu:5, MEU Fuel Pellet
hbm:rbmk_pellet_meu:6, MEU Fuel Pellet
hbm:rbmk_pellet_meu:7, MEU Fuel Pellet
hbm:rbmk_pellet_meu:8, MEU Fuel Pellet
hbm:rbmk_pellet_meu:9, MEU Fuel Pellet
hbm:rbmk_pellet_heu233:0, HEU-233 Fuel Pellet
hbm:rbmk_pellet_heu233:1, HEU-233 Fuel Pellet
hbm:rbmk_pellet_heu233:2, HEU-233 Fuel Pellet
hbm:rbmk_pellet_heu233:3, HEU-233 Fuel Pellet
hbm:rbmk_pellet_heu233:4, HEU-233 Fuel Pellet
hbm:rbmk_pellet_heu233:5, HEU-233 Fuel Pellet
hbm:rbmk_pellet_heu233:6, HEU-233 Fuel Pellet
hbm:rbmk_pellet_heu233:7, HEU-233 Fuel Pellet
hbm:rbmk_pellet_heu233:8, HEU-233 Fuel Pellet
hbm:rbmk_pellet_heu233:9, HEU-233 Fuel Pellet
hbm:rbmk_pellet_heu235:0, HEU-235 Fuel Pellet
hbm:rbmk_pellet_heu235:1, HEU-235 Fuel Pellet
hbm:rbmk_pellet_heu235:2, HEU-235 Fuel Pellet
hbm:rbmk_pellet_heu235:3, HEU-235 Fuel Pellet
hbm:rbmk_pellet_heu235:4, HEU-235 Fuel Pellet
hbm:rbmk_pellet_heu235:5, HEU-235 Fuel Pellet
hbm:rbmk_pellet_heu235:6, HEU-235 Fuel Pellet
hbm:rbmk_pellet_heu235:7, HEU-235 Fuel Pellet
hbm:rbmk_pellet_heu235:8, HEU-235 Fuel Pellet
hbm:rbmk_pellet_heu235:9, HEU-235 Fuel Pellet
hbm:rbmk_pellet_thmeu:0, ThMEU Fuel Pellet
hbm:rbmk_pellet_thmeu:1, ThMEU Fuel Pellet
hbm:rbmk_pellet_thmeu:2, ThMEU Fuel Pellet
hbm:rbmk_pellet_thmeu:3, ThMEU Fuel Pellet
hbm:rbmk_pellet_thmeu:4, ThMEU Fuel Pellet
hbm:rbmk_pellet_thmeu:5, ThMEU Fuel Pellet
hbm:rbmk_pellet_thmeu:6, ThMEU Fuel Pellet
hbm:rbmk_pellet_thmeu:7, ThMEU Fuel Pellet
hbm:rbmk_pellet_thmeu:8, ThMEU Fuel Pellet
hbm:rbmk_pellet_thmeu:9, ThMEU Fuel Pellet
hbm:rbmk_pellet_lep:0, LEP Fuel Pellet
hbm:rbmk_pellet_lep:1, LEP Fuel Pellet
hbm:rbmk_pellet_lep:2, LEP Fuel Pellet
hbm:rbmk_pellet_lep:3, LEP Fuel Pellet
hbm:rbmk_pellet_lep:4, LEP Fuel Pellet
hbm:rbmk_pellet_lep:5, LEP Fuel Pellet
hbm:rbmk_pellet_lep:6, LEP Fuel Pellet
hbm:rbmk_pellet_lep:7, LEP Fuel Pellet
hbm:rbmk_pellet_lep:8, LEP Fuel Pellet
hbm:rbmk_pellet_lep:9, LEP Fuel Pellet
hbm:rbmk_pellet_mep:0, MEP Fuel Pellet
hbm:rbmk_pellet_mep:1, MEP Fuel Pellet
hbm:rbmk_pellet_mep:2, MEP Fuel Pellet
hbm:rbmk_pellet_mep:3, MEP Fuel Pellet
hbm:rbmk_pellet_mep:4, MEP Fuel Pellet
hbm:rbmk_pellet_mep:5, MEP Fuel Pellet
hbm:rbmk_pellet_mep:6, MEP Fuel Pellet
hbm:rbmk_pellet_mep:7, MEP Fuel Pellet
hbm:rbmk_pellet_mep:8, MEP Fuel Pellet
hbm:rbmk_pellet_mep:9, MEP Fuel Pellet
hbm:rbmk_pellet_hep239:0, HEP-239 Fuel Pellet
hbm:rbmk_pellet_hep239:1, HEP-239 Fuel Pellet
hbm:rbmk_pellet_hep239:2, HEP-239 Fuel Pellet
hbm:rbmk_pellet_hep239:3, HEP-239 Fuel Pellet
hbm:rbmk_pellet_hep239:4, HEP-239 Fuel Pellet
hbm:rbmk_pellet_hep239:5, HEP-239 Fuel Pellet
hbm:rbmk_pellet_hep239:6, HEP-239 Fuel Pellet
hbm:rbmk_pellet_hep239:7, HEP-239 Fuel Pellet
hbm:rbmk_pellet_hep239:8, HEP-239 Fuel Pellet
hbm:rbmk_pellet_hep239:9, HEP-239 Fuel Pellet
hbm:rbmk_pellet_hep241:0, HEP-241 Fuel Pellet
hbm:rbmk_pellet_hep241:1, HEP-241 Fuel Pellet
hbm:rbmk_pellet_hep241:2, HEP-241 Fuel Pellet
hbm:rbmk_pellet_hep241:3, HEP-241 Fuel Pellet
hbm:rbmk_pellet_hep241:4, HEP-241 Fuel Pellet
hbm:rbmk_pellet_hep241:5, HEP-241 Fuel Pellet
hbm:rbmk_pellet_hep241:6, HEP-241 Fuel Pellet
hbm:rbmk_pellet_hep241:7, HEP-241 Fuel Pellet
hbm:rbmk_pellet_hep241:8, HEP-241 Fuel Pellet
hbm:rbmk_pellet_hep241:9, HEP-241 Fuel Pellet
hbm:rbmk_pellet_lea:0, LEA Fuel Pellet
hbm:rbmk_pellet_lea:1, LEA Fuel Pellet
hbm:rbmk_pellet_lea:2, LEA Fuel Pellet
hbm:rbmk_pellet_lea:3, LEA Fuel Pellet
hbm:rbmk_pellet_lea:4, LEA Fuel Pellet
hbm:rbmk_pellet_lea:5, LEA Fuel Pellet
hbm:rbmk_pellet_lea:6, LEA Fuel Pellet
hbm:rbmk_pellet_lea:7, LEA Fuel Pellet
hbm:rbmk_pellet_lea:8, LEA Fuel Pellet
hbm:rbmk_pellet_lea:9, LEA Fuel Pellet
hbm:rbmk_pellet_mea:0, MEA Fuel Pellet
hbm:rbmk_pellet_mea:1, MEA Fuel Pellet
hbm:rbmk_pellet_mea:2, MEA Fuel Pellet
hbm:rbmk_pellet_mea:3, MEA Fuel Pellet
hbm:rbmk_pellet_mea:4, MEA Fuel Pellet
hbm:rbmk_pellet_mea:5, MEA Fuel Pellet
hbm:rbmk_pellet_mea:6, MEA Fuel Pellet
hbm:rbmk_pellet_mea:7, MEA Fuel Pellet
hbm:rbmk_pellet_mea:8, MEA Fuel Pellet
hbm:rbmk_pellet_mea:9, MEA Fuel Pellet
hbm:rbmk_pellet_hea241:0, HEA-241 Fuel Pellet
hbm:rbmk_pellet_hea241:1, HEA-241 Fuel Pellet
hbm:rbmk_pellet_hea241:2, HEA-241 Fuel Pellet
hbm:rbmk_pellet_hea241:3, HEA-241 Fuel Pellet
hbm:rbmk_pellet_hea241:4, HEA-241 Fuel Pellet
hbm:rbmk_pellet_hea241:5, HEA-241 Fuel Pellet
hbm:rbmk_pellet_hea241:6, HEA-241 Fuel Pellet
hbm:rbmk_pellet_hea241:7, HEA-241 Fuel Pellet
hbm:rbmk_pellet_hea241:8, HEA-241 Fuel Pellet
hbm:rbmk_pellet_hea241:9, HEA-241 Fuel Pellet
hbm:rbmk_pellet_hea242:0, HEA-242 Fuel Pellet
hbm:rbmk_pellet_hea242:1, HEA-242 Fuel Pellet
hbm:rbmk_pellet_hea242:2, HEA-242 Fuel Pellet
hbm:rbmk_pellet_hea242:3, HEA-242 Fuel Pellet
hbm:rbmk_pellet_hea242:4, HEA-242 Fuel Pellet
hbm:rbmk_pellet_hea242:5, HEA-242 Fuel Pellet
hbm:rbmk_pellet_hea242:6, HEA-242 Fuel Pellet
hbm:rbmk_pellet_hea242:7, HEA-242 Fuel Pellet
hbm:rbmk_pellet_hea242:8, HEA-242 Fuel Pellet
hbm:rbmk_pellet_hea242:9, HEA-242 Fuel Pellet
hbm:rbmk_pellet_men:0, MEN Fuel Pellet
hbm:rbmk_pellet_men:1, MEN Fuel Pellet
hbm:rbmk_pellet_men:2, MEN Fuel Pellet
hbm:rbmk_pellet_men:3, MEN Fuel Pellet
hbm:rbmk_pellet_men:4, MEN Fuel Pellet
hbm:rbmk_pellet_men:5, MEN Fuel Pellet
hbm:rbmk_pellet_men:6, MEN Fuel Pellet
hbm:rbmk_pellet_men:7, MEN Fuel Pellet
hbm:rbmk_pellet_men:8, MEN Fuel Pellet
hbm:rbmk_pellet_men:9, MEN Fuel Pellet
hbm:rbmk_pellet_hen:0, HEN Fuel Pellet
hbm:rbmk_pellet_hen:1, HEN Fuel Pellet
hbm:rbmk_pellet_hen:2, HEN Fuel Pellet
hbm:rbmk_pellet_hen:3, HEN Fuel Pellet
hbm:rbmk_pellet_hen:4, HEN Fuel Pellet
hbm:rbmk_pellet_hen:5, HEN Fuel Pellet
hbm:rbmk_pellet_hen:6, HEN Fuel Pellet
hbm:rbmk_pellet_hen:7, HEN Fuel Pellet
hbm:rbmk_pellet_hen:8, HEN Fuel Pellet
hbm:rbmk_pellet_hen:9, HEN Fuel Pellet
hbm:rbmk_pellet_mox:0, MOX Fuel Pellet
hbm:rbmk_pellet_mox:1, MOX Fuel Pellet
hbm:rbmk_pellet_mox:2, MOX Fuel Pellet
hbm:rbmk_pellet_mox:3, MOX Fuel Pellet
hbm:rbmk_pellet_mox:4, MOX Fuel Pellet
hbm:rbmk_pellet_mox:5, MOX Fuel Pellet
hbm:rbmk_pellet_mox:6, MOX Fuel Pellet
hbm:rbmk_pellet_mox:7, MOX Fuel Pellet
hbm:rbmk_pellet_mox:8, MOX Fuel Pellet
hbm:rbmk_pellet_mox:9, MOX Fuel Pellet
hbm:rbmk_pellet_les:0, LES Fuel Pellet
hbm:rbmk_pellet_les:1, LES Fuel Pellet
hbm:rbmk_pellet_les:2, LES Fuel Pellet
hbm:rbmk_pellet_les:3, LES Fuel Pellet
hbm:rbmk_pellet_les:4, LES Fuel Pellet
hbm:rbmk_pellet_les:5, LES Fuel Pellet
hbm:rbmk_pellet_les:6, LES Fuel Pellet
hbm:rbmk_pellet_les:7, LES Fuel Pellet
hbm:rbmk_pellet_les:8, LES Fuel Pellet
hbm:rbmk_pellet_les:9, LES Fuel Pellet
hbm:rbmk_pellet_mes:0, MES Fuel Pellet
hbm:rbmk_pellet_mes:1, MES Fuel Pellet
hbm:rbmk_pellet_mes:2, MES Fuel Pellet
hbm:rbmk_pellet_mes:3, MES Fuel Pellet
hbm:rbmk_pellet_mes:4, MES Fuel Pellet
hbm:rbmk_pellet_mes:5, MES Fuel Pellet
hbm:rbmk_pellet_mes:6, MES Fuel Pellet
hbm:rbmk_pellet_mes:7, MES Fuel Pellet
hbm:rbmk_pellet_mes:8, MES Fuel Pellet
hbm:rbmk_pellet_mes:9, MES Fuel Pellet
hbm:rbmk_pellet_hes:0, HES Fuel Pellet
hbm:rbmk_pellet_hes:1, HES Fuel Pellet
hbm:rbmk_pellet_hes:2, HES Fuel Pellet
hbm:rbmk_pellet_hes:3, HES Fuel Pellet
hbm:rbmk_pellet_hes:4, HES Fuel Pellet
hbm:rbmk_pellet_hes:5, HES Fuel Pellet
hbm:rbmk_pellet_hes:6, HES Fuel Pellet
hbm:rbmk_pellet_hes:7, HES Fuel Pellet
hbm:rbmk_pellet_hes:8, HES Fuel Pellet
hbm:rbmk_pellet_hes:9, HES Fuel Pellet
hbm:rbmk_pellet_leaus:0, LEAus Fuel Pellet
hbm:rbmk_pellet_leaus:1, LEAus Fuel Pellet
hbm:rbmk_pellet_leaus:2, LEAus Fuel Pellet
hbm:rbmk_pellet_leaus:3, LEAus Fuel Pellet
hbm:rbmk_pellet_leaus:4, LEAus Fuel Pellet
hbm:rbmk_pellet_leaus:5, LEAus Fuel Pellet
hbm:rbmk_pellet_leaus:6, LEAus Fuel Pellet
hbm:rbmk_pellet_leaus:7, LEAus Fuel Pellet
hbm:rbmk_pellet_leaus:8, LEAus Fuel Pellet
hbm:rbmk_pellet_leaus:9, LEAus Fuel Pellet
hbm:rbmk_pellet_heaus:0, HEAus Fuel Pellet
hbm:rbmk_pellet_heaus:1, HEAus Fuel Pellet
hbm:rbmk_pellet_heaus:2, HEAus Fuel Pellet
hbm:rbmk_pellet_heaus:3, HEAus Fuel Pellet
hbm:rbmk_pellet_heaus:4, HEAus Fuel Pellet
hbm:rbmk_pellet_heaus:5, HEAus Fuel Pellet
hbm:rbmk_pellet_heaus:6, HEAus Fuel Pellet
hbm:rbmk_pellet_heaus:7, HEAus Fuel Pellet
hbm:rbmk_pellet_heaus:8, HEAus Fuel Pellet
hbm:rbmk_pellet_heaus:9, HEAus Fuel Pellet
hbm:rbmk_pellet_po210be:0, Po210Be Neutron Source Pellet
hbm:rbmk_pellet_po210be:1, Po210Be Neutron Source Pellet
hbm:rbmk_pellet_po210be:2, Po210Be Neutron Source Pellet
hbm:rbmk_pellet_po210be:3, Po210Be Neutron Source Pellet
hbm:rbmk_pellet_po210be:4, Po210Be Neutron Source Pellet
hbm:rbmk_pellet_po210be:5, Po210Be Neutron Source Pellet
hbm:rbmk_pellet_po210be:6, Po210Be Neutron Source Pellet
hbm:rbmk_pellet_po210be:7, Po210Be Neutron Source Pellet
hbm:rbmk_pellet_po210be:8, Po210Be Neutron Source Pellet
hbm:rbmk_pellet_po210be:9, Po210Be Neutron Source Pellet
hbm:rbmk_pellet_ra226be:0, Ra226Be Neutron Source Pellet
hbm:rbmk_pellet_ra226be:1, Ra226Be Neutron Source Pellet
hbm:rbmk_pellet_ra226be:2, Ra226Be Neutron Source Pellet
hbm:rbmk_pellet_ra226be:3, Ra226Be Neutron Source Pellet
hbm:rbmk_pellet_ra226be:4, Ra226Be Neutron Source Pellet
hbm:rbmk_pellet_ra226be:5, Ra226Be Neutron Source Pellet
hbm:rbmk_pellet_ra226be:6, Ra226Be Neutron Source Pellet
hbm:rbmk_pellet_ra226be:7, Ra226Be Neutron Source Pellet
hbm:rbmk_pellet_ra226be:8, Ra226Be Neutron Source Pellet
hbm:rbmk_pellet_ra226be:9, Ra226Be Neutron Source Pellet
hbm:rbmk_pellet_pu238be:0, Pu238Be Neutron Source Pellet
hbm:rbmk_pellet_pu238be:1, Pu238Be Neutron Source Pellet
hbm:rbmk_pellet_pu238be:2, Pu238Be Neutron Source Pellet
hbm:rbmk_pellet_pu238be:3, Pu238Be Neutron Source Pellet
hbm:rbmk_pellet_pu238be:4, Pu238Be Neutron Source Pellet
hbm:rbmk_pellet_pu238be:5, Pu238Be Neutron Source Pellet
hbm:rbmk_pellet_pu238be:6, Pu238Be Neutron Source Pellet
hbm:rbmk_pellet_pu238be:7, Pu238Be Neutron Source Pellet
hbm:rbmk_pellet_pu238be:8, Pu238Be Neutron Source Pellet
hbm:rbmk_pellet_pu238be:9, Pu238Be Neutron Source Pellet
hbm:rbmk_pellet_balefire_gold:0, Flashgold Fuel Pellet
hbm:rbmk_pellet_balefire_gold:1, Flashgold Fuel Pellet
hbm:rbmk_pellet_balefire_gold:2, Flashgold Fuel Pellet
hbm:rbmk_pellet_balefire_gold:3, Flashgold Fuel Pellet
hbm:rbmk_pellet_balefire_gold:4, Flashgold Fuel Pellet
hbm:rbmk_pellet_balefire_gold:5, Flashgold Fuel Pellet
hbm:rbmk_pellet_balefire_gold:6, Flashgold Fuel Pellet
hbm:rbmk_pellet_balefire_gold:7, Flashgold Fuel Pellet
hbm:rbmk_pellet_balefire_gold:8, Flashgold Fuel Pellet
hbm:rbmk_pellet_balefire_gold:9, Flashgold Fuel Pellet
hbm:rbmk_pellet_flashlead:0, Flashlead Fuel Pellet
hbm:rbmk_pellet_flashlead:1, Flashlead Fuel Pellet
hbm:rbmk_pellet_flashlead:2, Flashlead Fuel Pellet
hbm:rbmk_pellet_flashlead:3, Flashlead Fuel Pellet
hbm:rbmk_pellet_flashlead:4, Flashlead Fuel Pellet
hbm:rbmk_pellet_flashlead:5, Flashlead Fuel Pellet
hbm:rbmk_pellet_flashlead:6, Flashlead Fuel Pellet
hbm:rbmk_pellet_flashlead:7, Flashlead Fuel Pellet
hbm:rbmk_pellet_flashlead:8, Flashlead Fuel Pellet
hbm:rbmk_pellet_flashlead:9, Flashlead Fuel Pellet
hbm:rbmk_pellet_balefire:0, Balefire Fuel Pellet
hbm:rbmk_pellet_balefire:1, Balefire Fuel Pellet
hbm:rbmk_pellet_balefire:2, Balefire Fuel Pellet
hbm:rbmk_pellet_balefire:3, Balefire Fuel Pellet
hbm:rbmk_pellet_balefire:4, Balefire Fuel Pellet
hbm:rbmk_pellet_balefire:5, Balefire Fuel Pellet
hbm:rbmk_pellet_balefire:6, Balefire Fuel Pellet
hbm:rbmk_pellet_balefire:7, Balefire Fuel Pellet
hbm:rbmk_pellet_balefire:8, Balefire Fuel Pellet
hbm:rbmk_pellet_balefire:9, Balefire Fuel Pellet
hbm:rbmk_pellet_drx:0, §cDigamma Fuel Pellet§r
hbm:rbmk_pellet_drx:1, §cDigamma Fuel Pellet§r
hbm:rbmk_pellet_drx:2, §cDigamma Fuel Pellet§r
hbm:rbmk_pellet_drx:3, §cDigamma Fuel Pellet§r
hbm:rbmk_pellet_drx:4, §cDigamma Fuel Pellet§r
hbm:rbmk_pellet_drx:5, §cDigamma Fuel Pellet§r
hbm:rbmk_pellet_drx:6, §cDigamma Fuel Pellet§r
hbm:rbmk_pellet_drx:7, §cDigamma Fuel Pellet§r
hbm:rbmk_pellet_drx:8, §cDigamma Fuel Pellet§r
hbm:rbmk_pellet_drx:9, §cDigamma Fuel Pellet§r
hbm:rbmk_fuel_empty, Empty RBMK Fuel Rod
hbm:rbmk_fuel_ueu, NU RBMK Fuel Rod
hbm:rbmk_fuel_meu, MEU RBMK Fuel Rod
hbm:rbmk_fuel_heu233, HEU-233 RBMK Fuel Rod
hbm:rbmk_fuel_heu235, HEU-235 RBMK Fuel Rod
hbm:rbmk_fuel_thmeu, ThMEU RBMK Fuel Rod
hbm:rbmk_fuel_lep, LEP-239 RBMK Fuel Rod
hbm:rbmk_fuel_mep, MEP-239 RBMK Fuel Rod
hbm:rbmk_fuel_hep, HEP-239 RBMK Fuel Rod
hbm:rbmk_fuel_hep241, HEP-241 RBMK Fuel Rod
hbm:rbmk_fuel_lea, LEA RBMK Fuel Rod
hbm:rbmk_fuel_mea, MEA RBMK Fuel Rod
hbm:rbmk_fuel_hea241, HEA-241 RBMK Fuel Rod
hbm:rbmk_fuel_hea242, HEA-242 RBMK Fuel Rod
hbm:rbmk_fuel_men, MEN RBMK Fuel Rod
hbm:rbmk_fuel_hen, HEN RBMK Fuel Rod
hbm:rbmk_fuel_mox, MOX RBMK Fuel Rod
hbm:rbmk_fuel_les, LES RBMK Fuel Rod
hbm:rbmk_fuel_mes, MES RBMK Fuel Rod
hbm:rbmk_fuel_hes, HES RBMK Fuel Rod
hbm:rbmk_fuel_leaus, LEAus RBMK Fuel Rod
hbm:rbmk_fuel_heaus, HEAus RBMK Fuel Rod
hbm:rbmk_fuel_ra226be, Ra226Be RBMK Neutron Source
hbm:rbmk_fuel_po210be, Po210Be RBMK Neutron Source
hbm:rbmk_fuel_pu238be, Pu238Be RBMK Neutron Source
hbm:rbmk_fuel_balefire_gold, Flashgold RBMK Fuel Rod
hbm:rbmk_fuel_flashlead, Flashlead RBMK Fuel Rod
hbm:rbmk_fuel_zfb_bismuth, Bismuth RBMK ZFB Rod
hbm:rbmk_fuel_zfb_pu241, Pu-241 RBMK ZFB Rod
hbm:rbmk_fuel_zfb_am_mix, Fuel Grade Americium RBMK ZFB Rod
hbm:rbmk_fuel_balefire, Balefire RBMK Fuel Rod
hbm:rbmk_fuel_drx, §cDigamma RBMK Fuel Rod§r
hbm:rbmk_fuel_test, item.rbmk_fuel_test.name
hbm:icf_pellet_empty, Empty ICF Fuel Pellet
hbm:icf_pellet:0, ICF Fuel Pellet
hbm:icf_pellet:0, ICF Fuel Pellet
hbm:icf_pellet:0, ICF Fuel Pellet
hbm:icf_pellet:0, ICF Fuel Pellet
hbm:icf_pellet:0, ICF Fuel Pellet
hbm:icf_pellet_depleted, Depleted ICF Fuel Pellet
hbm:watz_pellet:0, Schrabidium Watz Pellet
hbm:watz_pellet:1, HES Watz Pellet
hbm:watz_pellet:2, MES Watz Pellet
hbm:watz_pellet:3, LES Watz Pellet
hbm:watz_pellet:4, HEN Watz Pellet
hbm:watz_pellet:5, MEU Watz Pellet
hbm:watz_pellet:6, MEP Watz Pellet
hbm:watz_pellet:7, Lead Absorber Pellet
hbm:watz_pellet:8, Boron Absorber Pellet
hbm:watz_pellet:9, Depleted Uranium Absorber Pellet
hbm:watz_pellet:10, Enriched Naquadah Watz Pellet
hbm:watz_pellet:11, Naquadria Watz Pellet
hbm:watz_pellet:12, Plutonium-241 Watz Pellet
hbm:watz_pellet:13, Americium Watz Pellet (Fuel)
hbm:watz_pellet:14, Americium Watz Pellet (Reactor Grade)
hbm:watz_pellet:15, Curium Watz Pellet (Reactor-Grade)
hbm:watz_pellet:16, Curium Watz Pellet (Fuel)
hbm:watz_pellet:17, Berkelium-247 Watz Pellet
hbm:watz_pellet:18, Californium-251 Watz Pellet
hbm:watz_pellet:19, Californium-252 Watz Pellet
hbm:watz_pellet:20, Einsteinium-253 Watz Pellet
hbm:watz_pellet_depleted:0, Schrabidium Watz Pellet (Depleted)
hbm:watz_pellet_depleted:1, HES Watz Pellet (Depleted)
hbm:watz_pellet_depleted:2, MES Watz Pellet (Depleted)
hbm:watz_pellet_depleted:3, LES Watz Pellet (Depleted)
hbm:watz_pellet_depleted:4, HEN Watz Pellet (Depleted)
hbm:watz_pellet_depleted:5, MEU Watz Pellet (Depleted)
hbm:watz_pellet_depleted:6, MEP Watz Pellet (Depleted)
hbm:watz_pellet_depleted:7, Lead Absorber Pellet (Depleted)
hbm:watz_pellet_depleted:8, Boron Absorber Pellet (Depleted)
hbm:watz_pellet_depleted:9, Depleted Uranium Absorber Pellet (Depleted)
hbm:watz_pellet_depleted:10, Enriched Naquadah Watz Pellet (Depleted)
hbm:watz_pellet_depleted:11, Naquadria Watz Pellet (Depleted)
hbm:watz_pellet_depleted:12, Plutonium-241 Watz Pellet (Depleted)
hbm:watz_pellet_depleted:13, Americium Watz Pellet (Fuel) (Depleted)
hbm:watz_pellet_depleted:14, Americium Watz Pellet (Reactor-Grade) (Depleted)
hbm:watz_pellet_depleted:15, Curium Watz Pellet (Reactor-Grade) (Depleted)
hbm:watz_pellet_depleted:16, Curium Watz Pellet (Fuel) (Depleted)
hbm:watz_pellet_depleted:17, Berkelium-247 Watz Pellet (Depleted)
hbm:watz_pellet_depleted:18, Californium-251 Watz Pellet (Depleted)
hbm:watz_pellet_depleted:19, Californium-252 Watz Pellet (Depleted)
hbm:watz_pellet_depleted:20, Einsteinium-253 Watz Pellet (Depleted)
hbm:pa_coil:0, Large Gold Coil
hbm:pa_coil:1, Large NbTi Coil
hbm:pa_coil:2, Large BSCCO Coil
hbm:pa_coil:3, Large Chlorophyte Coil
hbm:particle_empty, Empty Particle Capsule
hbm:particle_hydrogen, Hydrogen Ion Capsule
hbm:particle_copper, Copper Ion Capsule
hbm:particle_lead, Lead Ion Capsule
hbm:particle_aproton, Antiproton Capsule
hbm:particle_aelectron, Positron Capsule
hbm:particle_muon, Muon Capsule
hbm:particle_amat, Antimatter Capsule
hbm:particle_aschrab, Antischrabidium Capsule
hbm:particle_higgs, Higgs Boson Capsule
hbm:particle_tachyon, Tachyon Capsule
hbm:particle_dark, Dark Matter Capsule
hbm:particle_strange, Strange Quark Capsule
hbm:particle_sparkticle, Sparkticle Capsule
hbm:particle_digamma, §cThe Digamma Particle§r
hbm:capsule_xen, Xen Capsule
hbm:singularity, Singularity
hbm:singularity_counter_resonant, Contained Counter-Resonant Singularity
hbm:singularity_super_heated, Superheated Resonating Singularity
hbm:black_hole, Miniature Black Hole
hbm:singularity_spark, Spark Singularity
hbm:pellet_antimatter, Antimatter Cluster
hbm:crystal_xen, Artificial Xen Crystal
hbm:crystal_energy, Energy Crystal
hbm:pellet_coolant, Coolant Cluster
hbm:key, Key
hbm:key_red, Red Key
hbm:key_red_cracked, Cracked Key
hbm:key_kit, Key Imitation Kit
hbm:key_fake, Counterfeit Key
hbm:pin, Bobby Pin
hbm:padlock_rusty, Rusty Padlock
hbm:padlock, Padlock
hbm:padlock_reinforced, Reinforced Padlock
hbm:padlock_unbreakable, Unbreakable Padlock
hbm:mech_key, Large Silver Key
hbm:ams_catalyst_blank, Blank Reaction Catalyst
hbm:ams_catalyst_iron, Iron Reaction Catalyst
hbm:ams_catalyst_copper, Copper Reaction Catalyst
hbm:ams_catalyst_aluminium, Aluminium Reaction Catalyst
hbm:ams_catalyst_lithium, Lithium Reaction Catalyst
hbm:ams_catalyst_beryllium, Beryllium Reaction Catalyst
hbm:ams_catalyst_tungsten, Tungsten Reaction Catalyst
hbm:ams_catalyst_cobalt, Cobalt Reaction Catalyst
hbm:ams_catalyst_niobium, Niobium Reaction Catalyst
hbm:ams_catalyst_cerium, Cerium Reaction Catalyst
hbm:ams_catalyst_thorium, Thorium Reaction Catalyst
hbm:ams_catalyst_strontium, Strontium Reaction Catalyst
hbm:ams_catalyst_caesium, Caeseium Reaction Catalyst
hbm:ams_catalyst_schrabidium, Schrabidium Reaction Catalyst
hbm:ams_catalyst_euphemium, Euphemium Reaction Catalyst
hbm:ams_catalyst_dineutronium, Dineutronium Reaction Catalyst
hbm:ams_lens, Stabilizer Lens
hbm:ams_core_sing, Vibrant Singularity (AMS/DFC Core)
hbm:ams_core_wormhole, Tiny Wormhole (AMS/DFC Core)
hbm:ams_core_eyeofharmony, Eye of Harmony (AMS/DFC Core)
hbm:ams_core_thingy, Thingy (AMS/DFC Core)
hbm:ams_muzzle, Ray-Emission Muzzle
hbm:fluid_icon:152, Compressed Air
hbm:fluid_icon:1, Water
hbm:fluid_icon:60, Heavy Water
hbm:fluid_icon:125, Hot Heavy Water
hbm:fluid_icon:7, Lava
hbm:fluid_icon:2, Steam
hbm:fluid_icon:3, Dense Steam
hbm:fluid_icon:4, Super Dense Steam
hbm:fluid_icon:5, Ultra Dense Steam
hbm:fluid_icon:48, Low-Pressure Steam
hbm:fluid_icon:55, Carbon Dioxide
hbm:fluid_icon:6, Coolant
hbm:fluid_icon:76, Hot Coolant
hbm:fluid_icon:145, Perfluoromethyl
hbm:fluid_icon:146, Cold Perfluoromethyl
hbm:fluid_icon:147, Hot Perfluoromethyl
hbm:fluid_icon:37, Cryogel
hbm:fluid_icon:77, Mug Root Beer
hbm:fluid_icon:78, Hot Mug Root Beer
hbm:fluid_icon:84, Blood
hbm:fluid_icon:85, Hot Blood
hbm:fluid_icon:126, Liquid Sodium
hbm:fluid_icon:127, Hot Liquid Sodium
hbm:fluid_icon:143, Liquid Lead
hbm:fluid_icon:144, Hot Liquid Lead
hbm:fluid_icon:128, Liquid Thorium Salt
hbm:fluid_icon:129, Hot Liquid Thorium Salt
hbm:fluid_icon:130, Depleted Liquid Thorium Salt
hbm:fluid_icon:38, Liquid Hydrogen
hbm:fluid_icon:8, Deuterium
hbm:fluid_icon:9, Tritium
hbm:fluid_icon:57, Helium-3
hbm:fluid_icon:124, Helium-4
hbm:fluid_icon:39, Liquid Oxygen
hbm:fluid_icon:40, Xenon Gas
hbm:fluid_icon:90, Chlorine Gas
hbm:fluid_icon:42, Mercury
hbm:fluid_icon:10, Crude Oil
hbm:fluid_icon:134, Desulfurized Crude Oil
hbm:fluid_icon:61, Cracked Oil
hbm:fluid_icon:136, Desulfurized Cracked Oil
hbm:fluid_icon:62, Coal Oil
hbm:fluid_icon:105, Coker Oil
hbm:fluid_icon:11, Hot Crude Oil
hbm:fluid_icon:135, Desulfurized Hot Crude Oil
hbm:fluid_icon:63, Hot Cracked Oil
hbm:fluid_icon:137, Desulfurized Hot Cracked Oil
hbm:fluid_icon:12, Heavy Oil
hbm:fluid_icon:91, Vacuum Heavy Oil
hbm:fluid_icon:19, Naphtha
hbm:fluid_icon:138, Desulfurized Naphtha
hbm:fluid_icon:64, Cracked Naphtha
hbm:fluid_icon:106, Coker Naphtha
hbm:fluid_icon:92, Reformate
hbm:fluid_icon:21, Light Oil
hbm:fluid_icon:139, Desulfurized Light Oil
hbm:fluid_icon:65, Cracked Light Oil
hbm:fluid_icon:93, Vacuum Light Oil
hbm:fluid_icon:13, Bitumen
hbm:fluid_icon:14, Industrial Oil
hbm:fluid_icon:15, Heating Oil
hbm:fluid_icon:96, Heavy Heating Oil
hbm:fluid_icon:16, Reclaimed Industrial Oil
hbm:fluid_icon:18, Engine Lubricant
hbm:fluid_icon:23, Natural Gas
hbm:fluid_icon:107, Coker Gas
hbm:fluid_icon:24, Petroleum Gas
hbm:fluid_icon:94, Sour Gas
hbm:fluid_icon:25, LPG
hbm:fluid_icon:86, Syngas
hbm:fluid_icon:87, Oxyhydrogen
hbm:fluid_icon:67, Aromatic Hydrocarbons
hbm:fluid_icon:68, Unsaturated Hydrocarbons
hbm:fluid_icon:95, BTX
hbm:fluid_icon:100, Reformate Gas
hbm:fluid_icon:20, Diesel
hbm:fluid_icon:97, High-Cetane Diesel
hbm:fluid_icon:66, Cracked Diesel
hbm:fluid_icon:98, High-Cetane Cracked Diesel
hbm:fluid_icon:22, Kerosene
hbm:fluid_icon:99, Jet Fuel
hbm:fluid_icon:17, Petroil
hbm:fluid_icon:72, Leaded Petroil
hbm:fluid_icon:46, Gasoline
hbm:fluid_icon:73, Leaded Gasoline
hbm:fluid_icon:47, Coal Gasoline
hbm:fluid_icon:74, Leaded Coal Gasoline
hbm:fluid_icon:80, Coal Tar Creosote
hbm:fluid_icon:79, Wood Oil
hbm:fluid_icon:26, Biogas
hbm:fluid_icon:27, Biofuel
hbm:fluid_icon:59, Ethanol
hbm:fluid_icon:111, Fish Oil
hbm:fluid_icon:112, Sunflower Seed Oil
hbm:fluid_icon:28, NITAN© 100 Octane Super Fuel
hbm:fluid_icon:154, Deuterated Hydrocarbon
hbm:fluid_icon:41, BF Rocket Fuel
hbm:fluid_icon:69, Salient Green
hbm:fluid_icon:81, Seeding Slurry
hbm:fluid_icon:101, Colloid
hbm:fluid_icon:141, Vitriol
hbm:fluid_icon:142, Ore Slop
hbm:fluid_icon:104, Ionic Gel
hbm:fluid_icon:35, Hydrogen Peroxide
hbm:fluid_icon:75, Sulfuric Acid
hbm:fluid_icon:82, Nitric Acid
hbm:fluid_icon:83, Solvent
hbm:fluid_icon:88, High-Performance Solvent
hbm:fluid_icon:32, Schrabidic Acid
hbm:fluid_icon:29, Uranium Hexafluoride
hbm:fluid_icon:30, Plutonium Hexafluoride
hbm:fluid_icon:31, Schrabidium Trisulfide
hbm:fluid_icon:43, Pandemonium(III)tantalite Solution
hbm:fluid_icon:58, Osmiridic Solution
hbm:fluid_icon:36, Poisonous Mud
hbm:fluid_icon:114, Red Mud
hbm:fluid_icon:131, Fullerene Solution
hbm:fluid_icon:108, Dissolved Egg
hbm:fluid_icon:109, Cholesterol Solution
hbm:fluid_icon:115, Chlorocalcite Solution
hbm:fluid_icon:116, Mixed Chlorocalcite Solution
hbm:fluid_icon:117, Cleaned Chlorocalcite Solution
hbm:fluid_icon:118, Potassiumchloride Solution
hbm:fluid_icon:119, Calciumchloride Solution
hbm:fluid_icon:120, Calcium Solution
hbm:fluid_icon:149, Sodium Aluminate
hbm:fluid_icon:150, Bauxite Solution
hbm:fluid_icon:151, Alumina
hbm:fluid_icon:153, Liquid Concrete
hbm:fluid_icon:49, Fracking Solution
hbm:fluid_icon:148, Lye
hbm:fluid_icon:102, Phosgene
hbm:fluid_icon:103, Mustard Gas
hbm:fluid_icon:110, Estradiol Solution
hbm:fluid_icon:113, Nitroglycerin
hbm:fluid_icon:33, Antimatter
hbm:fluid_icon:34, Antischrabidium
hbm:fluid_icon:44, Liquid Nuclear Waste
hbm:fluid_icon:45, Gaseous Nuclear Waste
hbm:fluid_icon:70, Experience Juice
hbm:fluid_icon:71, Ender Juice
hbm:fluid_icon:140, Stellar Flux
hbm:fluid_icon:50, Deuterium-Tritium Plasma
hbm:fluid_icon:51, Hydrogen-Deuterium Plasma
hbm:fluid_icon:52, Hydrogen-Tritium Plasma
hbm:fluid_icon:56, Deuterium-Helium-3 Plasma
hbm:fluid_icon:53, Helium-4-Oxygen Plasma
hbm:fluid_icon:54, Balefire Plasma
hbm:fluid_icon:121, Smoke
hbm:fluid_icon:122, Leaded Smoke
hbm:fluid_icon:123, Poison Smoke
hbm:fluid_icon:132, Booster Pheromone
hbm:fluid_icon:133, Modified Booster Pheromone
hbm:fluid_icon:89, Hydrazine
hbm:fluid_icon:1000, hbmfluid.custom_demo
hbm:fluid_icon:4000, Oxygen-Rich Air
hbm:fluid_icon:4001, Carbon Tetrachloride
hbm:fluid_icon:4002, Chloroethane
hbm:fluid_icon:4003, Chlorinated Benzenes
hbm:fluid_icon:4004, Vinyl Chloride
hbm:fluid_icon:4005, Aqueous Copper
hbm:fluid_icon:4006, Aqueous Nickel
hbm:fluid_icon:4007, Copper Sulfate
hbm:fluid_icon:4008, Brine
hbm:fluid_icon:4009, Conglomera
hbm:fluid_icon:4010, Halide Gas
hbm:fluid_icon:4011, Light Halocarbons
hbm:fluid_icon:4012, hbmfluid.lithcarbonate
hbm:fluid_icon:4013, Tektonic Crude
hbm:fluid_icon:4014, Elbow Grease
hbm:fluid_icon:4015, N-MASS(III) Tetrahexaethanol
hbm:fluid_icon:4016, N-MASS(II) Driver Fuel
hbm:fluid_icon:4017, Scutterblood
hbm:fluid_icon:4018, Pertechnetic Acid
hbm:fluid_icon:4019, Neon Gas
hbm:fluid_icon:4020, Argon Gas
hbm:fluid_icon:4021, Krypton Gas
hbm:fluid_icon:4022, Coffee
hbm:fluid_icon:4023, Tea
hbm:fluid_icon:4024, Honey
hbm:fluid_icon:4025, Olive Oil
hbm:fluid_icon:4026, Fluorine
hbm:fluid_icon:4027, Duna Air
hbm:fluid_icon:4028, Tekto Air
hbm:fluid_icon:4029, Jool Air
hbm:fluid_icon:4030, Sarnus Air
hbm:fluid_icon:4031, Urlum Air
hbm:fluid_icon:4032, Neidon Air
hbm:fluid_icon:4033, Milk
hbm:fluid_icon:4034, Strawberry Milk
hbm:fluid_icon:4035, Eve Air
hbm:fluid_icon:4036, Potassium Permanganate Solution
hbm:fluid_icon:4037, Chloromethane
hbm:fluid_icon:4038, Methanol
hbm:fluid_icon:4039, Alkyl Bromide
hbm:fluid_icon:4040, Methylene
hbm:fluid_icon:4041, Polyethylene
hbm:fluid_icon:4042, Hydrochloric Acid
hbm:fluid_icon:4043, Ammonia
hbm:fluid_icon:4044, Blood Fuel
hbm:fluid_icon:4045, Mineral Slurry
hbm:fluid_icon:4046, Liquid Nitrogen
hbm:fluid_icon:4047, Evaporated Milk
hbm:fluid_icon:4048, Condensed Milk
hbm:fluid_icon:4049, Heavy Whipping Cream
hbm:fluid_icon:4050, Dicyanoacetylene
hbm:fluid_icon:4051, Morkite
hbm:fluid_icon:4052, Morkine
hbm:fluid_icon:4053, Morkite Slurry
hbm:fluid_icon:4054, Superheated Hydrogen
hbm:fluid_icon:4055, Uranium Bromide
hbm:fluid_icon:4056, Plutonium Bromide
hbm:fluid_icon:4057, Schrabidium Bromide
hbm:fluid_icon:4058, Thorium Bromide
hbm:fluid_icon:4059, Gaseous Uranium Bromide
hbm:fluid_icon:4060, Gaseous Plutonium Bromide
hbm:fluid_icon:4061, Gaseous Schrabidium Bromide
hbm:fluid_icon:4062, Gaseous Thorium Bromide
hbm:fluid_icon:4063, hbmfluid.gaseous_hydrogen
hbm:fluid_icon:4064, Gaseous Poisonous Mud
hbm:fluid_icon:4065, hbmfluid.lithydro
hbm:gadget_explosive, First Generation Explosive Lens
hbm:gadget_explosive8, Bundle of First Generation Implosion Propellant
hbm:gadget_wireing, Wiring
hbm:gadget_core, Large Plutonium Core
hbm:boy_shielding, Neutron Shielding
hbm:boy_target, Subcritical U235 Target
hbm:boy_bullet, U235 Projectile
hbm:boy_propellant, Propellant
hbm:boy_igniter, Bomb Igniter
hbm:man_core, Plutonium Core
hbm:man_explosive, Explosive Lens
hbm:man_explosive8, Bundle of Implosion Propellant
hbm:man_igniter, Bomb Firing Unit
hbm:mike_core, Uranium Coated Deuterium Tank
hbm:mike_cooling_unit, Deuterium Cooling Unit
hbm:fleija_igniter, Pulse Igniter
hbm:fleija_propellant, Schrabidium Propellant
hbm:fleija_core, F.L.E.I.J.A. Uranium 235 Charge
hbm:solinium_core, Semi-Stable Solinium Core
hbm:solinium_igniter, SOL Pulse Igniter
hbm:solinium_propellant, SOL Compression Charge
hbm:n2_charge, Large Explosive Charge
hbm:egg_balefire_shard, Balefire Shard
hbm:egg_balefire, Balefire Egg
hbm:custom_tnt, Custom Nuke Explosive Charge
hbm:custom_nuke, Custom Nuke Nuclear Rod
hbm:custom_hydro, Custom Nuke Hydrogen Rod
hbm:custom_amat, Custom Nuke Antimatter Rod
hbm:custom_dirty, Custom Nuke Dirty Rod
hbm:custom_schrab, Custom Nuke Schrabidium Rod
hbm:custom_sol, Custom Nuke Solinium Rod
hbm:custom_euph, Custom Nuke Anti-Mass Rod
hbm:custom_fall, Custom Nuke Drop Upgrade
hbm:grenade_kit, Grenade Kit
hbm:gadget_kit, The Gadget Kit
hbm:boy_kit, Little Boy Kit
hbm:man_kit, Fat Man Kit
hbm:mike_kit, Ivy Mike Kit
hbm:tsar_kit, Tsar Bomba Kit
hbm:prototype_kit, Prototype Kit
hbm:fleija_kit, F.L.E.I.J.A. Kit
hbm:solinium_kit, Solinium Kit
hbm:balefire_kit, Balefire Bomb Kit
hbm:multi_kit, Multi Purpose Bomb Kit
hbm:custom_kit, Custom Nuke Kit
hbm:missile_kit, Missile Kit
hbm:t45_kit, T45 Power Armor Kit
hbm:hazmat_kit, Hazmat Kit
hbm:hazmat_red_kit, Advanced Hazmat Kit
hbm:hazmat_grey_kit, High-Performance Hazmat Kit
hbm:nuke_starter_kit, Atomic Science Starter Kit
hbm:nuke_advanced_kit, Atomic Science Advanced Kit
hbm:nuke_commercially_kit, Atomic Science Kit for Commercial Uses
hbm:kit_custom, item.kit_custom.name
hbm:toolbox, Toolbox
hbm:toolbox_legacy, Toolbox (LEGACY)
hbm:loot_10, Size 10 Missile Loot Crate
hbm:loot_15, Size 15 Missile Loot Crate
hbm:loot_misc, General Missile Loot Crate
hbm:sat_mapper, Surface Mapping Satellite
hbm:sat_scanner, Satellite with Depth-Resource Scanning Module
hbm:sat_radar, Radar Survey Satellite
hbm:sat_laser, Orbital Death Ray
hbm:sat_foeq, PEAF - Mk.I FOEQ Duna Probe with experimental Nuclear Propulsion
hbm:sat_resonator, Xenium Resonator Satellite
hbm:sat_miner, Asteroid Mining Ship
hbm:sat_lunar_miner, Lunar Mining Ship
hbm:sat_gerald, Gerald The Construction Android
hbm:sat_chip, Satellite ID-Chip
hbm:sat_interface, Satellite Control Interface
hbm:sat_coord, Satellite Designator
hbm:sat_relay, Satellite Radar Relay
hbm:rangefinder, Rangefinder
hbm:designator, Short Range Target Designator
hbm:designator_range, Long Range Target Designator
hbm:designator_manual, Manual Target Designator
hbm:launch_code_piece, Silo Launch Code Piece
hbm:launch_code, Silo Launch Code
hbm:launch_key, Silo Launch Key
hbm:missile_assembly, Small Missile Assembly
hbm:missile_generic, High Explosive Missile
hbm:missile_strong, Strong HE Missile
hbm:missile_burst, Spare Missile
hbm:missile_incendiary, Incendiary Missile
hbm:missile_incendiary_strong, Strong Incendiary Missile
hbm:missile_inferno, Inferno Missile G.R.N. Mk.II
hbm:missile_cluster, Cluster Missile
hbm:missile_cluster_strong, Strong Cluster Missile
hbm:missile_rain, Bomblet Rain
hbm:missile_buster, Bunker Buster
hbm:missile_buster_strong, Enhanced Bunker Buster
hbm:missile_drill, The Concrete Cracker
hbm:missile_n2, N² Missile
hbm:missile_nuclear, Nuclear Missile
hbm:missile_nuclear_cluster, Thermonuclear Missile
hbm:missile_volcano, Tectonic Missile
hbm:missile_endo, Endothermic Missile
hbm:missile_exo, Exothermic Missile
hbm:missile_shuttle, Reliant Robin Space Shuttle
hbm:missile_doomsday, Doomsday Missile
hbm:missile_doomsday_rusted, Damaged Doomsday Missile
hbm:missile_taint, Taint-Tipped Missile
hbm:missile_micro, Micro-Nuclear Missile
hbm:missile_bhole, Black Hole Missile
hbm:missile_schrabidium, Schrabidium Missile
hbm:missile_emp, EMP Missile
hbm:missile_emp_strong, Strong EMP Missile
hbm:missile_anti_ballistic, Anti-Ballistic Missile
hbm:missile_carrier, HTR-01 Carrier Rocket
hbm:missile_decoy, Decoy Missile
hbm:missile_stealth, Stealth Missile
hbm:missile_soyuz_lander, Orbital Module
hbm:missile_soyuz:0, Soyuz-FG
hbm:missile_soyuz:1, Soyuz-FG
hbm:missile_soyuz:2, Soyuz-FG
hbm:warhead_generic_small, Small Warhead
hbm:warhead_incendiary_small, Small Incendiary Warhead
hbm:warhead_cluster_small, Small Cluster Warhead
hbm:warhead_buster_small, Small Bunker Buster Warhead
hbm:warhead_generic_medium, Medium Warhead
hbm:warhead_incendiary_medium, Medium Incendiary Warhead
hbm:warhead_cluster_medium, Medium Cluster Warhead
hbm:warhead_buster_medium, Medium Bunker Buster Warhead
hbm:warhead_generic_large, Large Warhead
hbm:warhead_incendiary_large, Large Incendiary Warhead
hbm:warhead_cluster_large, Large Cluster Warhead
hbm:warhead_buster_large, Large Bunker Buster Warhead
hbm:warhead_n2, N² Warhead
hbm:warhead_nuclear, Nuclear Warhead
hbm:warhead_mirvlet, MIRV
hbm:warhead_mirv, Thermonuclear Warhead
hbm:warhead_volcano, Tectonic Warhead
hbm:warhead_thermo_endo, Endothermic Warhead
hbm:warhead_thermo_exo, Exothermic Warhead
hbm:thruster_small, Small Thruster
hbm:thruster_medium, Medium Thruster
hbm:thruster_large, Large Thruster
hbm:cap_aluminium, Aluminium Cap
hbm:fins_flat, Flat Steel Casing
hbm:fins_small_steel, Small Steel Grid Fins
hbm:fins_big_steel, Big Steel Grid Fins
hbm:fins_tri_steel, Large Steel Fins
hbm:fins_quad_titanium, Small Titanium Fins
hbm:sphere_steel, Steel Sphere
hbm:pedestal_steel, Steel Pedestal
hbm:dysfunctional_reactor, Dysfunctional Nuclear Reactor
hbm:rotor_steel, Large Steel Rotor
hbm:generator_steel, Generator Body
hbm:sat_head_mapper, High-Gain Optical Camera
hbm:sat_head_scanner, M700 Survey Scanner
hbm:sat_head_radar, Radar Dish
hbm:sat_head_laser, Death Ray
hbm:sat_head_resonator, Xenium Resonator
hbm:seg_10, Size 10 Connector
hbm:seg_15, Size 15 Connector
hbm:seg_20, Size 20 Connector
hbm:fuel_tank_small, Small Fuel Tank
hbm:fuel_tank_medium, Medium Fuel Tank
hbm:fuel_tank_large, Large Fuel Tank
hbm:tank_steel, Steel Tank
hbm:mike_deut, Deuterium Tank
hbm:mp_thruster_10_kerosene, Size 10 Liquid Fuel Thruster
hbm:mp_thruster_10_solid, Size 10 Solid Fuel Thruster
hbm:mp_thruster_10_xenon, Size 10 Ion Thruster
hbm:mp_thruster_15_kerosene, Size 15 Liquid Fuel Thruster
hbm:mp_thruster_15_kerosene_dual, Size 15 Liquid Fuel Twin Thrusters
hbm:mp_thruster_15_kerosene_triple, Size 15 Liquid Fuel Triple Thrusters
hbm:mp_thruster_15_solid, Size 15 Solid Fuel Thruster
hbm:mp_thruster_15_solid_hexdecuple, Size 15 Solid Fuel Hexdecuple Thrusters
hbm:mp_thruster_15_hydrogen, Size 15 Hydrogen Thruster
hbm:mp_thruster_15_hydrogen_dual, Size 15 Hydrogen Twin Thrusters
hbm:mp_thruster_15_balefire_short, Size 15 BF Thruster with Nuclear Preheater (Shortened)
hbm:mp_thruster_15_balefire, Size 15 BF Thruster with Nuclear Preheater
hbm:mp_thruster_15_balefire_large, Size 15 BF Thruster with Nuclear Preheater (Heavy Duty Nozzle)
hbm:mp_thruster_15_balefire_large_rad, Size 15 BF Thruster with Nuclear Preheater (Heavy Duty Nozzle)
hbm:mp_thruster_20_kerosene, Size 20 Liquid Fuel Thruster
hbm:mp_thruster_20_kerosene_dual, Size 20 Liquid Fuel Twin Thrusters
hbm:mp_thruster_20_kerosene_triple, Size 20 Liquid Fuel Triple Thrusters
hbm:mp_thruster_20_solid, Size 20 Solid Fuel Thruster
hbm:mp_thruster_20_solid_multi, Size 20 Solid Fuel 30-Fold Thrusters
hbm:mp_thruster_20_solid_multier, Size 20 Solid Fuel 47-Fold Thrusters
hbm:mp_stability_10_flat, Size 10 Flat Fins
hbm:mp_stability_10_cruise, Size 10 Cruise Fins
hbm:mp_stability_10_space, Size 10 Space Fins
hbm:mp_stability_15_flat, Size 15 Flat Fins
hbm:mp_stability_15_thin, Size 15 Thin Fins
hbm:mp_stability_15_soyuz, Size 15 Pointy Fins
hbm:mp_fuselage_10_kerosene, Size 10 Kerosene Fuselage
hbm:mp_fuselage_10_kerosene_camo, Size 10 Kerosene Fuselage
hbm:mp_fuselage_10_kerosene_desert, Size 10 Kerosene Fuselage
hbm:mp_fuselage_10_kerosene_sky, Size 10 Kerosene Fuselage
hbm:mp_fuselage_10_kerosene_flames, Size 10 Kerosene Fuselage
hbm:mp_fuselage_10_kerosene_insulation, Size 10 Kerosene Fuselage
hbm:mp_fuselage_10_kerosene_sleek, Size 10 Kerosene Fuselage
hbm:mp_fuselage_10_kerosene_metal, Size 10 Kerosene Fuselage
hbm:mp_fuselage_10_kerosene_taint, Size 10 Kerosene Fuselage
hbm:mp_fuselage_10_solid, Size 10 Solid Fuel Fuselage
hbm:mp_fuselage_10_solid_flames, Size 10 Solid Fuel Fuselage
hbm:mp_fuselage_10_solid_insulation, Size 10 Solid Fuel Fuselage
hbm:mp_fuselage_10_solid_sleek, Size 10 Solid Fuel Fuselage
hbm:mp_fuselage_10_solid_soviet_glory, Size 10 Solid Fuel Fuselage
hbm:mp_fuselage_10_solid_cathedral, Size 10 Solid Fuel Fuselage
hbm:mp_fuselage_10_solid_moonlit, Size 10 Solid Fuel Fuselage
hbm:mp_fuselage_10_solid_battery, Size 10 Solid Fuel Fuselage
hbm:mp_fuselage_10_solid_duracell, Size 10 Solid Fuel Fuselage
hbm:mp_fuselage_10_xenon, Size 10 Xenon Fuselage
hbm:mp_fuselage_10_xenon_bhole, Size 10 Xenon Fuselage
hbm:mp_fuselage_10_long_kerosene, Size 10 Long Kerosene Fuselage
hbm:mp_fuselage_10_long_kerosene_camo, Size 10 Long Kerosene Fuselage
hbm:mp_fuselage_10_long_kerosene_desert, Size 10 Long Kerosene Fuselage
hbm:mp_fuselage_10_long_kerosene_sky, Size 10 Long Kerosene Fuselage
hbm:mp_fuselage_10_long_kerosene_flames, Size 10 Long Kerosene Fuselage
hbm:mp_fuselage_10_long_kerosene_insulation, Size 10 Long Kerosene Fuselage
hbm:mp_fuselage_10_long_kerosene_sleek, Size 10 Long Kerosene Fuselage
hbm:mp_fuselage_10_long_kerosene_metal, Size 10 Long Kerosene Fuselage
hbm:mp_fuselage_10_long_kerosene_dash, Size 10 Long Kerosene Fuselage
hbm:mp_fuselage_10_long_kerosene_taint, Size 10 Long Kerosene Fuselage
hbm:mp_fuselage_10_long_kerosene_vap, Size 10 Long Kerosene Fuselage
hbm:mp_fuselage_10_long_solid, Size 10 Long Solid Fuel Fuselage
hbm:mp_fuselage_10_long_solid_flames, Size 10 Long Solid Fuel Fuselage
hbm:mp_fuselage_10_long_solid_insulation, Size 10 Long Solid Fuel Fuselage
hbm:mp_fuselage_10_long_solid_sleek, Size 10 Long Solid Fuel Fuselage
hbm:mp_fuselage_10_long_solid_soviet_glory, Size 10 Long Solid Fuselage
hbm:mp_fuselage_10_long_solid_bullet, Size 10 Long Solid Fuselage
hbm:mp_fuselage_10_long_solid_silvermoonlight, Size 10 Long Solid Fuselage
hbm:mp_fuselage_10_15_kerosene, Size 10/15 Kerosene Fuselage
hbm:mp_fuselage_10_15_solid, Size 10/15 Solid Fuel Fuselage
hbm:mp_fuselage_10_15_hydrogen, Size 10/15 Hydrogen Fuselage
hbm:mp_fuselage_10_15_balefire, Size 10/15 BF Fuselage
hbm:mp_fuselage_15_kerosene, Size 15 Kerosene Fuselage
hbm:mp_fuselage_15_kerosene_camo, Size 15 Kerosene Fuselage
hbm:mp_fuselage_15_kerosene_desert, Size 15 Kerosene Fuselage
hbm:mp_fuselage_15_kerosene_sky, Size 15 Kerosene Fuselage
hbm:mp_fuselage_15_kerosene_insulation, Size 15 Kerosene Fuselage
hbm:mp_fuselage_15_kerosene_metal, Size 15 Kerosene Fuselage
hbm:mp_fuselage_15_kerosene_decorated, Size 15 Kerosene Fuselage
hbm:mp_fuselage_15_kerosene_steampunk, Size 15 Kerosene Fuselage
hbm:mp_fuselage_15_kerosene_polite, Size 15 Kerosene Fuselage
hbm:mp_fuselage_15_kerosene_blackjack, Size 15 Kerosene Fuselage
hbm:mp_fuselage_15_kerosene_lambda, Size 15 Kerosene Fuselage
hbm:mp_fuselage_15_kerosene_minuteman, Size 15 Kerosene Fuselage
hbm:mp_fuselage_15_kerosene_pip, Size 15 Kerosene Fuselage
hbm:mp_fuselage_15_kerosene_taint, Size 15 Kerosene Fuselage
hbm:mp_fuselage_15_kerosene_yuck, Size 15 Kerosene Fuselage
hbm:mp_fuselage_15_solid, Size 15 Solid Fuel Fuselage
hbm:mp_fuselage_15_solid_insulation, Size 15 Solid Fuel Fuselage
hbm:mp_fuselage_15_solid_desh, Size 15 Solid Fuel Fuselage
hbm:mp_fuselage_15_solid_soviet_glory, Size 15 Solid Fuel Fuselage
hbm:mp_fuselage_15_solid_soviet_stank, Size 15 Solid Fuel Fuselage
hbm:mp_fuselage_15_solid_faust, Size 15 Solid Fuel Fuselage
hbm:mp_fuselage_15_solid_silvermoonlight, Size 15 Solid Fuel Fuselage
hbm:mp_fuselage_15_solid_snowy, Size 15 Solid Fuel Fuselage
hbm:mp_fuselage_15_solid_panorama, Size 15 Solid Fuel Fuselage
hbm:mp_fuselage_15_solid_roses, Size 15 Solid Fuel Fuselage
hbm:mp_fuselage_15_solid_mimi, Size 15 Solid Fuel Mimi-chan's Body
hbm:mp_fuselage_15_hydrogen, Size 15 Hydrogen Fuselage
hbm:mp_fuselage_15_hydrogen_cathedral, Size 15 Hydrogen Fuselage
hbm:mp_fuselage_15_balefire, Size 15 BF Fuselage
hbm:mp_fuselage_15_20_kerosene, Size 15/20 Kerosene Fuselage
hbm:mp_fuselage_15_20_kerosene_magnusson, Size 15/20 Kerosene Fuselage
hbm:mp_fuselage_15_20_solid, Size 15/20 Solid Fuel Fuselage
hbm:mp_warhead_10_he, Size 10 HE Warhead
hbm:mp_warhead_10_incendiary, Size 10 Incendiary Warhead
hbm:mp_warhead_10_buster, Size 10 Bunker Buster Warhead
hbm:mp_warhead_10_nuclear, Size 10 Micro Nuclear Warhead
hbm:mp_warhead_10_nuclear_large, Size 10 Nuclear Warhead
hbm:mp_warhead_10_taint, Size 10 Tainted Warhead
hbm:mp_warhead_10_cloud, Size 10 Pink Cloud Warhead
hbm:mp_warhead_15_he, Size 15 HE Warhead
hbm:mp_warhead_15_incendiary, Size 15 Incendiary Warhead
hbm:mp_warhead_15_nuclear, Size 15 Nuclear Warhead
hbm:mp_warhead_15_nuclear_shark, Size 15 Nuclear Warhead
hbm:mp_warhead_15_thermo, Size 15 Thermonuclear Warhead
hbm:mp_warhead_15_mirv, Size 15 MIRV Warhead
hbm:mp_warhead_15_boxcar, Size 15 Boxcar?
hbm:mp_warhead_15_n2, Size 15 N² Mine
hbm:mp_warhead_15_balefire, Size 15 BF Warhead
hbm:mp_warhead_15_volcano, Size 15 Volcano Warhead
hbm:mp_warhead_15_turbine, Size 15 Jet Engine
hbm:mp_c_1, Tier 1 Missile Targeting Circuit
hbm:mp_c_2, Tier 2 Missile Targeting Circuit
hbm:mp_c_3, Tier 3 Missile Targeting Circuit
hbm:mp_c_4, Tier 4 Missile Targeting Circuit
hbm:mp_c_5, Tier 5 Missile Targeting Circuit
hbm:missile_skin_camo, Missile Skin: Camo
hbm:missile_skin_desert, Missile Skin: Desert Camo
hbm:missile_skin_flames, Missile Skin: Sick Flames
hbm:missile_skin_manly_pink, Missile Skin: Manly Pink
hbm:missile_skin_orange_insulation, Missile Skin: Orange Insulation
hbm:missile_skin_sleek, Missile Skin: IF-R&D
hbm:missile_skin_soviet_glory, Missile Skin: Soviet Glory
hbm:missile_skin_soviet_stank, Missile Skin: Soviet Stank
hbm:missile_skin_metal, Missile Skin: Metal
hbm:missile_custom, Custom Missile
hbm:sliding_blast_door_skin0, Sideways Sliding Blast Door Default Skin
hbm:sliding_blast_door_skin1, Sideways Sliding Blast Door Variant 1 Skin
hbm:sliding_blast_door_skin2, Sideways Sliding Blast Door Variant 2 Skin
hbm:door_metal, Metal Door
hbm:door_office, Office Door
hbm:door_bunker, Bunker Door
hbm:door_red, Red Door
hbm:record_lc, item.record_lc.name
hbm:record_ss, item.record_ss.name
hbm:record_vc, item.record_vc.name
hbm:record_glass, item.record_glass.name
hbm:flame_pony, Painting of a Cartoon Pony
hbm:flame_conspiracy, Conspiracy Theory
hbm:flame_politics, Political Topic
hbm:flame_opinion, Own Opinion
hbm:polaroid, The Polaroid
hbm:glitch, Glitch
hbm:burnt_bark, Burnt Bark
hbm:letter, Express Mail
hbm:book_secret, 3-596-50802-9
hbm:clay_tablet:0, Clay Tablet
hbm:book_of_, The Book of Boxcars
hbm:book_lemegeton, Lemegeton
hbm:page_of_:0, Page 1
hbm:page_of_:1, Page 2
hbm:page_of_:2, Page 3
hbm:page_of_:3, Page 4
hbm:page_of_:4, Page 5
hbm:page_of_:5, Page 6
hbm:page_of_:6, Page 7
hbm:page_of_:7, Page 8
hbm:crystal_horn, Crystal Horn
hbm:crystal_charred, Charred Crystal
hbm:watch, Broken Pocket Watch
hbm:apple_euphemium, Euphemium Apple
hbm:wand_k, Construction Wand
hbm:wand_s, Structure Wand
hbm:wand_d, Debug Wand
hbm:rod_of_discord, Rod of Discord
hbm:analyzer, Analyzer
hbm:defuser, High-Tech Bomb Defusing Device
hbm:defuser_desh, Desh High-Tech Bomb Defusing Device
hbm:meltdown_tool, Dyatlov Instant Meltdown Applicator
hbm:chopper_head, Hunter Chopper Cockpit
hbm:chopper_gun, Emplacement Gun
hbm:chopper_torso, Hunter Chopper Body
hbm:chopper_tail, Hunter Chopper Tail
hbm:chopper_wing, Hunter Chopper Wing
hbm:chopper_blades, Hunter Chopper Rotor Blades
hbm:combine_scrap, CMB Scrap Metal
hbm:shimmer_head, Heavy Hammer Head
hbm:shimmer_axe_head, Heavy Axe Head
hbm:shimmer_handle, Reinforced Polymer Handle
hbm:telepad, Telepad
hbm:entanglement_kit, Entanglement Kit
hbm:achievement_icon:0, item.achievement_icon.gofish.name
hbm:achievement_icon:1, item.achievement_icon.acid.name
hbm:achievement_icon:2, item.achievement_icon.balls.name
hbm:achievement_icon:3, item.achievement_icon.digammasee.name
hbm:achievement_icon:4, item.achievement_icon.digammafeel.name
hbm:achievement_icon:5, item.achievement_icon.digammaknow.name
hbm:achievement_icon:6, item.achievement_icon.digammakauaimoho.name
hbm:achievement_icon:7, item.achievement_icon.digammaupontop.name
hbm:achievement_icon:8, item.achievement_icon.digammaforourright.name
hbm:achievement_icon:9, item.achievement_icon.questionmark.name
hbm:cloud1, item.cloud1.name
hbm:cloud2, item.cloud2.name
hbm:cloud3, item.cloud3.name
hbm:cloud4, item.cloud4.name
hbm:cloud5, item.cloud5.name
hbm:cloud6, item.cloud6.name
hbm:cloud7, item.cloud7.name
hbm:cloud8, item.cloud8.name
hbm:flame_1, item.flame_1.name
hbm:flame_2, item.flame_2.name
hbm:flame_3, item.flame_3.name
hbm:flame_4, item.flame_4.name
hbm:flame_5, item.flame_5.name
hbm:flame_6, item.flame_6.name
hbm:flame_7, item.flame_7.name
hbm:flame_8, item.flame_8.name
hbm:flame_9, item.flame_9.name
hbm:flame_10, item.flame_10.name
hbm:orange1, item.orange1.name
hbm:orange2, item.orange2.name
hbm:orange3, item.orange3.name
hbm:orange4, item.orange4.name
hbm:orange5, item.orange5.name
hbm:orange6, item.orange6.name
hbm:orange7, item.orange7.name
hbm:orange8, item.orange8.name
hbm:pc1, item.pc1.name
hbm:pc2, item.pc2.name
hbm:pc3, item.pc3.name
hbm:pc4, item.pc4.name
hbm:pc5, item.pc5.name
hbm:pc6, item.pc6.name
hbm:pc7, item.pc7.name
hbm:pc8, item.pc8.name
hbm:chlorine1, item.chlorine1.name
hbm:chlorine2, item.chlorine2.name
hbm:chlorine3, item.chlorine3.name
hbm:chlorine4, item.chlorine4.name
hbm:chlorine5, item.chlorine5.name
hbm:chlorine6, item.chlorine6.name
hbm:chlorine7, item.chlorine7.name
hbm:chlorine8, item.chlorine8.name
hbm:ln2_1, item.ln2_1.name
hbm:ln2_2, item.ln2_2.name
hbm:ln2_3, item.ln2_3.name
hbm:ln2_4, item.ln2_4.name
hbm:ln2_5, item.ln2_5.name
hbm:ln2_6, item.ln2_6.name
hbm:ln2_7, item.ln2_7.name
hbm:ln2_8, item.ln2_8.name
hbm:ln2_9, item.ln2_9.name
hbm:ln2_10, item.ln2_10.name
hbm:nothing, Nothing
hbm:ducc, ducc
hbm:discharge, item.discharge.name
hbm:undefined, Undefined
hbm:mysteryshovel, Brittle Spade
hbm:memory, item.null.name
hbm:conveyor_wand:0, Conveyor Belt
hbm:conveyor_wand:1, Express Conveyor Belt
hbm:conveyor_wand:2, Double-Lane Conveyor Belt
hbm:conveyor_wand:3, Triple-Lane Conveyor Belt
hbm:part_generic:0, Pneumatic Piston
hbm:part_generic:1, Hydraulic Piston
hbm:part_generic:2, Electric Piston
hbm:part_generic:3, Low-Density Element
hbm:part_generic:4, Heavy Duty Element
hbm:part_generic:5, Polarized Lens
hbm:item_secret:0, Composition SB-26
hbm:item_secret:1, Proprietary Control Unit
hbm:item_secret:2, Selenium Steel
hbm:item_secret:3, Aberrator Part
hbm:item_secret:4, Folly Part
hbm:item_expensive:0, Bolted Steel Plating
hbm:item_expensive:1, Heavy Framework
hbm:item_expensive:2, Extensive Circuit Board
hbm:item_expensive:3, Radiation Resistant Plating
hbm:item_expensive:4, Reinforced Ferrouranium Panels
hbm:item_expensive:5, Mainframe
hbm:item_expensive:6, Bronze Structural Elements
hbm:item_expensive:7, Plastic Panels
hbm:chemical_dye:0, Chemical Dye (Black)
hbm:chemical_dye:1, Chemical Dye (Red)
hbm:chemical_dye:2, Chemical Dye (Green)
hbm:chemical_dye:3, Chemical Dye (Brown)
hbm:chemical_dye:4, Chemical Dye (Blue)
hbm:chemical_dye:5, Chemical Dye (Purple)
hbm:chemical_dye:6, Chemical Dye (Cyan)
hbm:chemical_dye:7, Chemical Dye (Light Gray)
hbm:chemical_dye:8, Chemical Dye (Gray)
hbm:chemical_dye:9, Chemical Dye (Pink)
hbm:chemical_dye:10, Chemical Dye (Lime)
hbm:chemical_dye:11, Chemical Dye (Yellow)
hbm:chemical_dye:12, Chemical Dye (Light Blue)
hbm:chemical_dye:13, Chemical Dye (Magenta)
hbm:chemical_dye:14, Chemical Dye (Orange)
hbm:chemical_dye:15, Chemical Dye (White)
hbm:crayon:0, Black Crayon
hbm:crayon:1, Red Crayon
hbm:crayon:2, Green Crayon
hbm:crayon:3, Brown Crayon
hbm:crayon:4, Blue Crayon
hbm:crayon:5, Purple Crayon
hbm:crayon:6, Cyan Crayon
hbm:crayon:7, Light Gray Crayon
hbm:crayon:8, Gray Crayon
hbm:crayon:9, Pink Crayon
hbm:crayon:10, Lime Crayon
hbm:crayon:11, Yellow Crayon
hbm:crayon:12, Light Blue Crayon
hbm:crayon:13, Magenta Crayon
hbm:crayon:14, Orange Crayon
hbm:crayon:15, White Crayon
hbm:drax, Terra Drill
hbm:drax_mk2, Hardened Terra Drill
hbm:drax_mk3, Schrabidic Terra Drill
hbm:ammo_debug, item.ammo_debug.name
hbm:ammo_standard:0, Ball and Powder
hbm:ammo_standard:1, Flint and Powder
hbm:ammo_standard:2, Iron Ball and Powder
hbm:ammo_standard:3, Shot and Powder
hbm:ammo_standard:4, .357 Magnum Round (Black Powder)
hbm:ammo_standard:5, .357 Magnum Round (Soft Point)
hbm:ammo_standard:6, .357 Magnum Round (Full Metal Jacket)
hbm:ammo_standard:7, .357 Magnum Round (Jacketed Hollow Point)
hbm:ammo_standard:8, .357 Magnum Round (Armor Piercing)
hbm:ammo_standard:9, .357 Magnum Round (FMJ Express)
hbm:ammo_standard:10, .44 Magnum Round (Black Powder)
hbm:ammo_standard:11, .44 Magnum Round (Soft Point)
hbm:ammo_standard:12, .44 Magnum Round (Full Metal Jacket)
hbm:ammo_standard:13, .44 Magnum Round (Jacketed Hollow Point)
hbm:ammo_standard:14, .44 Magnum Round (Armor Piercing)
hbm:ammo_standard:15, .44 Magnum Round (FMJ Express)
hbm:ammo_standard:16, .22 LR Round (Soft Point)
hbm:ammo_standard:17, .22 LR Round (Full Metal Jacket)
hbm:ammo_standard:18, .22 LR Round (Jacketed Hollow Point)
hbm:ammo_standard:19, .22 LR Round (Armor Piercing)
hbm:ammo_standard:20, 9mm Round (Soft Point)
hbm:ammo_standard:21, 9mm Round (Full Metal Jacket)
hbm:ammo_standard:22, 9mm Round (Jacketed Hollow Point)
hbm:ammo_standard:23, 9mm Round (Armor Piercing)
hbm:ammo_standard:24, 5.56mm Round (Soft Point)
hbm:ammo_standard:25, 5.56mm Round (Full Metal Jacket)
hbm:ammo_standard:26, 5.56mm Round (Jacketed Hollow Point)
hbm:ammo_standard:27, 5.56mm Round (Armor Piercing)
hbm:ammo_standard:28, 7.62mm Round (Soft Point)
hbm:ammo_standard:29, 7.62mm Round (Full Metal Jacket)
hbm:ammo_standard:30, 7.62mm Round (Jacketed Hollow Point)
hbm:ammo_standard:31, 7.62mm Round (Armor Piercing)
hbm:ammo_standard:32, 7.62mm Round (Depleted Uranium)
hbm:ammo_standard:33, .50 BMG Round (Soft Point)
hbm:ammo_standard:34, .50 BMG Round (Full Metal Jacket)
hbm:ammo_standard:35, .50 BMG Round (Jacketed Hollow Point)
hbm:ammo_standard:36, .50 BMG Round (Armor Piercing)
hbm:ammo_standard:37, .50 BMG Round (Depleted Uranium)
hbm:ammo_standard:38, .75 Bolt
hbm:ammo_standard:39, .75 Bolt (Incendiary)
hbm:ammo_standard:40, .75 Bolt (Explosive)
hbm:ammo_standard:41, 12 Gauge Black Powder Buckshot
hbm:ammo_standard:42, 12 Gauge Black Powder Magnum Shell
hbm:ammo_standard:43, 12 Gauge Black Powder Slug
hbm:ammo_standard:44, 12 Gauge Buckshot
hbm:ammo_standard:45, 12 Gauge Slug
hbm:ammo_standard:46, 12 Gauge Flechette Shell
hbm:ammo_standard:47, 12 Gauge Magnum Shell
hbm:ammo_standard:48, 12 Gauge Explosive Shell
hbm:ammo_standard:49, 12 Gauge Phosphorus Shell
hbm:ammo_standard:50, 26mm Signal Flare
hbm:ammo_standard:51, 26mm Signal Flare (Supply Airdrop)
hbm:ammo_standard:52, 26mm Signal Flare (Weapon Airdrop)
hbm:ammo_standard:53, 40mm Grenade, High-Explosive
hbm:ammo_standard:54, 40mm Grenade, Shaped Charge
hbm:ammo_standard:55, 40mm Grenade, Demolition
hbm:ammo_standard:56, 40mm Grenade, Incendiary
hbm:ammo_standard:57, 40mm Grenade, White Phosphorus
hbm:ammo_standard:58, Rocket, High-Explosive
hbm:ammo_standard:59, Rocket, Shaped Charge
hbm:ammo_standard:60, Rocket, Demolition
hbm:ammo_standard:61, Rocket, Incendiary
hbm:ammo_standard:62, Rocket, White Phosphorus
hbm:ammo_standard:63, Flamer Fuel, Diesel
hbm:ammo_standard:64, Flamer Fuel, Gas
hbm:ammo_standard:65, Flamer Fuel, Napalm
hbm:ammo_standard:66, Flamer Fuel, Balefire
hbm:ammo_standard:67, Capacitor (Standard)
hbm:ammo_standard:68, Capacitor (Overcharge)
hbm:ammo_standard:69, Capacitor (Low Wavelength)
hbm:ammo_standard:70, Depleted Uranium-235 Box
hbm:ammo_standard:71, Coilgun Tungsten Ball
hbm:ammo_standard:72, Coilgun Ferrouranium Ball
hbm:ammo_standard:73, Mini Nuke
hbm:ammo_standard:74, Mini Nuke, Demolition
hbm:ammo_standard:75, Mini Nuke, High Yield
hbm:ammo_standard:76, Mini Nuke, Tiny Tots
hbm:ammo_standard:77, Rocket Hive
hbm:ammo_standard:78, 10 Gauge Buckshot
hbm:ammo_standard:79, 10 Gauge Shrapnel Buckshot
hbm:ammo_standard:80, 10 Gauge Uranium Buckshot
hbm:ammo_standard:81, 10 Gauge Slug
hbm:ammo_standard:82, 7.62mm Round (High-Explosive)
hbm:ammo_standard:83, .50 BMG Round (High-Explosive)
hbm:ammo_standard:84, 10 Gauge Explosive Buckshot
hbm:ammo_standard:85, .45 Round (Soft Point)
hbm:ammo_standard:86, .45 Round (Full Metal Jacket)
hbm:ammo_standard:87, .45 Round (Jacketed Hollow Point)
hbm:ammo_standard:88, .45 Round (Armor Piercing)
hbm:ammo_standard:89, .45 Round (Depleted Uranium)
hbm:ammo_standard:90, Grappling Hook
hbm:ammo_standard:91, Demolition Charge
hbm:ammo_standard:92, Heavy Demolition Charge
hbm:ammo_standard:93, Mini Nuke, Balefire Egg
hbm:ammo_standard:94, .50 BMG Round (Starmetal)
hbm:ammo_secret:0, Silver Bullet
hbm:ammo_secret:1, Silver Bullet, Nuclear
hbm:ammo_secret:2, .44 Magnum Head-Exploder
hbm:ammo_secret:3, 12 Gauge Railway Spike Shot
hbm:ammo_secret:4, .50 BMG Demolisher
hbm:ammo_secret:5, .35-800 V9
hbm:ammo_secret:6, .50 BMG Bypass Round
hbm:ammo_secret:7, .35-800 V9 (Black Lightning)
hbm:gun_debug, item.gun_debug.name
hbm:gun_pepperbox, Pepperbox
hbm:gun_light_revolver, Break-Action Revolver
hbm:gun_light_revolver_atlas, Atlas
hbm:gun_light_revolver_dani, Day And Night
hbm:gun_henry, Lever Action Rifle
hbm:gun_henry_lincoln, Lincoln's Repeater
hbm:gun_heavy_revolver, Heavy Revolver
hbm:gun_heavy_revolver_lilmac, Little Macintosh
hbm:gun_heavy_revolver_protege, Protège
hbm:gun_hangman, Hangman
hbm:gun_greasegun, Grease Gun
hbm:gun_lag, Comically Long Pistol
hbm:gun_uzi, Uzi
hbm:gun_uzi_akimbo, Uzis
hbm:gun_maresleg, Lever Action Shotgun
hbm:gun_maresleg_akimbo, Lever Action Shotguns
hbm:gun_maresleg_broken, Broken
hbm:gun_liberator, Liberator
hbm:gun_spas12, SPAS-12
hbm:gun_autoshotgun, Auto Shotgun
hbm:gun_autoshotgun_shredder, Shredder
hbm:gun_autoshotgun_sexy, Sexy
hbm:gun_flaregun, Flare Gun
hbm:gun_congolake, Congo Lake
hbm:gun_carbine, Carbine
hbm:gun_minigun, Minigun
hbm:gun_minigun_lacunae, Lacunae
hbm:gun_minigun_dual, Dual Miniguns
hbm:gun_mas36, South Star
hbm:gun_am180, .22 Submachine Gun
hbm:gun_flamer, Flamethrower
hbm:gun_flamer_topaz, Mister Topaz
hbm:gun_flamer_daybreaker, Daybreaker
hbm:gun_chemthrower, Chemthrower
hbm:gun_panzerschreck, Panzerschreck
hbm:gun_stinger, FIM-92 Stinger
hbm:gun_quadro, Quad Rocket Launcher
hbm:gun_missile_launcher, Missile Launcher
hbm:gun_g3, Assault Rifle
hbm:gun_g3_zebra, Zebra Rifle
hbm:gun_stg77, StG 77
hbm:gun_amat, Anti-Materiel Rifle
hbm:gun_amat_subtlety, Subtlety
hbm:gun_amat_penance, Penance
hbm:gun_m2, Ma Deuce
hbm:gun_tesla_cannon, Tesla Cannon
hbm:gun_laser_pistol, Laser Pistol
hbm:gun_laser_pistol_pew_pew, Pew Pew
hbm:gun_laser_pistol_morning_glory, Morning Glory
hbm:gun_lasrifle, Laser Rifle
hbm:gun_tau, Tau Cannon
hbm:gun_coilgun, Coilgun
hbm:gun_fatman, Fat Man
hbm:gun_bolter, Bolter
hbm:gun_folly, Folly
hbm:gun_fireext, Fire Extinguisher
hbm:gun_charge_thrower, Charge Thrower
hbm:gun_double_barrel, An Old Classic
hbm:gun_double_barrel_sacred_dragon, Sacred Dragon
hbm:gun_autoshotgun_heretic, The Heretic
hbm:gun_drill, Powered Drill
hbm:gun_aberrator, Aberrator
hbm:gun_aberrator_eott, Eyes Of The Tempest
hbm:weapon_mod_test:0, FIRE RATE UPGRADE
hbm:weapon_mod_test:1, DAMAGE UPGRADE
hbm:weapon_mod_test:2, MULTI SHOT UPGRADE
hbm:weapon_mod_test:3, DAMAGE OVERRIDE (2.5)
hbm:weapon_mod_test:4, DAMAGE OVERRIDE (5)
hbm:weapon_mod_test:5, DAMAGE OVERRIDE (7.5)
hbm:weapon_mod_test:6, DAMAGE OVERRIDE (10)
hbm:weapon_mod_test:7, DAMAGE OVERRIDE (12.5)
hbm:weapon_mod_test:8, DAMAGE OVERRIDE (15)
hbm:weapon_mod_test:9, DAMAGE OVERRIDE (20)
hbm:weapon_mod_generic:0, Optimized Iron Receiver
hbm:weapon_mod_generic:1, High-Durability Iron Parts
hbm:weapon_mod_generic:2, Optimized Steel Receiver
hbm:weapon_mod_generic:3, High-Durability Steel Parts
hbm:weapon_mod_generic:4, Optimized HSS Receiver
hbm:weapon_mod_generic:5, High-Durability HSS Parts
hbm:weapon_mod_generic:6, Optimized Desh Receiver
hbm:weapon_mod_generic:7, High-Durability Desh Parts
hbm:weapon_mod_generic:8, Optimized Weapon Steel Receiver
hbm:weapon_mod_generic:9, High-Durability Weapon Steel Parts
hbm:weapon_mod_generic:10, Optimized Ferrouranium Receiver
hbm:weapon_mod_generic:11, High-Durability Ferrouranium Parts
hbm:weapon_mod_generic:12, Optimized Resistant Alloy Receiver
hbm:weapon_mod_generic:13, High-Durability Resistant Alloy Parts
hbm:weapon_mod_generic:14, Optimized Saturnite Receiver
hbm:weapon_mod_generic:15, High-Durability Saturnite Parts
hbm:weapon_mod_generic:16, Optimized Bronze Receiver
hbm:weapon_mod_generic:17, High-Durability Bronze Parts
hbm:weapon_mod_special:0, Silencer
hbm:weapon_mod_special:1, Scope
hbm:weapon_mod_special:2, Hacksaw
hbm:weapon_mod_special:3, Grease Gun Modernization Kit
hbm:weapon_mod_special:4, Gear Train
hbm:weapon_mod_special:5, Auxiliary Electric Engine
hbm:weapon_mod_special:6, Choke
hbm:weapon_mod_special:7, Speedloader
hbm:weapon_mod_special:8, Polymer Furniture (Green)
hbm:weapon_mod_special:9, Polymer Furniture (Black)
hbm:weapon_mod_special:10, Bayonet
hbm:weapon_mod_special:11, Double-Stacked Magazine
hbm:weapon_mod_special:12, Saturnite Skin
hbm:weapon_mod_special:13, Laser Rifle Beam Splitter
hbm:weapon_mod_special:14, Laser Rifle Extended Capacitor
hbm:weapon_mod_special:15, Laser Rifle Automatic Receiver
hbm:weapon_mod_special:16, Powered Drill - High-Speed Steel Drillbit
hbm:weapon_mod_special:17, Powered Drill - Weapon Steel Drillbit
hbm:weapon_mod_special:18, Powered Drill - Technetium Steel Drillbit
hbm:weapon_mod_special:19, Powered Drill - Saturnite Drillbit
hbm:weapon_mod_special:20, Powered Drill - Diesel Engine
hbm:weapon_mod_special:21, Powered Drill - Aircraft Engine
hbm:weapon_mod_special:22, Powered Drill - Electric Engine
hbm:weapon_mod_special:23, Powered Drill - Turbo Engine
hbm:weapon_mod_special:24, Powered Drill - Electromagnet
hbm:weapon_mod_special:25, Powered Drill - Sifter
hbm:weapon_mod_special:26, Powered Drill - Extension Canisters
hbm:weapon_mod_caliber:0, 9mm Conversion Kit
hbm:weapon_mod_caliber:1, .45 Conversion Kit
hbm:weapon_mod_caliber:2, .22 LR Conversion Kit
hbm:weapon_mod_caliber:3, .357 Magnum Conversion Kit
hbm:weapon_mod_caliber:4, .44 Magnum Conversion Kit
hbm:weapon_mod_caliber:5, 5.56mm Conversion Kit
hbm:weapon_mod_caliber:6, 7.62mm Conversion Kit
hbm:weapon_mod_caliber:7, .50 BMG Conversion Kit
hbmspace:rocket_custom, Orbital Rocket
hbmspace:oxy_plss, PLSS
hbmspace:hard_drive, Empty Hard Drive
hbmspace:hard_drive_full:0, Hard Drive
hbmspace:hard_drive_full:1, Hard Drive
hbmspace:hard_drive_full:2, Hard Drive
hbmspace:hard_drive_full:3, Hard Drive
hbmspace:hard_drive_full:4, Hard Drive
hbmspace:hard_drive_full:5, Hard Drive
hbmspace:hard_drive_full:6, Hard Drive
hbmspace:hard_drive_full:7, Hard Drive
hbmspace:hard_drive_full:8, Hard Drive
hbmspace:hard_drive_full:9, Hard Drive
hbmspace:circuit:0, Printed GaAs Wafer
hbmspace:circuit:1, Avionics Circuit Board
hbmspace:circuit:2, Avionics Unit
hbmspace:circuit:3, Lanthanium Capacitor
hbmspace:circuit:4, Drive Processor (Tier 1)
hbmspace:circuit:5, Drive Processor (Tier 2)
hbmspace:circuit:6, Drive Processor (Tier 3)
hbmspace:circuit:7, GaAs Microchip
hbmspace:circuit:8, Hafnium Microchip
hbmspace:circuit:9, Molysite-Etched Microchip
hbmspace:transporter_linker, Transporter Pad Linker
hbmspace:rp_f_20_12, Size 20 12m Liquid Fuel Fuselage
hbmspace:rp_f_20_6, Size 20 6m Liquid Fuel Fuselage
hbmspace:rp_f_20_3, Size 20 3m Liquid Fuel Fuselage
hbmspace:rp_f_20_1, Size 20 1m Liquid Fuel Fuselage
hbmspace:rp_l_20, Landing Legs
hbmspace:rp_c_20, Landing Capsule
hbmspace:rp_sc_20, Orbital Station
hbmspace:rp_pod_20, Drop Pod
hbmspace:mp_fuselage_20_hydrazine, Size 20 Hydrazine Fuselage
hbmspace:mp_thruster_20_methalox, Size 20 Methalox Thruster
hbmspace:mp_thruster_20_methalox_dual, Size 20 Methalox Twin Thrusters
hbmspace:mp_thruster_20_methalox_triple, Size 20 Methalox Triple Thrusters
hbmspace:mp_thruster_20_hydrogen, Size 20 Hydrolox Thruster
hbmspace:mp_thruster_20_hydrogen_dual, Size 20 Hydrolox Twin Thrusters
hbmspace:mp_thruster_20_hydrogen_triple, Size 20 Hydrolox Triple Thrusters
hbmspace:flesh, Flesh
hbmspace:flesh_wafer, Flesh Patty
hbmspace:grilled_flesh, Grilled Flesh Patty
hbmspace:flesh_burger, Flesh Burger
hbmspace:ingot_magma, Vulcanite Ingot
hbmspace:crystal_nickel, Nickel Crystals
hbmspace:crystal_zinc, Zinc Crystal
hbmspace:crystal_niobium, Niobium Crystals
hbmspace:nickel_salts, Nickel Salts
hbmspace:ammonium_nitrate, Ammonium Nitrate
hbmspace:crystal_mineral, Mineral Crystals
hbmspace:crystal_cleaned, Cleaned Mineral Crystals
hbmspace:mineral_dust, Mineral Dust
hbmspace:chunk_ore:0, Pentlandite Chunk
hbmspace:chunk_ore:1, Moonstone
hbmspace:mineral_fragment:0, Acidized Minerals
hbmspace:mineral_fragment:1, Nitride Minerals
hbmspace:mineral_fragment:2, Sulfuric Minerals
hbmspace:mineral_fragment:3, Solvent Minerals
hbmspace:mineral_fragment:4, Chloride Minerals
hbmspace:mineral_fragment:5, Schrabidic Minerals
hbmspace:swarm_member, Dyson Swarm Member
hbmspace:saltleaf, Saltleaf
hbmspace:beryllium_mirror, Beryllium Mirror
hbmspace:teacup_empty, Empty Teacup
hbmspace:glass_smilk, Strawberry Milk Glass
hbmspace:strawberry, Strawberry
hbmspace:mint_leaves, Mint Leaves
hbmspace:bean_raw, Raw Coffee Bean
hbmspace:powder_coffee, Ground Coffee
hbmspace:bean_roast, Roasted Coffee Bean
hbmspace:teaseeds, Tea Seeds
hbmspace:tea_leaf, Tea Leaf
hbmspace:teacup, Cup of Tea
hbmspace:bottle_honey, Bottle of Honey
hbmspace:paraffin_seeds, Chlorinated Seeds
hbmspace:glass_empty, Empty Glass
hbmspace:cmug_empty, Empty Mug
hbmspace:lox_tank, Oxygen Tank
hbmspace:turbine_syngas, Stainless Steel Turbine Blades
hbmspace:blade_syngas, Stainless Steel Blades
hbmspace:stick_pvc, PVC Stick
hbmspace:stick_vinyl, Vinyl Stick
hbmspace:sat_dyson_relay, Satellite Dyson Relay
hbmspace:sat_war, item.sat_war.name
hbmspace:scuttertail, Scuttertail
hbmspace:rubber_leaves, Rubber Leaves
hbmspace:pet_leaves, Plastic Leaves
hbmspace:powder_rubber, Rubber Powder
hbmspace:powder_pvc, PVC Powder
hbmspace:ingot_nickel, Nickel Ingot
hbmspace:powder_nickel, Nickel Powder
hbmspace:nugget_nickel, Nickel Nugget
hbmspace:plate_nickel, Nickel Plate
hbmspace:ingot_gallium, Gallium Ingot
hbmspace:nugget_gallium, Gallium Nugget
hbmspace:powder_gallium, Gallium Powder
hbmspace:powder_gallium_tiny, Tiny Pile of Gallium Powder
hbmspace:powder_wd2004_tiny, Tiny Pile Of Woodemium-2004-Anti-mass Lattice Powder
hbmspace:powder_wd2004, Woodemium-2004-Anti-mass Lattice Powder
hbmspace:ingot_tt, Techtactium Ingot
hbmspace:ingot_ttas, Techtactium Arsenide Ingot
hbmspace:ingot_gaas, Gallium Arsenide Ingot
hbmspace:nugget_gaas, Gallium Arsenide Nugget
hbmspace:billet_gaas, Gallium Arsenide Billet
hbmspace:nugget_zinc, Zinc Nugget
hbmspace:ingot_zinc, Zinc Ingot
hbmspace:powder_zinc, Zinc Powder
hbmspace:ingot_hafnium, Hafnium Ingot
hbmspace:nugget_hafnium, Hafnium Nugget
hbmspace:ingot_iridium, Iridium Ingot
hbmspace:ingot_stainless, Stainless Steel Ingot
hbmspace:plate_stainless, Stainless Steel Plate
hbmspace:ingot_menthol, Menthol Crystals
hbmspace:nugget_menthol, Menthol Nugget
hbmspace:billet_menthol, Menthol Billet
hbmspace:butter, Butter
hbmspace:min_cream, Minmus Mint Ice Cream
hbmspace:chocolate_mint_billet, Mint Slice
hbmspace:ingot_cm242, Curium-242 Ingot
hbmspace:ingot_cm243, Curium-243 Ingot
hbmspace:ingot_cm244, Curium-244 Ingot
hbmspace:ingot_cm245, Curium-245 Ingot
hbmspace:ingot_cm246, Curium-246 Ingot
hbmspace:ingot_cm247, Curium-247 Ingot
hbmspace:ingot_cm_fuel, Ingot of Curium Fuel
hbmspace:ingot_cm_mix, Reactor-Grade Curium Ingot
hbmspace:ingot_bk247, Berkelium-247 Ingot
hbmspace:ingot_cf251, Californium-251 Ingot
hbmspace:ingot_cf252, Californium-252 Ingot
hbmspace:ingot_es253, Einsteinium-253 Ingot
hbmspace:ingot_es255, Einstenium-255 Ingot
hbmspace:ingot_gwenium, Gwenium Ingot
hbmspace:billet_bk247, Berkelium-247 Billet
hbmspace:billet_cm242, Curium-242 Billet
hbmspace:billet_cm243, Curium-243 Billet
hbmspace:billet_cm244, Curium-244 Billet
hbmspace:billet_cm245, Curium-245 Billet
hbmspace:billet_cm246, Curium-246 Billet
hbmspace:billet_cm247, Curium-247 Billet
hbmspace:billet_cf252, Californium-252 Billet
hbmspace:billet_es253, Einsteinium-253 Billet
hbmspace:billet_cf251, Californium-251 Billet
hbmspace:billet_cm_mix, Reactor-Grade Curium Billet
hbmspace:billet_cm_fuel, Curium Fuel Billet
hbmspace:billet_red_copper, Minecraft Grade Copper Billet
hbmspace:divine_shard, item.divine_shard.name
hbmspace:nugget_lanthanium, Semi-Stable Lanthanium Nugget
hbmspace:powder_coke:0, Coal Coke Powder
hbmspace:powder_coke:1, Lignite Coke Powder
hbmspace:powder_coke:2, Petroleum Coke Powder
hbmspace:s_cream, Strawberry Ice Cream
hbmspace:woodemium_briquette, Balefire Infused Woodemium Briquette
hbmspace:ingot_cn989, Chinesium-989 Ingot
hbmspace:nugget_cn989, Chinesium-989 Nugget
hbmspace:billet_cn989, Chinesium-989 Billet
hbmspace:plate_cn989, Chinesium-989 Plate
hbmspace:powder_cn989, Chinesium-989 Powder
hbmspace:ingot_australium_lesser, Lesser Australium Ingot
hbmspace:ingot_australium_greater, Greater Australium Ingot
hbmspace:powder_lead, Lead Powder
hbmspace:nugget_bk247, Berkelium-247 Nugget
hbmspace:nugget_cm242, Curium-242 Nugget
hbmspace:nugget_cm243, Curium-243 Nugget
hbmspace:nugget_cm244, Curium-244 Nugget
hbmspace:nugget_cm245, Curium-245 Nugget
hbmspace:nugget_cm246, Curium-246 Nugget
hbmspace:nugget_cm247, Curium-247 Nugget
hbmspace:nugget_cf251, Californium-251 Nugget
hbmspace:nugget_cf252, Californium-252 Nugget
hbmspace:nugget_cm_fuel, Nugget of Curium Fuel
hbmspace:nugget_es253, Einsteinium-253 Nugget
hbmspace:nugget_cm_mix, Reactor-Grade Curium Nugget
hbmspace:pellet_rtg_americium_depleted, Decayed Americium RTG Pellet
hbmspace:pellet_rtg_berkelium, Berkelium RTG Pellet
hbmspace:pellet_rtg_cf251, Californium-251 RTG Pellet
hbmspace:pellet_rtg_cf252, Californium-252 RTG Pellet
hbmspace:rag_blood, Blood-Soaked Rag
hbmspace:ingot_palladium, Palladium Ingot
hbmspace:animan, Problematic Meal
hbmspace:flippers, Flippers
hbmspace:heavy_boots, Occasionally Heavy Boots
hbmspace:coin_airliner, Airliner Coin
hbmspace:rbmk_pellet_lecm:0, LECm Fuel pellet
hbmspace:rbmk_pellet_lecm:1, LECm Fuel pellet
hbmspace:rbmk_pellet_lecm:2, LECm Fuel pellet
hbmspace:rbmk_pellet_lecm:3, LECm Fuel pellet
hbmspace:rbmk_pellet_lecm:4, LECm Fuel pellet
hbmspace:rbmk_pellet_lecm:5, LECm Fuel pellet
hbmspace:rbmk_pellet_lecm:6, LECm Fuel pellet
hbmspace:rbmk_pellet_lecm:7, LECm Fuel pellet
hbmspace:rbmk_pellet_lecm:8, LECm Fuel pellet
hbmspace:rbmk_pellet_lecm:9, LECm Fuel pellet
hbmspace:rbmk_pellet_bk247:0, BK-247 Fuel Pellet
hbmspace:rbmk_pellet_bk247:1, BK-247 Fuel Pellet
hbmspace:rbmk_pellet_bk247:2, BK-247 Fuel Pellet
hbmspace:rbmk_pellet_bk247:3, BK-247 Fuel Pellet
hbmspace:rbmk_pellet_bk247:4, BK-247 Fuel Pellet
hbmspace:rbmk_pellet_bk247:5, BK-247 Fuel Pellet
hbmspace:rbmk_pellet_bk247:6, BK-247 Fuel Pellet
hbmspace:rbmk_pellet_bk247:7, BK-247 Fuel Pellet
hbmspace:rbmk_pellet_bk247:8, BK-247 Fuel Pellet
hbmspace:rbmk_pellet_bk247:9, BK-247 Fuel Pellet
hbmspace:rbmk_pellet_mecm:0, MECm Fuel pellet
hbmspace:rbmk_pellet_mecm:1, MECm Fuel pellet
hbmspace:rbmk_pellet_mecm:2, MECm Fuel pellet
hbmspace:rbmk_pellet_mecm:3, MECm Fuel pellet
hbmspace:rbmk_pellet_mecm:4, MECm Fuel pellet
hbmspace:rbmk_pellet_mecm:5, MECm Fuel pellet
hbmspace:rbmk_pellet_mecm:6, MECm Fuel pellet
hbmspace:rbmk_pellet_mecm:7, MECm Fuel pellet
hbmspace:rbmk_pellet_mecm:8, MECm Fuel pellet
hbmspace:rbmk_pellet_mecm:9, MECm Fuel pellet
hbmspace:rbmk_pellet_hecm:0, HECm Fuel pellet
hbmspace:rbmk_pellet_hecm:1, HECm Fuel pellet
hbmspace:rbmk_pellet_hecm:2, HECm Fuel pellet
hbmspace:rbmk_pellet_hecm:3, HECm Fuel pellet
hbmspace:rbmk_pellet_hecm:4, HECm Fuel pellet
hbmspace:rbmk_pellet_hecm:5, HECm Fuel pellet
hbmspace:rbmk_pellet_hecm:6, HECm Fuel pellet
hbmspace:rbmk_pellet_hecm:7, HECm Fuel pellet
hbmspace:rbmk_pellet_hecm:8, HECm Fuel pellet
hbmspace:rbmk_pellet_hecm:9, HECm Fuel pellet
hbmspace:rbmk_fuel_bk247, BK-247 RBMK Fuel Rod
hbmspace:rbmk_fuel_lecm, LECm RBMK Fuel Rod
hbmspace:rbmk_fuel_mecm, MECm RBMK Fuel Rod
hbmspace:rbmk_fuel_hecm, HECm RBMK Fuel Rod
hbmspace:ball_ferric_clay, Ferric Clay
hbmspace:flour, Flour
hbmspace:wand_time, Time Wand
hbmspace:atmosphere_scanner, Atmosphere Scanner
hbmspace:record_gs, item.record_gs.name
hbmspace:record_gp, item.record_gp.name
hbmspace:record_el, item.record_el.name
hbmspace:moon_rock, Moon Rock
hbmspace:tumor, Fleshy Mass
hbmspace:duna_sands, Duna Sand
hbmspace:duna_cobble, Duna Cobblestone
hbmspace:duna_rock, Duna Rock
hbmspace:dry_ice, Dry Ice
hbmspace:ferric_clay, Ferric Clay
hbmspace:eve_silt, Eve Silt
hbmspace:eve_rock, Eve Rock
hbmspace:laythe_silt, Laythe Silt
hbmspace:ike_regolith, Ike Regolith
hbmspace:ike_stone, Ike Stone
hbmspace:dres_rock, Dres Rock
hbmspace:moho_regolith, Moho Regolith
hbmspace:moho_stone, Moho Stone
hbmspace:minmus_regolith, Minmus Regolith
hbmspace:minmus_stone, Minmus Stone
hbmspace:minmus_smooth, Smooth Minmus Rock
hbmspace:block_nickel, Block of Nickel
hbmspace:block_osmiridium, Block of Osmiridium
hbmspace:deco_stainless, Stainless Steel Deco Block
hbmspace:stone_resource:0, Conglomerate
hbmspace:stone_resource:1, Calcium
hbmspace:vinyl_log, Hardened Vinyl Log
hbmspace:pvc_log, PVC Log
hbmspace:vinyl_planks, Vinyl Planks
hbmspace:pvc_planks, PVC Planks
hbmspace:lattice_log, Latticed Log
hbmspace:bf_log, Balefire Log
hbmspace:primed_log, Primed Log
hbmspace:eu_log, Anti-Mass Log
hbmspace:flesh_block, tile.flesh_block.name
hbmspace:charred_flesh_block, tile.charred_flesh_block.name
hbmspace:carbonized_flesh_block, tile.carbonized_flesh_block.name
hbmspace:machine_lpw2, LPW-2 Station Thruster
hbmspace:machine_htr3, LPW-3N Station Thruster
hbmspace:machine_htrf4, HTR-F4 Station Thruster
hbmspace:machine_htrf4neo, tile.machine_htrf4neo.name
hbmspace:machine_xenon_thruster, Xenon Station Thruster
hbmspace:transporter_rocket, Rocket Transporter Pad
hbmspace:orbital_station, Orbital Station Core
hbmspace:orbital_station_port, Orbital Station Port
hbmspace:orbital_station_launcher, Orbital Station Launching Port
hbmspace:orbital_station_computer, Orbital Station Computer
hbmspace:machine_stardar, StarDar
hbmspace:machine_drive_processor, Drive Processor
hbmspace:machine_rocket_assembly, Vehicle Assembly Base (VAB)
hbmspace:launch_pad_rocket, Rocket Launch Pad
hbmspace:machine_vacuum_circuit, Vacuum Solderer
hbmspace:machine_alkylation, Alkylation Unit
hbmspace:machine_solar, Solar Panel
hbmspace:air_vent, Air Vent
hbmspace:air_scrubber, CO2 Scrubber
hbmspace:hydrobay, Industrial Greenhouse
hbmspace:machine_cryo_distill, Cryogenic Distillation Machine
hbmspace:machine_milk_reformer, Dairy Processing Tank
hbmspace:machine_magma, Magma Drill
hbmspace:machine_radiator, Steam Radiator
hbmspace:dish_control, StarDar Remote Access Console
hbmspace:machine_discharger, Matter Discharging Device (LEGACY)
hbmspace:gas_dock, Gas Giant Harvester
hbmspace:rbmk_burner, RBMK Fluid Burner
hbmspace:dyson_launcher, Dyson Spinlauncher
hbmspace:dyson_receiver, Dyson Receiver
hbmspace:dyson_converter_tu, Dyson Heat Converter
hbmspace:dyson_converter_he, Dyson Power Converter
hbmspace:dyson_converter_anatmogenesis, Dyson Anatmogenesis Terraformer
hbmspace:crop_strawberry, Strawberries
hbmspace:crop_mint, Mint
hbmspace:crop_coffee, Coffee
hbmspace:crop_tea, Tea
hbmspace:crop_paraffin, Wax Crop
hbmspace:rubber_farmland, Tekto Farmland
hbmspace:rubber_silt, Tekto Silt
hbmspace:ccl_block, CCL
hbmspace:dummy_beam, Integrated Lamp
hbmspace:furnace, Furnace
hbmspace:lit_furnace, tile.lit_furnace.name
projectred-core:resource_item:0, Circuit Plate
projectred-core:resource_item:1, Conductive Plate
projectred-core:resource_item:2, Wired Plate
projectred-core:resource_item:3, Bundled Plate
projectred-core:resource_item:4, Platformed Plate
projectred-core:resource_item:10, Anode
projectred-core:resource_item:11, Cathode
projectred-core:resource_item:12, Pointer
projectred-core:resource_item:20, Silicon Chip
projectred-core:resource_item:21, Energized Silicon Chip
projectred-core:resource_item:100, Copper Ingot
projectred-core:resource_item:101, Tin Ingot
projectred-core:resource_item:102, Silver Ingot
projectred-core:resource_item:103, Red Alloy Ingot
projectred-core:resource_item:104, Electrotine Alloy Ingot
projectred-core:resource_item:105, Electrotine
projectred-core:resource_item:200, Ruby
projectred-core:resource_item:201, Sapphire
projectred-core:resource_item:202, Peridot
projectred-core:resource_item:250, Sandy Coal Compound
projectred-core:resource_item:251, Red Iron Compound
projectred-core:resource_item:252, Electrotine Iron Compound
projectred-core:resource_item:300, Silicon Boule
projectred-core:resource_item:301, Silicon
projectred-core:resource_item:310, Red Silicon Compound
projectred-core:resource_item:311, Glowing Silicon Compound
projectred-core:resource_item:312, Electrotine Silicon Compound
projectred-core:resource_item:320, Infused Silicon
projectred-core:resource_item:341, Energized Silicon
projectred-core:resource_item:342, Electro Silicon
projectred-core:resource_item:400, Copper Coil
projectred-core:resource_item:401, Iron Coil
projectred-core:resource_item:402, Gold Coil
projectred-core:resource_item:410, Motor
projectred-core:resource_item:420, Woven Cloth
projectred-core:resource_item:421, Sail
projectred-core:resource_item:500, White Illumar
projectred-core:resource_item:501, Orange Illumar
projectred-core:resource_item:502, Magenta Illumar
projectred-core:resource_item:503, Light Blue Illumar
projectred-core:resource_item:504, Yellow Illumar
projectred-core:resource_item:505, Lime Illumar
projectred-core:resource_item:506, Pink Illumar
projectred-core:resource_item:507, Grey Illumar
projectred-core:resource_item:508, Light Grey Illumar
projectred-core:resource_item:509, Cyan Illumar
projectred-core:resource_item:510, Purple Illumar
projectred-core:resource_item:511, Blue Illumar
projectred-core:resource_item:512, Brown Illumar
projectred-core:resource_item:513, Green Illumar
projectred-core:resource_item:514, Red Illumar
projectred-core:resource_item:515, Black Illumar
projectred-core:resource_item:600, Null-Logic Routing Chip
projectred-core:drawplate, Draw Plate
projectred-core:screwdriver, Screwdriver
projectred-core:multimeter, Multimeter
projectred-integration:gate:0, OR Gate
projectred-integration:gate:1, NOR Gate
projectred-integration:gate:2, NOT Gate
projectred-integration:gate:3, AND Gate
projectred-integration:gate:4, NAND Gate
projectred-integration:gate:5, XOR Gate
projectred-integration:gate:6, XNOR Gate
projectred-integration:gate:7, Buffer Gate
projectred-integration:gate:8, Multiplexer
projectred-integration:gate:9, Pulse Former
projectred-integration:gate:10, Repeater
projectred-integration:gate:11, Randomizer
projectred-integration:gate:12, RS Latch
projectred-integration:gate:13, Toggle Latch
projectred-integration:gate:14, Transparent Latch
projectred-integration:gate:15, Light Sensor
projectred-integration:gate:16, Rain Sensor
projectred-integration:gate:17, Timer
projectred-integration:gate:18, Sequencer
projectred-integration:gate:19, Counter
projectred-integration:gate:20, State Cell
projectred-integration:gate:21, Synchronizer
projectred-integration:gate:22, Bus Transceiver
projectred-integration:gate:23, Null Cell
projectred-integration:gate:24, Invert Cell
projectred-integration:gate:25, Buffer Cell
projectred-integration:gate:26, Comparator
projectred-integration:gate:27, AND Cell
projectred-integration:gate:28, Bus Randomizer
projectred-integration:gate:29, Bus Converter
projectred-integration:gate:30, Bus Input Panel
projectred-integration:gate:31, Data Cell
projectred-integration:gate:32, Segment Display Gate
projectred-integration:gate:33, Dec Randomizer
projectred-integration:gate:34, IC Gate
projectred-transmission:wire:0, Red Alloy Wire
projectred-transmission:wire:1, White Insulated Wire
projectred-transmission:wire:2, Orange Insulated Wire
projectred-transmission:wire:3, Magenta Insulated Wire
projectred-transmission:wire:4, Light Blue Insulated Wire
projectred-transmission:wire:5, Yellow Insulated Wire
projectred-transmission:wire:6, Lime Insulated Wire
projectred-transmission:wire:7, Pink Insulated Wire
projectred-transmission:wire:8, Grey Insulated Wire
projectred-transmission:wire:9, Light Grey Insulated Wire
projectred-transmission:wire:10, Cyan Insulated Wire
projectred-transmission:wire:11, Purple Insulated Wire
projectred-transmission:wire:12, Blue Insulated Wire
projectred-transmission:wire:13, Brown Insulated Wire
projectred-transmission:wire:14, Green Insulated Wire
projectred-transmission:wire:15, Red Insulated Wire
projectred-transmission:wire:16, Black Insulated Wire
projectred-transmission:wire:17, Bundled Cable
projectred-transmission:wire:18, White Bundled Cable
projectred-transmission:wire:19, Orange Bundled Cable
projectred-transmission:wire:20, Magenta Bundled Cable
projectred-transmission:wire:21, Light Blue Bundled Cable
projectred-transmission:wire:22, Yellow Bundled Cable
projectred-transmission:wire:23, Lime Bundled Cable
projectred-transmission:wire:24, Pink Bundled Cable
projectred-transmission:wire:25, Grey Bundled Cable
projectred-transmission:wire:26, Light Grey Bundled Cable
projectred-transmission:wire:27, Cyan Bundled Cable
projectred-transmission:wire:28, Purple Bundled Cable
projectred-transmission:wire:29, Blue Bundled Cable
projectred-transmission:wire:30, Brown Bundled Cable
projectred-transmission:wire:31, Green Bundled Cable
projectred-transmission:wire:32, Red Bundled Cable
projectred-transmission:wire:33, Black Bundled Cable
projectred-transmission:wire:34, Low Load Power Line
projectred-transmission:framed_wire:0, Framed Red Alloy Wire
projectred-transmission:framed_wire:1, Framed White Insulated Wire
projectred-transmission:framed_wire:2, Framed Orange Insulated Wire
projectred-transmission:framed_wire:3, Framed Magenta Insulated Wire
projectred-transmission:framed_wire:4, Framed Light Blue Insulated Wire
projectred-transmission:framed_wire:5, Framed Yellow Insulated Wire
projectred-transmission:framed_wire:6, Framed Lime Insulated Wire
projectred-transmission:framed_wire:7, Framed Pink Insulated Wire
projectred-transmission:framed_wire:8, Framed Grey Insulated Wire
projectred-transmission:framed_wire:9, Framed Light Grey Insulated Wire
projectred-transmission:framed_wire:10, Framed Cyan Insulated Wire
projectred-transmission:framed_wire:11, Framed Purple Insulated Wire
projectred-transmission:framed_wire:12, Framed Blue Insulated Wire
projectred-transmission:framed_wire:13, Framed Brown Insulated Wire
projectred-transmission:framed_wire:14, Framed Green Insulated Wire
projectred-transmission:framed_wire:15, Framed Red Insulated Wire
projectred-transmission:framed_wire:16, Framed Black Insulated Wire
projectred-transmission:framed_wire:17, Framed Bundled Cable
projectred-transmission:framed_wire:34, Framed Low Load Power Line
projectred-illumination:lamp:0, White Lamp
projectred-illumination:lamp:1, Orange Lamp
projectred-illumination:lamp:2, Magenta Lamp
projectred-illumination:lamp:3, Light Blue Lamp
projectred-illumination:lamp:4, Yellow Lamp
projectred-illumination:lamp:5, Lime Lamp
projectred-illumination:lamp:6, Pink Lamp
projectred-illumination:lamp:7, Grey Lamp
projectred-illumination:lamp:8, Light Grey Lamp
projectred-illumination:lamp:9, Cyan Lamp
projectred-illumination:lamp:10, Purple Lamp
projectred-illumination:lamp:11, Blue Lamp
projectred-illumination:lamp:12, Brown Lamp
projectred-illumination:lamp:13, Green Lamp
projectred-illumination:lamp:14, Red Lamp
projectred-illumination:lamp:15, Black Lamp
projectred-illumination:lamp:16, Inverted White Lamp
projectred-illumination:lamp:17, Inverted Orange Lamp
projectred-illumination:lamp:18, Inverted Magenta Lamp
projectred-illumination:lamp:19, Inverted Light Blue Lamp
projectred-illumination:lamp:20, Inverted Yellow Lamp
projectred-illumination:lamp:21, Inverted Lime Lamp
projectred-illumination:lamp:22, Inverted Pink Lamp
projectred-illumination:lamp:23, Inverted Grey Lamp
projectred-illumination:lamp:24, Inverted Light Grey Lamp
projectred-illumination:lamp:25, Inverted Cyan Lamp
projectred-illumination:lamp:26, Inverted Purple Lamp
projectred-illumination:lamp:27, Inverted Blue Lamp
projectred-illumination:lamp:28, Inverted Brown Lamp
projectred-illumination:lamp:29, Inverted Green Lamp
projectred-illumination:lamp:30, Inverted Red Lamp
projectred-illumination:lamp:31, Inverted Black Lamp
projectred-illumination:light_button:0, White Illumar Button
projectred-illumination:light_button:1, Orange Illumar Button
projectred-illumination:light_button:2, Magenta Illumar Button
projectred-illumination:light_button:3, Light Blue Illumar Button
projectred-illumination:light_button:4, Yellow Illumar Button
projectred-illumination:light_button:5, Lime Illumar Button
projectred-illumination:light_button:6, Pink Illumar Button
projectred-illumination:light_button:7, Grey Illumar Button
projectred-illumination:light_button:8, Light Grey Illumar Button
projectred-illumination:light_button:9, Cyan Illumar Button
projectred-illumination:light_button:10, Purple Illumar Button
projectred-illumination:light_button:11, Blue Illumar Button
projectred-illumination:light_button:12, Brown Illumar Button
projectred-illumination:light_button:13, Green Illumar Button
projectred-illumination:light_button:14, Red Illumar Button
projectred-illumination:light_button:15, Black Illumar Button
projectred-illumination:feedback_light_button:0, White Illumar Feedback Button
projectred-illumination:feedback_light_button:1, Orange Illumar Feedback Button
projectred-illumination:feedback_light_button:2, Magenta Illumar Feedback Button
projectred-illumination:feedback_light_button:3, Light Blue Illumar Feedback Button
projectred-illumination:feedback_light_button:4, Yellow Illumar Feedback Button
projectred-illumination:feedback_light_button:5, Lime Illumar Feedback Button
projectred-illumination:feedback_light_button:6, Pink Illumar Feedback Button
projectred-illumination:feedback_light_button:7, Grey Illumar Feedback Button
projectred-illumination:feedback_light_button:8, Light Grey Illumar Feedback Button
projectred-illumination:feedback_light_button:9, Cyan Illumar Feedback Button
projectred-illumination:feedback_light_button:10, Purple Illumar Feedback Button
projectred-illumination:feedback_light_button:11, Blue Illumar Feedback Button
projectred-illumination:feedback_light_button:12, Brown Illumar Feedback Button
projectred-illumination:feedback_light_button:13, Green Illumar Feedback Button
projectred-illumination:feedback_light_button:14, Red Illumar Feedback Button
projectred-illumination:feedback_light_button:15, Black Illumar Feedback Button
projectred-illumination:lantern:0, White Lantern
projectred-illumination:lantern:1, Orange Lantern
projectred-illumination:lantern:2, Magenta Lantern
projectred-illumination:lantern:3, Light Blue Lantern
projectred-illumination:lantern:4, Yellow Lantern
projectred-illumination:lantern:5, Lime Lantern
projectred-illumination:lantern:6, Pink Lantern
projectred-illumination:lantern:7, Grey Lantern
projectred-illumination:lantern:8, Light Grey Lantern
projectred-illumination:lantern:9, Cyan Lantern
projectred-illumination:lantern:10, Purple Lantern
projectred-illumination:lantern:11, Blue Lantern
projectred-illumination:lantern:12, Brown Lantern
projectred-illumination:lantern:13, Green Lantern
projectred-illumination:lantern:14, Red Lantern
projectred-illumination:lantern:15, Black Lantern
projectred-illumination:inverted_lantern:0, Inverted White Lantern
projectred-illumination:inverted_lantern:1, Inverted Orange Lantern
projectred-illumination:inverted_lantern:2, Inverted Magenta Lantern
projectred-illumination:inverted_lantern:3, Inverted Light Blue Lantern
projectred-illumination:inverted_lantern:4, Inverted Yellow Lantern
projectred-illumination:inverted_lantern:5, Inverted Lime Lantern
projectred-illumination:inverted_lantern:6, Inverted Pink Lantern
projectred-illumination:inverted_lantern:7, Inverted Grey Lantern
projectred-illumination:inverted_lantern:8, Inverted Light Grey Lantern
projectred-illumination:inverted_lantern:9, Inverted Cyan Lantern
projectred-illumination:inverted_lantern:10, Inverted Purple Lantern
projectred-illumination:inverted_lantern:11, Inverted Blue Lantern
projectred-illumination:inverted_lantern:12, Inverted Brown Lantern
projectred-illumination:inverted_lantern:13, Inverted Green Lantern
projectred-illumination:inverted_lantern:14, Inverted Red Lantern
projectred-illumination:inverted_lantern:15, Inverted Black Lantern
projectred-illumination:fixture_light:0, White Fixture
projectred-illumination:fixture_light:1, Orange Fixture
projectred-illumination:fixture_light:2, Magenta Fixture
projectred-illumination:fixture_light:3, Light Blue Fixture
projectred-illumination:fixture_light:4, Yellow Fixture
projectred-illumination:fixture_light:5, Lime Fixture
projectred-illumination:fixture_light:6, Pink Fixture
projectred-illumination:fixture_light:7, Grey Fixture
projectred-illumination:fixture_light:8, Light Grey Fixture
projectred-illumination:fixture_light:9, Cyan Fixture
projectred-illumination:fixture_light:10, Purple Fixture
projectred-illumination:fixture_light:11, Blue Fixture
projectred-illumination:fixture_light:12, Brown Fixture
projectred-illumination:fixture_light:13, Green Fixture
projectred-illumination:fixture_light:14, Red Fixture
projectred-illumination:fixture_light:15, Black Fixture
projectred-illumination:inverted_fixture_light:0, Inverted White Fixture
projectred-illumination:inverted_fixture_light:1, Inverted Orange Fixture
projectred-illumination:inverted_fixture_light:2, Inverted Magenta Fixture
projectred-illumination:inverted_fixture_light:3, Inverted Light Blue Fixture
projectred-illumination:inverted_fixture_light:4, Inverted Yellow Fixture
projectred-illumination:inverted_fixture_light:5, Inverted Lime Fixture
projectred-illumination:inverted_fixture_light:6, Inverted Pink Fixture
projectred-illumination:inverted_fixture_light:7, Inverted Grey Fixture
projectred-illumination:inverted_fixture_light:8, Inverted Light Grey Fixture
projectred-illumination:inverted_fixture_light:9, Inverted Cyan Fixture
projectred-illumination:inverted_fixture_light:10, Inverted Purple Fixture
projectred-illumination:inverted_fixture_light:11, Inverted Blue Fixture
projectred-illumination:inverted_fixture_light:12, Inverted Brown Fixture
projectred-illumination:inverted_fixture_light:13, Inverted Green Fixture
projectred-illumination:inverted_fixture_light:14, Inverted Red Fixture
projectred-illumination:inverted_fixture_light:15, Inverted Black Fixture
projectred-illumination:fallout_lamp:0, White Fallout Light
projectred-illumination:fallout_lamp:1, Orange Fallout Light
projectred-illumination:fallout_lamp:2, Magenta Fallout Light
projectred-illumination:fallout_lamp:3, Light Blue Fallout Light
projectred-illumination:fallout_lamp:4, Yellow Fallout Light
projectred-illumination:fallout_lamp:5, Lime Fallout Light
projectred-illumination:fallout_lamp:6, Pink Fallout Light
projectred-illumination:fallout_lamp:7, Grey Fallout Light
projectred-illumination:fallout_lamp:8, Light Grey Fallout Light
projectred-illumination:fallout_lamp:9, Cyan Fallout Light
projectred-illumination:fallout_lamp:10, Purple Fallout Light
projectred-illumination:fallout_lamp:11, Blue Fallout Light
projectred-illumination:fallout_lamp:12, Brown Fallout Light
projectred-illumination:fallout_lamp:13, Green Fallout Light
projectred-illumination:fallout_lamp:14, Red Fallout Light
projectred-illumination:fallout_lamp:15, Black Fallout Light
projectred-illumination:inverted_fallout_lamp:0, Inverted White Fallout Light
projectred-illumination:inverted_fallout_lamp:1, Inverted Orange Fallout Light
projectred-illumination:inverted_fallout_lamp:2, Inverted Magenta Fallout Light
projectred-illumination:inverted_fallout_lamp:3, Inverted Light Blue Fallout Light
projectred-illumination:inverted_fallout_lamp:4, Inverted Yellow Fallout Light
projectred-illumination:inverted_fallout_lamp:5, Inverted Lime Fallout Light
projectred-illumination:inverted_fallout_lamp:6, Inverted Pink Fallout Light
projectred-illumination:inverted_fallout_lamp:7, Inverted Grey Fallout Light
projectred-illumination:inverted_fallout_lamp:8, Inverted Light Grey Fallout Light
projectred-illumination:inverted_fallout_lamp:9, Inverted Cyan Fallout Light
projectred-illumination:inverted_fallout_lamp:10, Inverted Purple Fallout Light
projectred-illumination:inverted_fallout_lamp:11, Inverted Blue Fallout Light
projectred-illumination:inverted_fallout_lamp:12, Inverted Brown Fallout Light
projectred-illumination:inverted_fallout_lamp:13, Inverted Green Fallout Light
projectred-illumination:inverted_fallout_lamp:14, Inverted Red Fallout Light
projectred-illumination:inverted_fallout_lamp:15, Inverted Black Fallout Light
projectred-illumination:cage_lamp:0, White Cage Lamp
projectred-illumination:cage_lamp:1, Orange Cage Lamp
projectred-illumination:cage_lamp:2, Magenta Cage Lamp
projectred-illumination:cage_lamp:3, Light Blue Cage Lamp
projectred-illumination:cage_lamp:4, Yellow Cage Lamp
projectred-illumination:cage_lamp:5, Lime Cage Lamp
projectred-illumination:cage_lamp:6, Pink Cage Lamp
projectred-illumination:cage_lamp:7, Grey Cage Lamp
projectred-illumination:cage_lamp:8, Light Grey Cage Lamp
projectred-illumination:cage_lamp:9, Cyan Cage Lamp
projectred-illumination:cage_lamp:10, Purple Cage Lamp
projectred-illumination:cage_lamp:11, Blue Cage Lamp
projectred-illumination:cage_lamp:12, Brown Cage Lamp
projectred-illumination:cage_lamp:13, Green Cage Lamp
projectred-illumination:cage_lamp:14, Red Cage Lamp
projectred-illumination:cage_lamp:15, Black Cage Lamp
projectred-illumination:inverted_cage_lamp:0, Inverted White Cage Lamp
projectred-illumination:inverted_cage_lamp:1, Inverted Orange Cage Lamp
projectred-illumination:inverted_cage_lamp:2, Inverted Magenta Cage Lamp
projectred-illumination:inverted_cage_lamp:3, Inverted Light Blue Cage Lamp
projectred-illumination:inverted_cage_lamp:4, Inverted Yellow Cage Lamp
projectred-illumination:inverted_cage_lamp:5, Inverted Lime Cage Lamp
projectred-illumination:inverted_cage_lamp:6, Inverted Pink Cage Lamp
projectred-illumination:inverted_cage_lamp:7, Inverted Grey Cage Lamp
projectred-illumination:inverted_cage_lamp:8, Inverted Light Grey Cage Lamp
projectred-illumination:inverted_cage_lamp:9, Inverted Cyan Cage Lamp
projectred-illumination:inverted_cage_lamp:10, Inverted Purple Cage Lamp
projectred-illumination:inverted_cage_lamp:11, Inverted Blue Cage Lamp
projectred-illumination:inverted_cage_lamp:12, Inverted Brown Cage Lamp
projectred-illumination:inverted_cage_lamp:13, Inverted Green Cage Lamp
projectred-illumination:inverted_cage_lamp:14, Inverted Red Cage Lamp
projectred-illumination:inverted_cage_lamp:15, Inverted Black Cage Lamp
chisel:blockaluminum:0, Block of Aluminum
chisel:blockaluminum:1, Block of Aluminum
chisel:blockaluminum:2, Block of Aluminum
chisel:blockaluminum:3, Block of Aluminum
chisel:blockaluminum:4, Block of Aluminum
chisel:blockaluminum:5, Block of Aluminum
chisel:blockaluminum:6, Block of Aluminum
chisel:andesite:0, Andesite
chisel:andesite:1, Andesite
chisel:andesite:2, Andesite
chisel:andesite:3, Andesite
chisel:andesite:4, Andesite
chisel:andesite:5, Andesite
chisel:andesite:6, Andesite
chisel:andesite:7, Andesite
chisel:andesite:8, Andesite
chisel:andesite:9, Andesite
chisel:andesite:10, Andesite
chisel:andesite:11, Andesite
chisel:andesite:12, Andesite
chisel:andesite:13, Andesite
chisel:andesite:14, Andesite
chisel:andesite:15, Andesite
chisel:andesite1:0, Andesite
chisel:andesite1:1, Andesite
chisel:andesite1:2, Andesite
chisel:andesite1:3, Andesite
chisel:andesite1:4, Andesite
chisel:andesite1:5, Andesite
chisel:andesite1:6, Andesite
chisel:andesite1:7, Andesite
chisel:andesite1:8, Andesite
chisel:andesite1:9, Andesite
chisel:andesite1:10, Andesite
chisel:andesite1:11, Andesite
chisel:andesite1:12, Andesite
chisel:andesite1:13, Andesite
chisel:andesite1:14, Andesite
chisel:andesite1:15, Andesite
chisel:andesite2:0, Andesite
chisel:antiblock:0, Antiblock
chisel:antiblock:1, Antiblock
chisel:antiblock:2, Antiblock
chisel:antiblock:3, Antiblock
chisel:antiblock:4, Antiblock
chisel:antiblock:5, Antiblock
chisel:antiblock:6, Antiblock
chisel:antiblock:7, Antiblock
chisel:antiblock:8, Antiblock
chisel:antiblock:9, Antiblock
chisel:antiblock:10, Antiblock
chisel:antiblock:11, Antiblock
chisel:antiblock:12, Antiblock
chisel:antiblock:13, Antiblock
chisel:antiblock:14, Antiblock
chisel:antiblock:15, Antiblock
chisel:basalt:0, Basalt
chisel:basalt:1, Basalt
chisel:basalt:2, Basalt
chisel:basalt:3, Basalt
chisel:basalt:4, Basalt
chisel:basalt:5, Basalt
chisel:basalt:6, Basalt
chisel:basalt:7, Basalt
chisel:basalt:8, Basalt
chisel:basalt:9, Basalt
chisel:basalt:10, Basalt
chisel:basalt:11, Basalt
chisel:basalt:12, Basalt
chisel:basalt:13, Basalt
chisel:basalt:14, Basalt
chisel:basalt:15, Basalt
chisel:basalt1:0, Basalt
chisel:basalt1:1, Basalt
chisel:basalt1:2, Basalt
chisel:basalt1:3, Basalt
chisel:basalt1:4, Basalt
chisel:basalt1:5, Basalt
chisel:basalt1:6, Basalt
chisel:basalt1:7, Basalt
chisel:basalt1:8, Basalt
chisel:basalt1:9, Basalt
chisel:basalt2:0, Basalt
chisel:basalt2:1, Basalt
chisel:basalt2:2, Basalt
chisel:basalt2:3, Basalt
chisel:basalt2:4, Basalt
chisel:basalt2:5, Basalt
chisel:basalt2:6, Basalt
chisel:basalt2:7, Basalt
chisel:bookshelf_oak:0, Oak Bookshelf
chisel:bookshelf_oak:1, Oak Bookshelf
chisel:bookshelf_oak:2, Oak Bookshelf
chisel:bookshelf_oak:3, Oak Bookshelf
chisel:bookshelf_oak:4, Oak Bookshelf
chisel:bookshelf_oak:5, Oak Bookshelf
chisel:bookshelf_oak:6, Oak Bookshelf
chisel:bookshelf_oak:7, Oak Bookshelf
chisel:bookshelf_oak:8, Oak Bookshelf
chisel:bookshelf_oak:9, Oak Bookshelf
chisel:bookshelf_spruce:0, Spruce Bookshelf
chisel:bookshelf_spruce:1, Spruce Bookshelf
chisel:bookshelf_spruce:2, Spruce Bookshelf
chisel:bookshelf_spruce:3, Spruce Bookshelf
chisel:bookshelf_spruce:4, Spruce Bookshelf
chisel:bookshelf_spruce:5, Spruce Bookshelf
chisel:bookshelf_spruce:6, Spruce Bookshelf
chisel:bookshelf_spruce:7, Spruce Bookshelf
chisel:bookshelf_spruce:8, Spruce Bookshelf
chisel:bookshelf_spruce:9, Spruce Bookshelf
chisel:bookshelf_birch:0, Birch Bookshelf
chisel:bookshelf_birch:1, Birch Bookshelf
chisel:bookshelf_birch:2, Birch Bookshelf
chisel:bookshelf_birch:3, Birch Bookshelf
chisel:bookshelf_birch:4, Birch Bookshelf
chisel:bookshelf_birch:5, Birch Bookshelf
chisel:bookshelf_birch:6, Birch Bookshelf
chisel:bookshelf_birch:7, Birch Bookshelf
chisel:bookshelf_birch:8, Birch Bookshelf
chisel:bookshelf_birch:9, Birch Bookshelf
chisel:bookshelf_jungle:0, Jungle Bookshelf
chisel:bookshelf_jungle:1, Jungle Bookshelf
chisel:bookshelf_jungle:2, Jungle Bookshelf
chisel:bookshelf_jungle:3, Jungle Bookshelf
chisel:bookshelf_jungle:4, Jungle Bookshelf
chisel:bookshelf_jungle:5, Jungle Bookshelf
chisel:bookshelf_jungle:6, Jungle Bookshelf
chisel:bookshelf_jungle:7, Jungle Bookshelf
chisel:bookshelf_jungle:8, Jungle Bookshelf
chisel:bookshelf_jungle:9, Jungle Bookshelf
chisel:bookshelf_acacia:0, Acacia Bookshelf
chisel:bookshelf_acacia:1, Acacia Bookshelf
chisel:bookshelf_acacia:2, Acacia Bookshelf
chisel:bookshelf_acacia:3, Acacia Bookshelf
chisel:bookshelf_acacia:4, Acacia Bookshelf
chisel:bookshelf_acacia:5, Acacia Bookshelf
chisel:bookshelf_acacia:6, Acacia Bookshelf
chisel:bookshelf_acacia:7, Acacia Bookshelf
chisel:bookshelf_acacia:8, Acacia Bookshelf
chisel:bookshelf_acacia:9, Acacia Bookshelf
chisel:bookshelf_darkoak:0, Dark Oak Bookshelf
chisel:bookshelf_darkoak:1, Dark Oak Bookshelf
chisel:bookshelf_darkoak:2, Dark Oak Bookshelf
chisel:bookshelf_darkoak:3, Dark Oak Bookshelf
chisel:bookshelf_darkoak:4, Dark Oak Bookshelf
chisel:bookshelf_darkoak:5, Dark Oak Bookshelf
chisel:bookshelf_darkoak:6, Dark Oak Bookshelf
chisel:bookshelf_darkoak:7, Dark Oak Bookshelf
chisel:bookshelf_darkoak:8, Dark Oak Bookshelf
chisel:bookshelf_darkoak:9, Dark Oak Bookshelf
chisel:bricks:0, Bricks
chisel:bricks:1, Bricks
chisel:bricks:2, Bricks
chisel:bricks:3, Bricks
chisel:bricks:4, Bricks
chisel:bricks:5, Bricks
chisel:bricks:6, Bricks
chisel:bricks:7, Bricks
chisel:bricks:8, Bricks
chisel:bricks:9, Bricks
chisel:bricks:10, Bricks
chisel:bricks:11, Bricks
chisel:bricks:12, Bricks
chisel:bricks:13, Bricks
chisel:bricks:14, Bricks
chisel:bricks:15, Bricks
chisel:bricks1:0, Bricks
chisel:bricks1:1, Bricks
chisel:bricks1:2, Bricks
chisel:bricks1:3, Bricks
chisel:bricks1:4, Bricks
chisel:bricks1:5, Bricks
chisel:bricks1:6, Bricks
chisel:bricks1:7, Bricks
chisel:bricks1:8, Bricks
chisel:bricks1:9, Bricks
chisel:bricks2:0, Bricks
chisel:bricks2:1, Bricks
chisel:bricks2:2, Bricks
chisel:bricks2:3, Bricks
chisel:bricks2:4, Bricks
chisel:bricks2:5, Bricks
chisel:blockbronze:0, Block of Bronze
chisel:blockbronze:1, Block of Bronze
chisel:blockbronze:2, Block of Bronze
chisel:blockbronze:3, Block of Bronze
chisel:blockbronze:4, Block of Bronze
chisel:blockbronze:5, Block of Bronze
chisel:blockbronze:6, Block of Bronze
chisel:brownstone:0, Brownstone
chisel:brownstone:1, Brownstone
chisel:brownstone:2, Brownstone
chisel:brownstone:3, Brownstone
chisel:brownstone:4, Brownstone
chisel:brownstone:5, Brownstone
chisel:brownstone:6, Brownstone
chisel:brownstone:7, Brownstone
chisel:brownstone:8, Brownstone
chisel:brownstone:9, Brownstone
chisel:certus:0, Block of Certus Quartz
chisel:certus:1, Block of Certus Quartz
chisel:certus:2, Block of Certus Quartz
chisel:certus:3, Block of Certus Quartz
chisel:certus:4, Block of Certus Quartz
chisel:certus:5, Block of Certus Quartz
chisel:certus:6, Block of Certus Quartz
chisel:certus:7, Block of Certus Quartz
chisel:certus:8, Block of Certus Quartz
chisel:certus:9, Block of Certus Quartz
chisel:certus:10, Block of Certus Quartz
chisel:certus:11, Block of Certus Quartz
chisel:certus:12, Block of Certus Quartz
chisel:certus:13, Block of Certus Quartz
chisel:certus:14, Block of Certus Quartz
chisel:certus:15, Block of Certus Quartz
chisel:certus1:0, Block of Certus Quartz
chisel:certus1:1, Block of Certus Quartz
chisel:certus1:2, Block of Certus Quartz
chisel:certus1:3, Block of Certus Quartz
chisel:certus1:4, Block of Certus Quartz
chisel:certus1:5, Block of Certus Quartz
chisel:certus1:6, Block of Certus Quartz
chisel:certus1:7, Block of Certus Quartz
chisel:certus1:8, Block of Certus Quartz
chisel:certus1:9, Block of Certus Quartz
chisel:certus1:10, Block of Certus Quartz
chisel:certus1:11, Block of Certus Quartz
chisel:certus1:12, Block of Certus Quartz
chisel:certus1:13, Block of Certus Quartz
chisel:certus1:14, Block of Certus Quartz
chisel:certus1:15, Block of Certus Quartz
chisel:certus2:0, Block of Certus Quartz
chisel:certus2:1, Block of Certus Quartz
chisel:carpet_black:0, Black Carpet
chisel:carpet_black:1, Black Carpet
chisel:carpet_red:0, Red Carpet
chisel:carpet_red:1, Red Carpet
chisel:carpet_green:0, Green Carpet
chisel:carpet_green:1, Green Carpet
chisel:carpet_brown:0, Brown Carpet
chisel:carpet_brown:1, Brown Carpet
chisel:carpet_blue:0, Blue Carpet
chisel:carpet_blue:1, Blue Carpet
chisel:carpet_purple:0, Purple Carpet
chisel:carpet_purple:1, Purple Carpet
chisel:carpet_cyan:0, Cyan Carpet
chisel:carpet_cyan:1, Cyan Carpet
chisel:carpet_lightgray:0, Light Gray Carpet
chisel:carpet_lightgray:1, Light Gray Carpet
chisel:carpet_gray:0, Gray Carpet
chisel:carpet_gray:1, Gray Carpet
chisel:carpet_pink:0, Pink Carpet
chisel:carpet_pink:1, Pink Carpet
chisel:carpet_lime:0, Lime Carpet
chisel:carpet_lime:1, Lime Carpet
chisel:carpet_yellow:0, Yellow Carpet
chisel:carpet_yellow:1, Yellow Carpet
chisel:carpet_lightblue:0, Light Blue Carpet
chisel:carpet_lightblue:1, Light Blue Carpet
chisel:carpet_magenta:0, Magenta Carpet
chisel:carpet_magenta:1, Magenta Carpet
chisel:carpet_orange:0, Orange Carpet
chisel:carpet_orange:1, Orange Carpet
chisel:carpet_white:0, White Carpet
chisel:carpet_white:1, White Carpet
chisel:block_charcoal:0, Block of Charcoal
chisel:block_charcoal:1, Block of Charcoal
chisel:block_charcoal:2, Block of Charcoal
chisel:block_charcoal:3, Block of Charcoal
chisel:block_charcoal:4, Block of Charcoal
chisel:block_charcoal:5, Block of Charcoal
chisel:block_charcoal:6, Block of Charcoal
chisel:block_charcoal:7, Block of Charcoal
chisel:block_charcoal:8, Block of Charcoal
chisel:block_charcoal:9, Block of Charcoal
chisel:block_charcoal:10, Block of Charcoal
chisel:block_charcoal:11, Block of Charcoal
chisel:block_charcoal:12, Block of Charcoal
chisel:block_charcoal:13, Block of Charcoal
chisel:block_charcoal:14, Block of Charcoal
chisel:block_charcoal:15, Block of Charcoal
chisel:block_charcoal1:0, Block of Charcoal
chisel:block_charcoal1:1, Block of Charcoal
chisel:block_charcoal1:2, Block of Charcoal
chisel:block_charcoal1:3, Block of Charcoal
chisel:block_charcoal1:4, Block of Charcoal
chisel:block_charcoal1:5, Block of Charcoal
chisel:block_charcoal1:6, Block of Charcoal
chisel:block_charcoal1:7, Block of Charcoal
chisel:block_charcoal1:8, Block of Charcoal
chisel:block_charcoal1:9, Block of Charcoal
chisel:block_charcoal1:10, Block of Charcoal
chisel:block_charcoal1:11, Block of Charcoal
chisel:block_charcoal1:12, Block of Charcoal
chisel:block_charcoal1:13, Block of Charcoal
chisel:block_charcoal1:14, Block of Charcoal
chisel:block_charcoal1:15, Block of Charcoal
chisel:block_charcoal2:0, Block of Charcoal
chisel:block_charcoal2:1, Block of Charcoal
chisel:cloud:0, Cloud
chisel:cloud:1, Cloud
chisel:cloud:2, Cloud
chisel:cloud:3, Cloud
chisel:cloud:4, Cloud
chisel:blockcobalt:0, Block of Cobalt
chisel:blockcobalt:1, Block of Cobalt
chisel:blockcobalt:2, Block of Cobalt
chisel:blockcobalt:3, Block of Cobalt
chisel:blockcobalt:4, Block of Cobalt
chisel:blockcobalt:5, Block of Cobalt
chisel:blockcobalt:6, Block of Cobalt
chisel:cobblestone:0, Cobblestone
chisel:cobblestone:1, Cobblestone
chisel:cobblestone:2, Cobblestone
chisel:cobblestone:3, Cobblestone
chisel:cobblestone:4, Cobblestone
chisel:cobblestone:5, Cobblestone
chisel:cobblestone:6, Cobblestone
chisel:cobblestone:7, Cobblestone
chisel:cobblestone:8, Cobblestone
chisel:cobblestone:9, Cobblestone
chisel:cobblestone:10, Cobblestone
chisel:cobblestone:11, Cobblestone
chisel:cobblestone:12, Cobblestone
chisel:cobblestone:13, Cobblestone
chisel:cobblestone:14, Cobblestone
chisel:cobblestone:15, Cobblestone
chisel:cobblestone1:0, Cobblestone
chisel:cobblestone1:1, Cobblestone
chisel:cobblestone1:2, Cobblestone
chisel:cobblestone1:3, Cobblestone
chisel:cobblestone1:4, Cobblestone
chisel:cobblestone1:5, Cobblestone
chisel:cobblestone1:6, Cobblestone
chisel:cobblestone1:7, Cobblestone
chisel:cobblestone1:8, Cobblestone
chisel:cobblestone1:9, Cobblestone
chisel:cobblestone2:0, Cobblestone
chisel:cobblestone2:1, Cobblestone
chisel:cobblestone2:2, Cobblestone
chisel:cobblestone2:3, Cobblestone
chisel:cobblestone2:4, Cobblestone
chisel:cobblestone2:5, Cobblestone
chisel:cobblestone2:6, Cobblestone
chisel:cobblestone2:7, Cobblestone
chisel:cobblestone2:8, Cobblestone
chisel:cobblestone2:9, Cobblestone
chisel:block_coal:0, Block of Coal
chisel:block_coal:1, Block of Coal
chisel:block_coal:2, Block of Coal
chisel:block_coal:3, Block of Coal
chisel:block_coal:4, Block of Coal
chisel:block_coal:5, Block of Coal
chisel:block_coal:6, Block of Coal
chisel:block_coal:7, Block of Coal
chisel:block_coal:8, Block of Coal
chisel:block_coal:9, Block of Coal
chisel:block_coal:10, Block of Coal
chisel:block_coal:11, Block of Coal
chisel:block_coal:12, Block of Coal
chisel:block_coal:13, Block of Coal
chisel:block_coal:14, Block of Coal
chisel:block_coal:15, Block of Coal
chisel:block_coal1:0, Block of Coal
chisel:block_coal1:1, Block of Coal
chisel:block_coal1:2, Block of Coal
chisel:block_coal1:3, Block of Coal
chisel:block_coal1:4, Block of Coal
chisel:block_coal1:5, Block of Coal
chisel:block_coal1:6, Block of Coal
chisel:block_coal1:7, Block of Coal
chisel:block_coal1:8, Block of Coal
chisel:block_coal1:9, Block of Coal
chisel:block_coal1:10, Block of Coal
chisel:block_coal1:11, Block of Coal
chisel:block_coal1:12, Block of Coal
chisel:block_coal1:13, Block of Coal
chisel:block_coal1:14, Block of Coal
chisel:block_coal1:15, Block of Coal
chisel:block_coal2:0, Block of Coal
chisel:block_coal2:1, Block of Coal
chisel:block_coal_coke:0, Block of Coal Coke
chisel:block_coal_coke:1, Block of Coal Coke
chisel:block_coal_coke:2, Block of Coal Coke
chisel:block_coal_coke:3, Block of Coal Coke
chisel:block_coal_coke:4, Block of Coal Coke
chisel:block_coal_coke:5, Block of Coal Coke
chisel:block_coal_coke:6, Block of Coal Coke
chisel:block_coal_coke:7, Block of Coal Coke
chisel:block_coal_coke:8, Block of Coal Coke
chisel:block_coal_coke:9, Block of Coal Coke
chisel:block_coal_coke:10, Block of Coal Coke
chisel:block_coal_coke:11, Block of Coal Coke
chisel:block_coal_coke:12, Block of Coal Coke
chisel:block_coal_coke:13, Block of Coal Coke
chisel:block_coal_coke:14, Block of Coal Coke
chisel:block_coal_coke:15, Block of Coal Coke
chisel:block_coal_coke1:0, Block of Coal Coke
chisel:block_coal_coke1:1, Block of Coal Coke
chisel:block_coal_coke1:2, Block of Coal Coke
chisel:block_coal_coke1:3, Block of Coal Coke
chisel:block_coal_coke1:4, Block of Coal Coke
chisel:block_coal_coke1:5, Block of Coal Coke
chisel:block_coal_coke1:6, Block of Coal Coke
chisel:block_coal_coke1:7, Block of Coal Coke
chisel:block_coal_coke1:8, Block of Coal Coke
chisel:block_coal_coke1:9, Block of Coal Coke
chisel:block_coal_coke1:10, Block of Coal Coke
chisel:block_coal_coke1:11, Block of Coal Coke
chisel:block_coal_coke1:12, Block of Coal Coke
chisel:block_coal_coke1:13, Block of Coal Coke
chisel:block_coal_coke1:14, Block of Coal Coke
chisel:block_coal_coke1:15, Block of Coal Coke
chisel:block_coal_coke2:0, Block of Coal Coke
chisel:block_coal_coke2:1, Block of Coal Coke
chisel:cobblestonemossy:0, Moss Stone
chisel:cobblestonemossy:1, Moss Stone
chisel:cobblestonemossy:2, Moss Stone
chisel:cobblestonemossy:3, Moss Stone
chisel:cobblestonemossy:4, Moss Stone
chisel:cobblestonemossy:5, Moss Stone
chisel:cobblestonemossy:6, Moss Stone
chisel:cobblestonemossy:7, Moss Stone
chisel:cobblestonemossy:8, Moss Stone
chisel:cobblestonemossy:9, Moss Stone
chisel:cobblestonemossy:10, Moss Stone
chisel:cobblestonemossy:11, Moss Stone
chisel:cobblestonemossy:12, Moss Stone
chisel:cobblestonemossy:13, Moss Stone
chisel:cobblestonemossy:14, Moss Stone
chisel:cobblestonemossy:15, Moss Stone
chisel:cobblestonemossy1:0, Moss Stone
chisel:cobblestonemossy1:1, Moss Stone
chisel:cobblestonemossy1:2, Moss Stone
chisel:cobblestonemossy1:3, Moss Stone
chisel:cobblestonemossy1:4, Moss Stone
chisel:cobblestonemossy1:5, Moss Stone
chisel:cobblestonemossy1:6, Moss Stone
chisel:cobblestonemossy1:7, Moss Stone
chisel:cobblestonemossy1:8, Moss Stone
chisel:cobblestonemossy1:9, Moss Stone
chisel:cobblestonemossy1:10, Moss Stone
chisel:cobblestonemossy1:11, Moss Stone
chisel:cobblestonemossy1:12, Moss Stone
chisel:cobblestonemossy1:13, Moss Stone
chisel:cobblestonemossy1:14, Moss Stone
chisel:cobblestonemossy1:15, Moss Stone
chisel:cobblestonemossy2:0, Moss Stone
chisel:concrete_black:0, Black Concrete
chisel:concrete_black:1, Black Concrete
chisel:concrete_black:2, Black Concrete
chisel:concrete_black:3, Black Concrete
chisel:concrete_black:4, Black Concrete
chisel:concrete_black:5, Black Concrete
chisel:concrete_black:6, Black Concrete
chisel:concrete_black:7, Black Concrete
chisel:concrete_black:8, Black Concrete
chisel:concrete_black:9, Black Concrete
chisel:concrete_black:10, Black Concrete
chisel:concrete_black:11, Black Concrete
chisel:concrete_black:12, Black Concrete
chisel:concrete_black:13, Black Concrete
chisel:concrete_black:14, Black Concrete
chisel:concrete_black:15, Black Concrete
chisel:concrete_black1:0, Black Concrete
chisel:concrete_black1:1, Black Concrete
chisel:concrete_black1:2, Black Concrete
chisel:concrete_black1:3, Black Concrete
chisel:concrete_black1:4, Black Concrete
chisel:concrete_black1:5, Black Concrete
chisel:concrete_black1:6, Black Concrete
chisel:concrete_black1:7, Black Concrete
chisel:concrete_black1:8, Black Concrete
chisel:concrete_black1:9, Black Concrete
chisel:concrete_black1:10, Black Concrete
chisel:concrete_black1:11, Black Concrete
chisel:concrete_black1:12, Black Concrete
chisel:concrete_black1:13, Black Concrete
chisel:concrete_black1:14, Black Concrete
chisel:concrete_black1:15, Black Concrete
chisel:concrete_black2:0, Black Concrete
chisel:concrete_red:0, Red Concrete
chisel:concrete_red:1, Red Concrete
chisel:concrete_red:2, Red Concrete
chisel:concrete_red:3, Red Concrete
chisel:concrete_red:4, Red Concrete
chisel:concrete_red:5, Red Concrete
chisel:concrete_red:6, Red Concrete
chisel:concrete_red:7, Red Concrete
chisel:concrete_red:8, Red Concrete
chisel:concrete_red:9, Red Concrete
chisel:concrete_red:10, Red Concrete
chisel:concrete_red:11, Red Concrete
chisel:concrete_red:12, Red Concrete
chisel:concrete_red:13, Red Concrete
chisel:concrete_red:14, Red Concrete
chisel:concrete_red:15, Red Concrete
chisel:concrete_red1:0, Red Concrete
chisel:concrete_red1:1, Red Concrete
chisel:concrete_red1:2, Red Concrete
chisel:concrete_red1:3, Red Concrete
chisel:concrete_red1:4, Red Concrete
chisel:concrete_red1:5, Red Concrete
chisel:concrete_red1:6, Red Concrete
chisel:concrete_red1:7, Red Concrete
chisel:concrete_red1:8, Red Concrete
chisel:concrete_red1:9, Red Concrete
chisel:concrete_red1:10, Red Concrete
chisel:concrete_red1:11, Red Concrete
chisel:concrete_red1:12, Red Concrete
chisel:concrete_red1:13, Red Concrete
chisel:concrete_red1:14, Red Concrete
chisel:concrete_red1:15, Red Concrete
chisel:concrete_red2:0, Red Concrete
chisel:concrete_green:0, Green Concrete
chisel:concrete_green:1, Green Concrete
chisel:concrete_green:2, Green Concrete
chisel:concrete_green:3, Green Concrete
chisel:concrete_green:4, Green Concrete
chisel:concrete_green:5, Green Concrete
chisel:concrete_green:6, Green Concrete
chisel:concrete_green:7, Green Concrete
chisel:concrete_green:8, Green Concrete
chisel:concrete_green:9, Green Concrete
chisel:concrete_green:10, Green Concrete
chisel:concrete_green:11, Green Concrete
chisel:concrete_green:12, Green Concrete
chisel:concrete_green:13, Green Concrete
chisel:concrete_green:14, Green Concrete
chisel:concrete_green:15, Green Concrete
chisel:concrete_green1:0, Green Concrete
chisel:concrete_green1:1, Green Concrete
chisel:concrete_green1:2, Green Concrete
chisel:concrete_green1:3, Green Concrete
chisel:concrete_green1:4, Green Concrete
chisel:concrete_green1:5, Green Concrete
chisel:concrete_green1:6, Green Concrete
chisel:concrete_green1:7, Green Concrete
chisel:concrete_green1:8, Green Concrete
chisel:concrete_green1:9, Green Concrete
chisel:concrete_green1:10, Green Concrete
chisel:concrete_green1:11, Green Concrete
chisel:concrete_green1:12, Green Concrete
chisel:concrete_green1:13, Green Concrete
chisel:concrete_green1:14, Green Concrete
chisel:concrete_green1:15, Green Concrete
chisel:concrete_green2:0, Green Concrete
chisel:concrete_brown:0, Brown Concrete
chisel:concrete_brown:1, Brown Concrete
chisel:concrete_brown:2, Brown Concrete
chisel:concrete_brown:3, Brown Concrete
chisel:concrete_brown:4, Brown Concrete
chisel:concrete_brown:5, Brown Concrete
chisel:concrete_brown:6, Brown Concrete
chisel:concrete_brown:7, Brown Concrete
chisel:concrete_brown:8, Brown Concrete
chisel:concrete_brown:9, Brown Concrete
chisel:concrete_brown:10, Brown Concrete
chisel:concrete_brown:11, Brown Concrete
chisel:concrete_brown:12, Brown Concrete
chisel:concrete_brown:13, Brown Concrete
chisel:concrete_brown:14, Brown Concrete
chisel:concrete_brown:15, Brown Concrete
chisel:concrete_brown1:0, Brown Concrete
chisel:concrete_brown1:1, Brown Concrete
chisel:concrete_brown1:2, Brown Concrete
chisel:concrete_brown1:3, Brown Concrete
chisel:concrete_brown1:4, Brown Concrete
chisel:concrete_brown1:5, Brown Concrete
chisel:concrete_brown1:6, Brown Concrete
chisel:concrete_brown1:7, Brown Concrete
chisel:concrete_brown1:8, Brown Concrete
chisel:concrete_brown1:9, Brown Concrete
chisel:concrete_brown1:10, Brown Concrete
chisel:concrete_brown1:11, Brown Concrete
chisel:concrete_brown1:12, Brown Concrete
chisel:concrete_brown1:13, Brown Concrete
chisel:concrete_brown1:14, Brown Concrete
chisel:concrete_brown1:15, Brown Concrete
chisel:concrete_brown2:0, Brown Concrete
chisel:concrete_blue:0, Blue Concrete
chisel:concrete_blue:1, Blue Concrete
chisel:concrete_blue:2, Blue Concrete
chisel:concrete_blue:3, Blue Concrete
chisel:concrete_blue:4, Blue Concrete
chisel:concrete_blue:5, Blue Concrete
chisel:concrete_blue:6, Blue Concrete
chisel:concrete_blue:7, Blue Concrete
chisel:concrete_blue:8, Blue Concrete
chisel:concrete_blue:9, Blue Concrete
chisel:concrete_blue:10, Blue Concrete
chisel:concrete_blue:11, Blue Concrete
chisel:concrete_blue:12, Blue Concrete
chisel:concrete_blue:13, Blue Concrete
chisel:concrete_blue:14, Blue Concrete
chisel:concrete_blue:15, Blue Concrete
chisel:concrete_blue1:0, Blue Concrete
chisel:concrete_blue1:1, Blue Concrete
chisel:concrete_blue1:2, Blue Concrete
chisel:concrete_blue1:3, Blue Concrete
chisel:concrete_blue1:4, Blue Concrete
chisel:concrete_blue1:5, Blue Concrete
chisel:concrete_blue1:6, Blue Concrete
chisel:concrete_blue1:7, Blue Concrete
chisel:concrete_blue1:8, Blue Concrete
chisel:concrete_blue1:9, Blue Concrete
chisel:concrete_blue1:10, Blue Concrete
chisel:concrete_blue1:11, Blue Concrete
chisel:concrete_blue1:12, Blue Concrete
chisel:concrete_blue1:13, Blue Concrete
chisel:concrete_blue1:14, Blue Concrete
chisel:concrete_blue1:15, Blue Concrete
chisel:concrete_blue2:0, Blue Concrete
chisel:concrete_purple:0, Purple Concrete
chisel:concrete_purple:1, Purple Concrete
chisel:concrete_purple:2, Purple Concrete
chisel:concrete_purple:3, Purple Concrete
chisel:concrete_purple:4, Purple Concrete
chisel:concrete_purple:5, Purple Concrete
chisel:concrete_purple:6, Purple Concrete
chisel:concrete_purple:7, Purple Concrete
chisel:concrete_purple:8, Purple Concrete
chisel:concrete_purple:9, Purple Concrete
chisel:concrete_purple:10, Purple Concrete
chisel:concrete_purple:11, Purple Concrete
chisel:concrete_purple:12, Purple Concrete
chisel:concrete_purple:13, Purple Concrete
chisel:concrete_purple:14, Purple Concrete
chisel:concrete_purple:15, Purple Concrete
chisel:concrete_purple1:0, Purple Concrete
chisel:concrete_purple1:1, Purple Concrete
chisel:concrete_purple1:2, Purple Concrete
chisel:concrete_purple1:3, Purple Concrete
chisel:concrete_purple1:4, Purple Concrete
chisel:concrete_purple1:5, Purple Concrete
chisel:concrete_purple1:6, Purple Concrete
chisel:concrete_purple1:7, Purple Concrete
chisel:concrete_purple1:8, Purple Concrete
chisel:concrete_purple1:9, Purple Concrete
chisel:concrete_purple1:10, Purple Concrete
chisel:concrete_purple1:11, Purple Concrete
chisel:concrete_purple1:12, Purple Concrete
chisel:concrete_purple1:13, Purple Concrete
chisel:concrete_purple1:14, Purple Concrete
chisel:concrete_purple1:15, Purple Concrete
chisel:concrete_purple2:0, Purple Concrete
chisel:concrete_cyan:0, Cyan Concrete
chisel:concrete_cyan:1, Cyan Concrete
chisel:concrete_cyan:2, Cyan Concrete
chisel:concrete_cyan:3, Cyan Concrete
chisel:concrete_cyan:4, Cyan Concrete
chisel:concrete_cyan:5, Cyan Concrete
chisel:concrete_cyan:6, Cyan Concrete
chisel:concrete_cyan:7, Cyan Concrete
chisel:concrete_cyan:8, Cyan Concrete
chisel:concrete_cyan:9, Cyan Concrete
chisel:concrete_cyan:10, Cyan Concrete
chisel:concrete_cyan:11, Cyan Concrete
chisel:concrete_cyan:12, Cyan Concrete
chisel:concrete_cyan:13, Cyan Concrete
chisel:concrete_cyan:14, Cyan Concrete
chisel:concrete_cyan:15, Cyan Concrete
chisel:concrete_cyan1:0, Cyan Concrete
chisel:concrete_cyan1:1, Cyan Concrete
chisel:concrete_cyan1:2, Cyan Concrete
chisel:concrete_cyan1:3, Cyan Concrete
chisel:concrete_cyan1:4, Cyan Concrete
chisel:concrete_cyan1:5, Cyan Concrete
chisel:concrete_cyan1:6, Cyan Concrete
chisel:concrete_cyan1:7, Cyan Concrete
chisel:concrete_cyan1:8, Cyan Concrete
chisel:concrete_cyan1:9, Cyan Concrete
chisel:concrete_cyan1:10, Cyan Concrete
chisel:concrete_cyan1:11, Cyan Concrete
chisel:concrete_cyan1:12, Cyan Concrete
chisel:concrete_cyan1:13, Cyan Concrete
chisel:concrete_cyan1:14, Cyan Concrete
chisel:concrete_cyan1:15, Cyan Concrete
chisel:concrete_cyan2:0, Cyan Concrete
chisel:concrete_lightgray:0, Light Gray Concrete
chisel:concrete_lightgray:1, Light Gray Concrete
chisel:concrete_lightgray:2, Light Gray Concrete
chisel:concrete_lightgray:3, Light Gray Concrete
chisel:concrete_lightgray:4, Light Gray Concrete
chisel:concrete_lightgray:5, Light Gray Concrete
chisel:concrete_lightgray:6, Light Gray Concrete
chisel:concrete_lightgray:7, Light Gray Concrete
chisel:concrete_lightgray:8, Light Gray Concrete
chisel:concrete_lightgray:9, Light Gray Concrete
chisel:concrete_lightgray:10, Light Gray Concrete
chisel:concrete_lightgray:11, Light Gray Concrete
chisel:concrete_lightgray:12, Light Gray Concrete
chisel:concrete_lightgray:13, Light Gray Concrete
chisel:concrete_lightgray:14, Light Gray Concrete
chisel:concrete_lightgray:15, Light Gray Concrete
chisel:concrete_lightgray1:0, Light Gray Concrete
chisel:concrete_lightgray1:1, Light Gray Concrete
chisel:concrete_lightgray1:2, Light Gray Concrete
chisel:concrete_lightgray1:3, Light Gray Concrete
chisel:concrete_lightgray1:4, Light Gray Concrete
chisel:concrete_lightgray1:5, Light Gray Concrete
chisel:concrete_lightgray1:6, Light Gray Concrete
chisel:concrete_lightgray1:7, Light Gray Concrete
chisel:concrete_lightgray1:8, Light Gray Concrete
chisel:concrete_lightgray1:9, Light Gray Concrete
chisel:concrete_lightgray1:10, Light Gray Concrete
chisel:concrete_lightgray1:11, Light Gray Concrete
chisel:concrete_lightgray1:12, Light Gray Concrete
chisel:concrete_lightgray1:13, Light Gray Concrete
chisel:concrete_lightgray1:14, Light Gray Concrete
chisel:concrete_lightgray1:15, Light Gray Concrete
chisel:concrete_lightgray2:0, Light Gray Concrete
chisel:concrete_gray:0, Gray Concrete
chisel:concrete_gray:1, Gray Concrete
chisel:concrete_gray:2, Gray Concrete
chisel:concrete_gray:3, Gray Concrete
chisel:concrete_gray:4, Gray Concrete
chisel:concrete_gray:5, Gray Concrete
chisel:concrete_gray:6, Gray Concrete
chisel:concrete_gray:7, Gray Concrete
chisel:concrete_gray:8, Gray Concrete
chisel:concrete_gray:9, Gray Concrete
chisel:concrete_gray:10, Gray Concrete
chisel:concrete_gray:11, Gray Concrete
chisel:concrete_gray:12, Gray Concrete
chisel:concrete_gray:13, Gray Concrete
chisel:concrete_gray:14, Gray Concrete
chisel:concrete_gray:15, Gray Concrete
chisel:concrete_gray1:0, Gray Concrete
chisel:concrete_gray1:1, Gray Concrete
chisel:concrete_gray1:2, Gray Concrete
chisel:concrete_gray1:3, Gray Concrete
chisel:concrete_gray1:4, Gray Concrete
chisel:concrete_gray1:5, Gray Concrete
chisel:concrete_gray1:6, Gray Concrete
chisel:concrete_gray1:7, Gray Concrete
chisel:concrete_gray1:8, Gray Concrete
chisel:concrete_gray1:9, Gray Concrete
chisel:concrete_gray1:10, Gray Concrete
chisel:concrete_gray1:11, Gray Concrete
chisel:concrete_gray1:12, Gray Concrete
chisel:concrete_gray1:13, Gray Concrete
chisel:concrete_gray1:14, Gray Concrete
chisel:concrete_gray1:15, Gray Concrete
chisel:concrete_gray2:0, Gray Concrete
chisel:concrete_pink:0, Pink Concrete
chisel:concrete_pink:1, Pink Concrete
chisel:concrete_pink:2, Pink Concrete
chisel:concrete_pink:3, Pink Concrete
chisel:concrete_pink:4, Pink Concrete
chisel:concrete_pink:5, Pink Concrete
chisel:concrete_pink:6, Pink Concrete
chisel:concrete_pink:7, Pink Concrete
chisel:concrete_pink:8, Pink Concrete
chisel:concrete_pink:9, Pink Concrete
chisel:concrete_pink:10, Pink Concrete
chisel:concrete_pink:11, Pink Concrete
chisel:concrete_pink:12, Pink Concrete
chisel:concrete_pink:13, Pink Concrete
chisel:concrete_pink:14, Pink Concrete
chisel:concrete_pink:15, Pink Concrete
chisel:concrete_pink1:0, Pink Concrete
chisel:concrete_pink1:1, Pink Concrete
chisel:concrete_pink1:2, Pink Concrete
chisel:concrete_pink1:3, Pink Concrete
chisel:concrete_pink1:4, Pink Concrete
chisel:concrete_pink1:5, Pink Concrete
chisel:concrete_pink1:6, Pink Concrete
chisel:concrete_pink1:7, Pink Concrete
chisel:concrete_pink1:8, Pink Concrete
chisel:concrete_pink1:9, Pink Concrete
chisel:concrete_pink1:10, Pink Concrete
chisel:concrete_pink1:11, Pink Concrete
chisel:concrete_pink1:12, Pink Concrete
chisel:concrete_pink1:13, Pink Concrete
chisel:concrete_pink1:14, Pink Concrete
chisel:concrete_pink1:15, Pink Concrete
chisel:concrete_pink2:0, Pink Concrete
chisel:concrete_lime:0, Lime Concrete
chisel:concrete_lime:1, Lime Concrete
chisel:concrete_lime:2, Lime Concrete
chisel:concrete_lime:3, Lime Concrete
chisel:concrete_lime:4, Lime Concrete
chisel:concrete_lime:5, Lime Concrete
chisel:concrete_lime:6, Lime Concrete
chisel:concrete_lime:7, Lime Concrete
chisel:concrete_lime:8, Lime Concrete
chisel:concrete_lime:9, Lime Concrete
chisel:concrete_lime:10, Lime Concrete
chisel:concrete_lime:11, Lime Concrete
chisel:concrete_lime:12, Lime Concrete
chisel:concrete_lime:13, Lime Concrete
chisel:concrete_lime:14, Lime Concrete
chisel:concrete_lime:15, Lime Concrete
chisel:concrete_lime1:0, Lime Concrete
chisel:concrete_lime1:1, Lime Concrete
chisel:concrete_lime1:2, Lime Concrete
chisel:concrete_lime1:3, Lime Concrete
chisel:concrete_lime1:4, Lime Concrete
chisel:concrete_lime1:5, Lime Concrete
chisel:concrete_lime1:6, Lime Concrete
chisel:concrete_lime1:7, Lime Concrete
chisel:concrete_lime1:8, Lime Concrete
chisel:concrete_lime1:9, Lime Concrete
chisel:concrete_lime1:10, Lime Concrete
chisel:concrete_lime1:11, Lime Concrete
chisel:concrete_lime1:12, Lime Concrete
chisel:concrete_lime1:13, Lime Concrete
chisel:concrete_lime1:14, Lime Concrete
chisel:concrete_lime1:15, Lime Concrete
chisel:concrete_lime2:0, Lime Concrete
chisel:concrete_yellow:0, Yellow Concrete
chisel:concrete_yellow:1, Yellow Concrete
chisel:concrete_yellow:2, Yellow Concrete
chisel:concrete_yellow:3, Yellow Concrete
chisel:concrete_yellow:4, Yellow Concrete
chisel:concrete_yellow:5, Yellow Concrete
chisel:concrete_yellow:6, Yellow Concrete
chisel:concrete_yellow:7, Yellow Concrete
chisel:concrete_yellow:8, Yellow Concrete
chisel:concrete_yellow:9, Yellow Concrete
chisel:concrete_yellow:10, Yellow Concrete
chisel:concrete_yellow:11, Yellow Concrete
chisel:concrete_yellow:12, Yellow Concrete
chisel:concrete_yellow:13, Yellow Concrete
chisel:concrete_yellow:14, Yellow Concrete
chisel:concrete_yellow:15, Yellow Concrete
chisel:concrete_yellow1:0, Yellow Concrete
chisel:concrete_yellow1:1, Yellow Concrete
chisel:concrete_yellow1:2, Yellow Concrete
chisel:concrete_yellow1:3, Yellow Concrete
chisel:concrete_yellow1:4, Yellow Concrete
chisel:concrete_yellow1:5, Yellow Concrete
chisel:concrete_yellow1:6, Yellow Concrete
chisel:concrete_yellow1:7, Yellow Concrete
chisel:concrete_yellow1:8, Yellow Concrete
chisel:concrete_yellow1:9, Yellow Concrete
chisel:concrete_yellow1:10, Yellow Concrete
chisel:concrete_yellow1:11, Yellow Concrete
chisel:concrete_yellow1:12, Yellow Concrete
chisel:concrete_yellow1:13, Yellow Concrete
chisel:concrete_yellow1:14, Yellow Concrete
chisel:concrete_yellow1:15, Yellow Concrete
chisel:concrete_yellow2:0, Yellow Concrete
chisel:concrete_lightblue:0, Light Blue Concrete
chisel:concrete_lightblue:1, Light Blue Concrete
chisel:concrete_lightblue:2, Light Blue Concrete
chisel:concrete_lightblue:3, Light Blue Concrete
chisel:concrete_lightblue:4, Light Blue Concrete
chisel:concrete_lightblue:5, Light Blue Concrete
chisel:concrete_lightblue:6, Light Blue Concrete
chisel:concrete_lightblue:7, Light Blue Concrete
chisel:concrete_lightblue:8, Light Blue Concrete
chisel:concrete_lightblue:9, Light Blue Concrete
chisel:concrete_lightblue:10, Light Blue Concrete
chisel:concrete_lightblue:11, Light Blue Concrete
chisel:concrete_lightblue:12, Light Blue Concrete
chisel:concrete_lightblue:13, Light Blue Concrete
chisel:concrete_lightblue:14, Light Blue Concrete
chisel:concrete_lightblue:15, Light Blue Concrete
chisel:concrete_lightblue1:0, Light Blue Concrete
chisel:concrete_lightblue1:1, Light Blue Concrete
chisel:concrete_lightblue1:2, Light Blue Concrete
chisel:concrete_lightblue1:3, Light Blue Concrete
chisel:concrete_lightblue1:4, Light Blue Concrete
chisel:concrete_lightblue1:5, Light Blue Concrete
chisel:concrete_lightblue1:6, Light Blue Concrete
chisel:concrete_lightblue1:7, Light Blue Concrete
chisel:concrete_lightblue1:8, Light Blue Concrete
chisel:concrete_lightblue1:9, Light Blue Concrete
chisel:concrete_lightblue1:10, Light Blue Concrete
chisel:concrete_lightblue1:11, Light Blue Concrete
chisel:concrete_lightblue1:12, Light Blue Concrete
chisel:concrete_lightblue1:13, Light Blue Concrete
chisel:concrete_lightblue1:14, Light Blue Concrete
chisel:concrete_lightblue1:15, Light Blue Concrete
chisel:concrete_lightblue2:0, Light Blue Concrete
chisel:concrete_magenta:0, Magenta Concrete
chisel:concrete_magenta:1, Magenta Concrete
chisel:concrete_magenta:2, Magenta Concrete
chisel:concrete_magenta:3, Magenta Concrete
chisel:concrete_magenta:4, Magenta Concrete
chisel:concrete_magenta:5, Magenta Concrete
chisel:concrete_magenta:6, Magenta Concrete
chisel:concrete_magenta:7, Magenta Concrete
chisel:concrete_magenta:8, Magenta Concrete
chisel:concrete_magenta:9, Magenta Concrete
chisel:concrete_magenta:10, Magenta Concrete
chisel:concrete_magenta:11, Magenta Concrete
chisel:concrete_magenta:12, Magenta Concrete
chisel:concrete_magenta:13, Magenta Concrete
chisel:concrete_magenta:14, Magenta Concrete
chisel:concrete_magenta:15, Magenta Concrete
chisel:concrete_magenta1:0, Magenta Concrete
chisel:concrete_magenta1:1, Magenta Concrete
chisel:concrete_magenta1:2, Magenta Concrete
chisel:concrete_magenta1:3, Magenta Concrete
chisel:concrete_magenta1:4, Magenta Concrete
chisel:concrete_magenta1:5, Magenta Concrete
chisel:concrete_magenta1:6, Magenta Concrete
chisel:concrete_magenta1:7, Magenta Concrete
chisel:concrete_magenta1:8, Magenta Concrete
chisel:concrete_magenta1:9, Magenta Concrete
chisel:concrete_magenta1:10, Magenta Concrete
chisel:concrete_magenta1:11, Magenta Concrete
chisel:concrete_magenta1:12, Magenta Concrete
chisel:concrete_magenta1:13, Magenta Concrete
chisel:concrete_magenta1:14, Magenta Concrete
chisel:concrete_magenta1:15, Magenta Concrete
chisel:concrete_magenta2:0, Magenta Concrete
chisel:concrete_orange:0, Orange Concrete
chisel:concrete_orange:1, Orange Concrete
chisel:concrete_orange:2, Orange Concrete
chisel:concrete_orange:3, Orange Concrete
chisel:concrete_orange:4, Orange Concrete
chisel:concrete_orange:5, Orange Concrete
chisel:concrete_orange:6, Orange Concrete
chisel:concrete_orange:7, Orange Concrete
chisel:concrete_orange:8, Orange Concrete
chisel:concrete_orange:9, Orange Concrete
chisel:concrete_orange:10, Orange Concrete
chisel:concrete_orange:11, Orange Concrete
chisel:concrete_orange:12, Orange Concrete
chisel:concrete_orange:13, Orange Concrete
chisel:concrete_orange:14, Orange Concrete
chisel:concrete_orange:15, Orange Concrete
chisel:concrete_orange1:0, Orange Concrete
chisel:concrete_orange1:1, Orange Concrete
chisel:concrete_orange1:2, Orange Concrete
chisel:concrete_orange1:3, Orange Concrete
chisel:concrete_orange1:4, Orange Concrete
chisel:concrete_orange1:5, Orange Concrete
chisel:concrete_orange1:6, Orange Concrete
chisel:concrete_orange1:7, Orange Concrete
chisel:concrete_orange1:8, Orange Concrete
chisel:concrete_orange1:9, Orange Concrete
chisel:concrete_orange1:10, Orange Concrete
chisel:concrete_orange1:11, Orange Concrete
chisel:concrete_orange1:12, Orange Concrete
chisel:concrete_orange1:13, Orange Concrete
chisel:concrete_orange1:14, Orange Concrete
chisel:concrete_orange1:15, Orange Concrete
chisel:concrete_orange2:0, Orange Concrete
chisel:concrete_white:0, White Concrete
chisel:concrete_white:1, White Concrete
chisel:concrete_white:2, White Concrete
chisel:concrete_white:3, White Concrete
chisel:concrete_white:4, White Concrete
chisel:concrete_white:5, White Concrete
chisel:concrete_white:6, White Concrete
chisel:concrete_white:7, White Concrete
chisel:concrete_white:8, White Concrete
chisel:concrete_white:9, White Concrete
chisel:concrete_white:10, White Concrete
chisel:concrete_white:11, White Concrete
chisel:concrete_white:12, White Concrete
chisel:concrete_white:13, White Concrete
chisel:concrete_white:14, White Concrete
chisel:concrete_white:15, White Concrete
chisel:concrete_white1:0, White Concrete
chisel:concrete_white1:1, White Concrete
chisel:concrete_white1:2, White Concrete
chisel:concrete_white1:3, White Concrete
chisel:concrete_white1:4, White Concrete
chisel:concrete_white1:5, White Concrete
chisel:concrete_white1:6, White Concrete
chisel:concrete_white1:7, White Concrete
chisel:concrete_white1:8, White Concrete
chisel:concrete_white1:9, White Concrete
chisel:concrete_white1:10, White Concrete
chisel:concrete_white1:11, White Concrete
chisel:concrete_white1:12, White Concrete
chisel:concrete_white1:13, White Concrete
chisel:concrete_white1:14, White Concrete
chisel:concrete_white1:15, White Concrete
chisel:concrete_white2:0, White Concrete
chisel:blockcopper:0, Block of Copper
chisel:blockcopper:1, Block of Copper
chisel:blockcopper:2, Block of Copper
chisel:blockcopper:3, Block of Copper
chisel:blockcopper:4, Block of Copper
chisel:blockcopper:5, Block of Copper
chisel:blockcopper:6, Block of Copper
chisel:diamond:0, Block of Diamond
chisel:diamond:1, Block of Diamond
chisel:diamond:2, Block of Diamond
chisel:diamond:3, Block of Diamond
chisel:diamond:4, Block of Diamond
chisel:diamond:5, Block of Diamond
chisel:diamond:6, Block of Diamond
chisel:diamond:7, Block of Diamond
chisel:diamond:8, Block of Diamond
chisel:diamond:9, Block of Diamond
chisel:diamond:10, Block of Diamond
chisel:diamond:11, Block of Diamond
chisel:diorite:0, Diorite
chisel:diorite:1, Diorite
chisel:diorite:2, Diorite
chisel:diorite:3, Diorite
chisel:diorite:4, Diorite
chisel:diorite:5, Diorite
chisel:diorite:6, Diorite
chisel:diorite:7, Diorite
chisel:diorite:8, Diorite
chisel:diorite:9, Diorite
chisel:diorite:10, Diorite
chisel:diorite:11, Diorite
chisel:diorite:12, Diorite
chisel:diorite:13, Diorite
chisel:diorite:14, Diorite
chisel:diorite:15, Diorite
chisel:diorite1:0, Diorite
chisel:diorite1:1, Diorite
chisel:diorite1:2, Diorite
chisel:diorite1:3, Diorite
chisel:diorite1:4, Diorite
chisel:diorite1:5, Diorite
chisel:diorite1:6, Diorite
chisel:diorite1:7, Diorite
chisel:diorite1:8, Diorite
chisel:diorite1:9, Diorite
chisel:diorite1:10, Diorite
chisel:diorite1:11, Diorite
chisel:diorite1:12, Diorite
chisel:diorite1:13, Diorite
chisel:diorite1:14, Diorite
chisel:diorite1:15, Diorite
chisel:diorite2:0, Diorite
chisel:dirt:0, Dirt
chisel:dirt:1, Dirt
chisel:dirt:2, Dirt
chisel:dirt:3, Dirt
chisel:dirt:4, Dirt
chisel:dirt:5, Dirt
chisel:dirt:6, Dirt
chisel:dirt:7, Dirt
chisel:dirt:8, Dirt
chisel:dirt:9, Dirt
chisel:dirt:10, Dirt
chisel:dirt:11, Dirt
chisel:dirt:12, Dirt
chisel:dirt:13, Dirt
chisel:dirt:14, Dirt
chisel:dirt:15, Dirt
chisel:blockelectrum:0, Block of Electrum
chisel:blockelectrum:1, Block of Electrum
chisel:blockelectrum:2, Block of Electrum
chisel:blockelectrum:3, Block of Electrum
chisel:blockelectrum:4, Block of Electrum
chisel:blockelectrum:5, Block of Electrum
chisel:blockelectrum:6, Block of Electrum
chisel:emerald:0, Block of Emerald
chisel:emerald:1, Block of Emerald
chisel:emerald:2, Block of Emerald
chisel:emerald:3, Block of Emerald
chisel:emerald:4, Block of Emerald
chisel:emerald:5, Block of Emerald
chisel:emerald:6, Block of Emerald
chisel:emerald:7, Block of Emerald
chisel:emerald:8, Block of Emerald
chisel:emerald:9, Block of Emerald
chisel:emerald:10, Block of Emerald
chisel:emerald:11, Block of Emerald
chisel:emerald:12, Block of Emerald
chisel:emerald:13, Block of Emerald
chisel:purpur:0, Purpur Block
chisel:purpur:1, Purpur Block
chisel:purpur:2, Purpur Block
chisel:purpur:3, Purpur Block
chisel:purpur:4, Purpur Block
chisel:purpur:5, Purpur Block
chisel:purpur:6, Purpur Block
chisel:purpur:7, Purpur Block
chisel:purpur:8, Purpur Block
chisel:purpur:9, Purpur Block
chisel:purpur:10, Purpur Block
chisel:purpur:11, Purpur Block
chisel:purpur:12, Purpur Block
chisel:purpur:13, Purpur Block
chisel:purpur:14, Purpur Block
chisel:purpur:15, Purpur Block
chisel:purpur1:0, Purpur Block
chisel:purpur1:1, Purpur Block
chisel:purpur1:2, Purpur Block
chisel:purpur1:3, Purpur Block
chisel:purpur1:4, Purpur Block
chisel:purpur1:5, Purpur Block
chisel:purpur1:6, Purpur Block
chisel:purpur1:7, Purpur Block
chisel:purpur1:8, Purpur Block
chisel:purpur1:9, Purpur Block
chisel:purpur2:0, Purpur Block
chisel:purpur2:1, Purpur Block
chisel:purpur2:2, Purpur Block
chisel:purpur2:3, Purpur Block
chisel:purpur2:4, Purpur Block
chisel:endstone:0, Endstone
chisel:endstone:1, Endstone
chisel:endstone:2, Endstone
chisel:endstone:3, Endstone
chisel:endstone:4, Endstone
chisel:endstone:5, Endstone
chisel:endstone:6, Endstone
chisel:endstone:7, Endstone
chisel:endstone:8, Endstone
chisel:endstone:9, Endstone
chisel:endstone:10, Endstone
chisel:endstone:11, Endstone
chisel:endstone:12, Endstone
chisel:endstone:13, Endstone
chisel:endstone:14, Endstone
chisel:endstone:15, Endstone
chisel:endstone1:0, Endstone
chisel:endstone1:1, Endstone
chisel:endstone1:2, Endstone
chisel:endstone1:3, Endstone
chisel:endstone1:4, Endstone
chisel:endstone1:5, Endstone
chisel:endstone1:6, Endstone
chisel:endstone1:7, Endstone
chisel:endstone1:8, Endstone
chisel:endstone1:9, Endstone
chisel:endstone2:0, Endstone
chisel:endstone2:1, Endstone
chisel:endstone2:2, Endstone
chisel:endstone2:3, Endstone
chisel:endstone2:4, Endstone
chisel:endstone2:5, Endstone
chisel:endstone2:6, Endstone
chisel:factory:0, Factory Block
chisel:factory:1, Factory Block
chisel:factory:2, Factory Block
chisel:factory:3, Factory Block
chisel:factory:4, Factory Block
chisel:factory:5, Factory Block
chisel:factory:6, Factory Block
chisel:factory:7, Factory Block
chisel:factory:8, Factory Block
chisel:factory:9, Factory Block
chisel:factory:10, Factory Block
chisel:factory:11, Factory Block
chisel:factory:12, Factory Block
chisel:factory:13, Factory Block
chisel:factory:14, Factory Block
chisel:factory:15, Factory Block
chisel:factory1:0, Factory Block
chisel:factory1:1, Factory Block
chisel:factory1:2, Factory Block
chisel:factory1:3, Factory Block
chisel:factory1:4, Factory Block
chisel:futura:0, Futura Block
chisel:futura:1, Futura Block
chisel:futura:2, Futura Block
chisel:futura:3, Futura Block
chisel:futura:4, Futura Block
chisel:futura:5, Futura Block
chisel:glass:0, Glass
chisel:glass:1, Glass
chisel:glass:2, Glass
chisel:glass:3, Glass
chisel:glass:4, Glass
chisel:glass:5, Glass
chisel:glass:6, Glass
chisel:glass:7, Glass
chisel:glass:8, Glass
chisel:glass:9, Glass
chisel:glass:10, Glass
chisel:glass:11, Glass
chisel:glass:12, Glass
chisel:glass:13, Glass
chisel:glass:14, Glass
chisel:glass:15, Glass
chisel:glass1:0, Glass
chisel:glass1:1, Glass
chisel:glasspane:0, Glass Pane
chisel:glasspane:1, Glass Pane
chisel:glasspane:2, Glass Pane
chisel:glasspane:3, Glass Pane
chisel:glasspane:4, Glass Pane
chisel:glasspane:5, Glass Pane
chisel:glasspane:6, Glass Pane
chisel:glasspane:7, Glass Pane
chisel:glasspane:8, Glass Pane
chisel:glasspane:9, Glass Pane
chisel:glasspane:10, Glass Pane
chisel:glasspane:11, Glass Pane
chisel:glasspane:12, Glass Pane
chisel:glasspane:13, Glass Pane
chisel:glasspane:14, Glass Pane
chisel:glasspane:15, Glass Pane
chisel:glasspane1:0, Glass Pane
chisel:glasspane1:1, Glass Pane
chisel:glassdyedblack:0, Black Stained Glass
chisel:glassdyedblack:1, Black Stained Glass
chisel:glassdyedblack:2, Black Stained Glass
chisel:glassdyedblack:3, Black Stained Glass
chisel:glassdyedblack:4, Black Stained Glass
chisel:glassdyedblack:5, Black Stained Glass
chisel:glasspanedyedblack:0, Black Stained Glass Pane
chisel:glasspanedyedblack:1, Black Stained Glass Pane
chisel:glasspanedyedblack:2, Black Stained Glass Pane
chisel:glasspanedyedblack:3, Black Stained Glass Pane
chisel:glasspanedyedblack:4, Black Stained Glass Pane
chisel:glasspanedyedblack:5, Black Stained Glass Pane
chisel:glassdyedred:0, Red Stained Glass
chisel:glassdyedred:1, Red Stained Glass
chisel:glassdyedred:2, Red Stained Glass
chisel:glassdyedred:3, Red Stained Glass
chisel:glassdyedred:4, Red Stained Glass
chisel:glassdyedred:5, Red Stained Glass
chisel:glasspanedyedred:0, Red Stained Glass Pane
chisel:glasspanedyedred:1, Red Stained Glass Pane
chisel:glasspanedyedred:2, Red Stained Glass Pane
chisel:glasspanedyedred:3, Red Stained Glass Pane
chisel:glasspanedyedred:4, Red Stained Glass Pane
chisel:glasspanedyedred:5, Red Stained Glass Pane
chisel:glassdyedgreen:0, Green Stained Glass
chisel:glassdyedgreen:1, Green Stained Glass
chisel:glassdyedgreen:2, Green Stained Glass
chisel:glassdyedgreen:3, Green Stained Glass
chisel:glassdyedgreen:4, Green Stained Glass
chisel:glassdyedgreen:5, Green Stained Glass
chisel:glasspanedyedgreen:0, Green Stained Glass Pane
chisel:glasspanedyedgreen:1, Green Stained Glass Pane
chisel:glasspanedyedgreen:2, Green Stained Glass Pane
chisel:glasspanedyedgreen:3, Green Stained Glass Pane
chisel:glasspanedyedgreen:4, Green Stained Glass Pane
chisel:glasspanedyedgreen:5, Green Stained Glass Pane
chisel:glassdyedbrown:0, Brown Stained Glass
chisel:glassdyedbrown:1, Brown Stained Glass
chisel:glassdyedbrown:2, Brown Stained Glass
chisel:glassdyedbrown:3, Brown Stained Glass
chisel:glassdyedbrown:4, Brown Stained Glass
chisel:glassdyedbrown:5, Brown Stained Glass
chisel:glasspanedyedbrown:0, Brown Stained Glass Pane
chisel:glasspanedyedbrown:1, Brown Stained Glass Pane
chisel:glasspanedyedbrown:2, Brown Stained Glass Pane
chisel:glasspanedyedbrown:3, Brown Stained Glass Pane
chisel:glasspanedyedbrown:4, Brown Stained Glass Pane
chisel:glasspanedyedbrown:5, Brown Stained Glass Pane
chisel:glassdyedblue:0, Blue Stained Glass
chisel:glassdyedblue:1, Blue Stained Glass
chisel:glassdyedblue:2, Blue Stained Glass
chisel:glassdyedblue:3, Blue Stained Glass
chisel:glassdyedblue:4, Blue Stained Glass
chisel:glassdyedblue:5, Blue Stained Glass
chisel:glasspanedyedblue:0, Blue Stained Glass Pane
chisel:glasspanedyedblue:1, Blue Stained Glass Pane
chisel:glasspanedyedblue:2, Blue Stained Glass Pane
chisel:glasspanedyedblue:3, Blue Stained Glass Pane
chisel:glasspanedyedblue:4, Blue Stained Glass Pane
chisel:glasspanedyedblue:5, Blue Stained Glass Pane
chisel:glassdyedpurple:0, Purple Stained Glass
chisel:glassdyedpurple:1, Purple Stained Glass
chisel:glassdyedpurple:2, Purple Stained Glass
chisel:glassdyedpurple:3, Purple Stained Glass
chisel:glassdyedpurple:4, Purple Stained Glass
chisel:glassdyedpurple:5, Purple Stained Glass
chisel:glasspanedyedpurple:0, Purple Stained Glass Pane
chisel:glasspanedyedpurple:1, Purple Stained Glass Pane
chisel:glasspanedyedpurple:2, Purple Stained Glass Pane
chisel:glasspanedyedpurple:3, Purple Stained Glass Pane
chisel:glasspanedyedpurple:4, Purple Stained Glass Pane
chisel:glasspanedyedpurple:5, Purple Stained Glass Pane
chisel:glassdyedcyan:0, Cyan Stained Glass
chisel:glassdyedcyan:1, Cyan Stained Glass
chisel:glassdyedcyan:2, Cyan Stained Glass
chisel:glassdyedcyan:3, Cyan Stained Glass
chisel:glassdyedcyan:4, Cyan Stained Glass
chisel:glassdyedcyan:5, Cyan Stained Glass
chisel:glasspanedyedcyan:0, Cyan Stained Glass Pane
chisel:glasspanedyedcyan:1, Cyan Stained Glass Pane
chisel:glasspanedyedcyan:2, Cyan Stained Glass Pane
chisel:glasspanedyedcyan:3, Cyan Stained Glass Pane
chisel:glasspanedyedcyan:4, Cyan Stained Glass Pane
chisel:glasspanedyedcyan:5, Cyan Stained Glass Pane
chisel:glassdyedlightgray:0, Light Gray Stained Glass
chisel:glassdyedlightgray:1, Light Gray Stained Glass
chisel:glassdyedlightgray:2, Light Gray Stained Glass
chisel:glassdyedlightgray:3, Light Gray Stained Glass
chisel:glassdyedlightgray:4, Light Gray Stained Glass
chisel:glassdyedlightgray:5, Light Gray Stained Glass
chisel:glasspanedyedlightgray:0, Light Gray Stained Glass Pane
chisel:glasspanedyedlightgray:1, Light Gray Stained Glass Pane
chisel:glasspanedyedlightgray:2, Light Gray Stained Glass Pane
chisel:glasspanedyedlightgray:3, Light Gray Stained Glass Pane
chisel:glasspanedyedlightgray:4, Light Gray Stained Glass Pane
chisel:glasspanedyedlightgray:5, Light Gray Stained Glass Pane
chisel:glassdyedgray:0, Gray Stained Glass
chisel:glassdyedgray:1, Gray Stained Glass
chisel:glassdyedgray:2, Gray Stained Glass
chisel:glassdyedgray:3, Gray Stained Glass
chisel:glassdyedgray:4, Gray Stained Glass
chisel:glassdyedgray:5, Gray Stained Glass
chisel:glasspanedyedgray:0, Gray Stained Glass Pane
chisel:glasspanedyedgray:1, Gray Stained Glass Pane
chisel:glasspanedyedgray:2, Gray Stained Glass Pane
chisel:glasspanedyedgray:3, Gray Stained Glass Pane
chisel:glasspanedyedgray:4, Gray Stained Glass Pane
chisel:glasspanedyedgray:5, Gray Stained Glass Pane
chisel:glassdyedpink:0, Pink Stained Glass
chisel:glassdyedpink:1, Pink Stained Glass
chisel:glassdyedpink:2, Pink Stained Glass
chisel:glassdyedpink:3, Pink Stained Glass
chisel:glassdyedpink:4, Pink Stained Glass
chisel:glassdyedpink:5, Pink Stained Glass
chisel:glasspanedyedpink:0, Pink Stained Glass Pane
chisel:glasspanedyedpink:1, Pink Stained Glass Pane
chisel:glasspanedyedpink:2, Pink Stained Glass Pane
chisel:glasspanedyedpink:3, Pink Stained Glass Pane
chisel:glasspanedyedpink:4, Pink Stained Glass Pane
chisel:glasspanedyedpink:5, Pink Stained Glass Pane
chisel:glassdyedlime:0, Lime Stained Glass
chisel:glassdyedlime:1, Lime Stained Glass
chisel:glassdyedlime:2, Lime Stained Glass
chisel:glassdyedlime:3, Lime Stained Glass
chisel:glassdyedlime:4, Lime Stained Glass
chisel:glassdyedlime:5, Lime Stained Glass
chisel:glasspanedyedlime:0, Lime Stained Glass Pane
chisel:glasspanedyedlime:1, Lime Stained Glass Pane
chisel:glasspanedyedlime:2, Lime Stained Glass Pane
chisel:glasspanedyedlime:3, Lime Stained Glass Pane
chisel:glasspanedyedlime:4, Lime Stained Glass Pane
chisel:glasspanedyedlime:5, Lime Stained Glass Pane
chisel:glassdyedyellow:0, Yellow Stained Glass
chisel:glassdyedyellow:1, Yellow Stained Glass
chisel:glassdyedyellow:2, Yellow Stained Glass
chisel:glassdyedyellow:3, Yellow Stained Glass
chisel:glassdyedyellow:4, Yellow Stained Glass
chisel:glassdyedyellow:5, Yellow Stained Glass
chisel:glasspanedyedyellow:0, Yellow Stained Glass Pane
chisel:glasspanedyedyellow:1, Yellow Stained Glass Pane
chisel:glasspanedyedyellow:2, Yellow Stained Glass Pane
chisel:glasspanedyedyellow:3, Yellow Stained Glass Pane
chisel:glasspanedyedyellow:4, Yellow Stained Glass Pane
chisel:glasspanedyedyellow:5, Yellow Stained Glass Pane
chisel:glassdyedlightblue:0, Light Blue Stained Glass
chisel:glassdyedlightblue:1, Light Blue Stained Glass
chisel:glassdyedlightblue:2, Light Blue Stained Glass
chisel:glassdyedlightblue:3, Light Blue Stained Glass
chisel:glassdyedlightblue:4, Light Blue Stained Glass
chisel:glassdyedlightblue:5, Light Blue Stained Glass
chisel:glasspanedyedlightblue:0, Light Blue Stained Glass Pane
chisel:glasspanedyedlightblue:1, Light Blue Stained Glass Pane
chisel:glasspanedyedlightblue:2, Light Blue Stained Glass Pane
chisel:glasspanedyedlightblue:3, Light Blue Stained Glass Pane
chisel:glasspanedyedlightblue:4, Light Blue Stained Glass Pane
chisel:glasspanedyedlightblue:5, Light Blue Stained Glass Pane
chisel:glassdyedmagenta:0, Magenta Stained Glass
chisel:glassdyedmagenta:1, Magenta Stained Glass
chisel:glassdyedmagenta:2, Magenta Stained Glass
chisel:glassdyedmagenta:3, Magenta Stained Glass
chisel:glassdyedmagenta:4, Magenta Stained Glass
chisel:glassdyedmagenta:5, Magenta Stained Glass
chisel:glasspanedyedmagenta:0, Magenta Stained Glass Pane
chisel:glasspanedyedmagenta:1, Magenta Stained Glass Pane
chisel:glasspanedyedmagenta:2, Magenta Stained Glass Pane
chisel:glasspanedyedmagenta:3, Magenta Stained Glass Pane
chisel:glasspanedyedmagenta:4, Magenta Stained Glass Pane
chisel:glasspanedyedmagenta:5, Magenta Stained Glass Pane
chisel:glassdyedorange:0, Orange Stained Glass
chisel:glassdyedorange:1, Orange Stained Glass
chisel:glassdyedorange:2, Orange Stained Glass
chisel:glassdyedorange:3, Orange Stained Glass
chisel:glassdyedorange:4, Orange Stained Glass
chisel:glassdyedorange:5, Orange Stained Glass
chisel:glasspanedyedorange:0, Orange Stained Glass Pane
chisel:glasspanedyedorange:1, Orange Stained Glass Pane
chisel:glasspanedyedorange:2, Orange Stained Glass Pane
chisel:glasspanedyedorange:3, Orange Stained Glass Pane
chisel:glasspanedyedorange:4, Orange Stained Glass Pane
chisel:glasspanedyedorange:5, Orange Stained Glass Pane
chisel:glassdyedwhite:0, White Stained Glass
chisel:glassdyedwhite:1, White Stained Glass
chisel:glassdyedwhite:2, White Stained Glass
chisel:glassdyedwhite:3, White Stained Glass
chisel:glassdyedwhite:4, White Stained Glass
chisel:glassdyedwhite:5, White Stained Glass
chisel:glasspanedyedwhite:0, White Stained Glass Pane
chisel:glasspanedyedwhite:1, White Stained Glass Pane
chisel:glasspanedyedwhite:2, White Stained Glass Pane
chisel:glasspanedyedwhite:3, White Stained Glass Pane
chisel:glasspanedyedwhite:4, White Stained Glass Pane
chisel:glasspanedyedwhite:5, White Stained Glass Pane
chisel:glowstone:0, Glowstone
chisel:glowstone:1, Glowstone
chisel:glowstone:2, Glowstone
chisel:glowstone:3, Glowstone
chisel:glowstone:4, Glowstone
chisel:glowstone:5, Glowstone
chisel:glowstone:6, Glowstone
chisel:glowstone:7, Glowstone
chisel:glowstone:8, Glowstone
chisel:glowstone:9, Glowstone
chisel:glowstone:10, Glowstone
chisel:glowstone:11, Glowstone
chisel:glowstone:12, Glowstone
chisel:glowstone:13, Glowstone
chisel:glowstone:14, Glowstone
chisel:glowstone:15, Glowstone
chisel:glowstone1:0, Glowstone
chisel:glowstone1:1, Glowstone
chisel:glowstone1:2, Glowstone
chisel:glowstone1:3, Glowstone
chisel:glowstone1:4, Glowstone
chisel:glowstone1:5, Glowstone
chisel:glowstone1:6, Glowstone
chisel:glowstone1:7, Glowstone
chisel:glowstone1:8, Glowstone
chisel:glowstone1:9, Glowstone
chisel:glowstone1:10, Glowstone
chisel:glowstone1:11, Glowstone
chisel:glowstone1:12, Glowstone
chisel:glowstone1:13, Glowstone
chisel:glowstone1:14, Glowstone
chisel:glowstone1:15, Glowstone
chisel:glowstone2:0, Glowstone
chisel:blockgold:0, Block of Gold
chisel:blockgold:1, Block of Gold
chisel:blockgold:2, Block of Gold
chisel:blockgold:3, Block of Gold
chisel:blockgold:4, Block of Gold
chisel:blockgold:5, Block of Gold
chisel:blockgold:6, Block of Gold
chisel:gold:0, Block of Gold
chisel:gold:1, Block of Gold
chisel:gold:2, Block of Gold
chisel:gold:3, Block of Gold
chisel:gold:4, Block of Gold
chisel:gold:5, Block of Gold
chisel:gold:6, Block of Gold
chisel:gold:7, Block of Gold
chisel:gold:8, Block of Gold
chisel:gold:9, Block of Gold
chisel:gold:10, Block of Gold
chisel:gold:11, Block of Gold
chisel:gold:12, Block of Gold
chisel:gold:13, Block of Gold
chisel:granite:0, Granite
chisel:granite:1, Granite
chisel:granite:2, Granite
chisel:granite:3, Granite
chisel:granite:4, Granite
chisel:granite:5, Granite
chisel:granite:6, Granite
chisel:granite:7, Granite
chisel:granite:8, Granite
chisel:granite:9, Granite
chisel:granite:10, Granite
chisel:granite:11, Granite
chisel:granite:12, Granite
chisel:granite:13, Granite
chisel:granite:14, Granite
chisel:granite:15, Granite
chisel:granite1:0, Granite
chisel:granite1:1, Granite
chisel:granite1:2, Granite
chisel:granite1:3, Granite
chisel:granite1:4, Granite
chisel:granite1:5, Granite
chisel:granite1:6, Granite
chisel:granite1:7, Granite
chisel:granite1:8, Granite
chisel:granite1:9, Granite
chisel:granite1:10, Granite
chisel:granite1:11, Granite
chisel:granite1:12, Granite
chisel:granite1:13, Granite
chisel:granite1:14, Granite
chisel:granite1:15, Granite
chisel:granite2:0, Granite
chisel:hardenedclay:0, Terracotta
chisel:hardenedclay:1, Terracotta
chisel:hardenedclay:2, Terracotta
chisel:hardenedclay:3, Terracotta
chisel:hardenedclay:4, Terracotta
chisel:hardenedclay:5, Terracotta
chisel:hardenedclay:6, Terracotta
chisel:hardenedclay:7, Terracotta
chisel:hardenedclay:8, Terracotta
chisel:hardenedclay:9, Terracotta
chisel:hardenedclay:10, Terracotta
chisel:hardenedclay:11, Terracotta
chisel:hardenedclay:12, Terracotta
chisel:hardenedclay:13, Terracotta
chisel:hardenedclay:14, Terracotta
chisel:hardenedclay:15, Terracotta
chisel:hardenedclay1:0, Terracotta
chisel:hardenedclay1:1, Terracotta
chisel:hardenedclay1:2, Terracotta
chisel:hardenedclay1:3, Terracotta
chisel:hardenedclay1:4, Terracotta
chisel:hardenedclay1:5, Terracotta
chisel:hardenedclay1:6, Terracotta
chisel:hardenedclay1:7, Terracotta
chisel:hardenedclay1:8, Terracotta
chisel:hardenedclay1:9, Terracotta
chisel:hardenedclay2:0, Terracotta
chisel:hardenedclay2:1, Terracotta
chisel:hardenedclay2:2, Terracotta
chisel:hardenedclay2:3, Terracotta
chisel:hardenedclay2:4, Terracotta
chisel:hardenedclay2:5, Terracotta
chisel:hardenedclay2:6, Terracotta
chisel:ice:0, Ice
chisel:ice:1, Ice
chisel:ice:2, Ice
chisel:ice:3, Ice
chisel:ice:4, Ice
chisel:ice:5, Ice
chisel:ice:6, Ice
chisel:ice:7, Ice
chisel:ice:8, Ice
chisel:ice:9, Ice
chisel:ice:10, Ice
chisel:ice:11, Ice
chisel:ice:12, Ice
chisel:ice:13, Ice
chisel:ice:14, Ice
chisel:ice:15, Ice
chisel:ice1:0, Ice
chisel:ice1:1, Ice
chisel:ice1:2, Ice
chisel:ice1:3, Ice
chisel:ice1:4, Ice
chisel:ice1:5, Ice
chisel:ice1:6, Ice
chisel:ice1:7, Ice
chisel:ice1:8, Ice
chisel:ice1:9, Ice
chisel:ice1:10, Ice
chisel:ice1:11, Ice
chisel:ice1:12, Ice
chisel:ice1:13, Ice
chisel:ice1:14, Ice
chisel:ice1:15, Ice
chisel:ice2:0, Ice
chisel:icepillar:0, Ice Pillar
chisel:icepillar:1, Ice Pillar
chisel:icepillar:2, Ice Pillar
chisel:icepillar:3, Ice Pillar
chisel:icepillar:4, Ice Pillar
chisel:icepillar:5, Ice Pillar
chisel:icepillar:6, Ice Pillar
chisel:blockinvar:0, Block of Invar
chisel:blockinvar:1, Block of Invar
chisel:blockinvar:2, Block of Invar
chisel:blockinvar:3, Block of Invar
chisel:blockinvar:4, Block of Invar
chisel:blockinvar:5, Block of Invar
chisel:blockinvar:6, Block of Invar
chisel:blockiron:0, Block of Iron
chisel:blockiron:1, Block of Iron
chisel:blockiron:2, Block of Iron
chisel:blockiron:3, Block of Iron
chisel:blockiron:4, Block of Iron
chisel:blockiron:5, Block of Iron
chisel:blockiron:6, Block of Iron
chisel:iron:0, Block of Iron
chisel:iron:1, Block of Iron
chisel:iron:2, Block of Iron
chisel:iron:3, Block of Iron
chisel:iron:4, Block of Iron
chisel:iron:5, Block of Iron
chisel:iron:6, Block of Iron
chisel:iron:7, Block of Iron
chisel:iron:8, Block of Iron
chisel:iron:9, Block of Iron
chisel:iron:10, Block of Iron
chisel:iron:11, Block of Iron
chisel:iron:12, Block of Iron
chisel:iron:13, Block of Iron
chisel:iron:14, Block of Iron
chisel:ironpane:0, Iron Bars
chisel:ironpane:1, Iron Bars
chisel:ironpane:2, Iron Bars
chisel:ironpane:3, Iron Bars
chisel:ironpane:4, Iron Bars
chisel:ironpane:5, Iron Bars
chisel:ironpane:6, Iron Bars
chisel:ironpane:7, Iron Bars
chisel:ironpane:8, Iron Bars
chisel:ironpane:9, Iron Bars
chisel:ironpane:10, Iron Bars
chisel:ironpane:11, Iron Bars
chisel:ironpane:12, Iron Bars
chisel:laboratory:0, Laboratory Block
chisel:laboratory:1, Laboratory Block
chisel:laboratory:2, Laboratory Block
chisel:laboratory:3, Laboratory Block
chisel:laboratory:4, Laboratory Block
chisel:laboratory:5, Laboratory Block
chisel:laboratory:6, Laboratory Block
chisel:laboratory:7, Laboratory Block
chisel:laboratory:8, Laboratory Block
chisel:laboratory:9, Laboratory Block
chisel:laboratory:10, Laboratory Block
chisel:laboratory:11, Laboratory Block
chisel:laboratory:12, Laboratory Block
chisel:laboratory:13, Laboratory Block
chisel:laboratory:14, Laboratory Block
chisel:laboratory:15, Laboratory Block
chisel:lapis:0, Lapis Lazuli Block
chisel:lapis:1, Lapis Lazuli Block
chisel:lapis:2, Lapis Lazuli Block
chisel:lapis:3, Lapis Lazuli Block
chisel:lapis:4, Lapis Lazuli Block
chisel:lapis:5, Lapis Lazuli Block
chisel:lapis:6, Lapis Lazuli Block
chisel:lapis:7, Lapis Lazuli Block
chisel:lapis:8, Lapis Lazuli Block
chisel:lavastone:0, Lavastone
chisel:lavastone:1, Lavastone
chisel:lavastone:2, Lavastone
chisel:lavastone:3, Lavastone
chisel:lavastone:4, Lavastone
chisel:lavastone:5, Lavastone
chisel:lavastone:6, Lavastone
chisel:lavastone:7, Lavastone
chisel:lavastone:8, Lavastone
chisel:lavastone:9, Lavastone
chisel:lavastone:10, Lavastone
chisel:lavastone:11, Lavastone
chisel:lavastone:12, Lavastone
chisel:lavastone:13, Lavastone
chisel:lavastone:14, Lavastone
chisel:lavastone:15, Lavastone
chisel:lavastone1:0, Lavastone
chisel:lavastone1:1, Lavastone
chisel:lavastone1:2, Lavastone
chisel:lavastone1:3, Lavastone
chisel:lavastone1:4, Lavastone
chisel:lavastone1:5, Lavastone
chisel:lavastone1:6, Lavastone
chisel:lavastone1:7, Lavastone
chisel:lavastone1:8, Lavastone
chisel:lavastone1:9, Lavastone
chisel:lavastone1:10, Lavastone
chisel:lavastone1:11, Lavastone
chisel:lavastone1:12, Lavastone
chisel:lavastone1:13, Lavastone
chisel:lavastone1:14, Lavastone
chisel:lavastone1:15, Lavastone
chisel:lavastone2:0, Lavastone
chisel:blocklead:0, Block of Lead
chisel:blocklead:1, Block of Lead
chisel:blocklead:2, Block of Lead
chisel:blocklead:3, Block of Lead
chisel:blocklead:4, Block of Lead
chisel:blocklead:5, Block of Lead
chisel:blocklead:6, Block of Lead
chisel:limestone:0, Limestone
chisel:limestone:1, Limestone
chisel:limestone:2, Limestone
chisel:limestone:3, Limestone
chisel:limestone:4, Limestone
chisel:limestone:5, Limestone
chisel:limestone:6, Limestone
chisel:limestone:7, Limestone
chisel:limestone:8, Limestone
chisel:limestone:9, Limestone
chisel:limestone:10, Limestone
chisel:limestone:11, Limestone
chisel:limestone:12, Limestone
chisel:limestone:13, Limestone
chisel:limestone:14, Limestone
chisel:limestone:15, Limestone
chisel:limestone1:0, Limestone
chisel:limestone1:1, Limestone
chisel:limestone1:2, Limestone
chisel:limestone1:3, Limestone
chisel:limestone1:4, Limestone
chisel:limestone1:5, Limestone
chisel:limestone1:6, Limestone
chisel:limestone1:7, Limestone
chisel:limestone1:8, Limestone
chisel:limestone1:9, Limestone
chisel:limestone2:0, Limestone
chisel:limestone2:1, Limestone
chisel:limestone2:2, Limestone
chisel:limestone2:3, Limestone
chisel:limestone2:4, Limestone
chisel:limestone2:5, Limestone
chisel:limestone2:6, Limestone
chisel:limestone2:7, Limestone
chisel:marble:0, Marble
chisel:marble:1, Marble
chisel:marble:2, Marble
chisel:marble:3, Marble
chisel:marble:4, Marble
chisel:marble:5, Marble
chisel:marble:6, Marble
chisel:marble:7, Marble
chisel:marble:8, Marble
chisel:marble:9, Marble
chisel:marble:10, Marble
chisel:marble:11, Marble
chisel:marble:12, Marble
chisel:marble:13, Marble
chisel:marble:14, Marble
chisel:marble:15, Marble
chisel:marble1:0, Marble
chisel:marble1:1, Marble
chisel:marble1:2, Marble
chisel:marble1:3, Marble
chisel:marble1:4, Marble
chisel:marble1:5, Marble
chisel:marble1:6, Marble
chisel:marble1:7, Marble
chisel:marble1:8, Marble
chisel:marble1:9, Marble
chisel:marble2:0, Marble
chisel:marble2:1, Marble
chisel:marble2:2, Marble
chisel:marble2:3, Marble
chisel:marble2:4, Marble
chisel:marble2:5, Marble
chisel:marble2:6, Marble
chisel:marble2:7, Marble
chisel:marblepillar:0, Marble Pillar
chisel:marblepillar:1, Marble Pillar
chisel:marblepillar:2, Marble Pillar
chisel:marblepillar:3, Marble Pillar
chisel:marblepillar:4, Marble Pillar
chisel:marblepillar:5, Marble Pillar
chisel:marblepillar:6, Marble Pillar
chisel:marblepillar:7, Marble Pillar
chisel:marblepillar:8, Marble Pillar
chisel:marblepillar:9, Marble Pillar
chisel:marblepillar:10, Marble Pillar
chisel:marblepillar:11, Marble Pillar
chisel:marblepillar:12, Marble Pillar
chisel:marblepillar:13, Marble Pillar
chisel:marblepillar:14, Marble Pillar
chisel:marblepillar:15, Marble Pillar
chisel:netherbrick:0, Nether Brick
chisel:netherbrick:1, Nether Brick
chisel:netherbrick:2, Nether Brick
chisel:netherbrick:3, Nether Brick
chisel:netherbrick:4, Nether Brick
chisel:netherbrick:5, Nether Brick
chisel:netherbrick:6, Nether Brick
chisel:netherbrick:7, Nether Brick
chisel:netherbrick:8, Nether Brick
chisel:netherbrick:9, Nether Brick
chisel:netherbrick:10, Nether Brick
chisel:netherbrick:11, Nether Brick
chisel:netherbrick:12, Nether Brick
chisel:netherbrick:13, Nether Brick
chisel:netherbrick:14, Nether Brick
chisel:netherbrick:15, Nether Brick
chisel:netherrack:0, Netherrack
chisel:netherrack:1, Netherrack
chisel:netherrack:2, Netherrack
chisel:netherrack:3, Netherrack
chisel:netherrack:4, Netherrack
chisel:netherrack:5, Netherrack
chisel:netherrack:6, Netherrack
chisel:netherrack:7, Netherrack
chisel:netherrack:8, Netherrack
chisel:netherrack:9, Netherrack
chisel:netherrack:10, Netherrack
chisel:netherrack:11, Netherrack
chisel:netherrack:12, Netherrack
chisel:netherrack:13, Netherrack
chisel:blocknickel:0, Block of Nickel
chisel:blocknickel:1, Block of Nickel
chisel:blocknickel:2, Block of Nickel
chisel:blocknickel:3, Block of Nickel
chisel:blocknickel:4, Block of Nickel
chisel:blocknickel:5, Block of Nickel
chisel:blocknickel:6, Block of Nickel
chisel:obsidian:0, Obsidian
chisel:obsidian:1, Obsidian
chisel:obsidian:2, Obsidian
chisel:obsidian:3, Obsidian
chisel:obsidian:4, Obsidian
chisel:obsidian:5, Obsidian
chisel:obsidian:6, Obsidian
chisel:obsidian:7, Obsidian
chisel:obsidian:8, Obsidian
chisel:obsidian:9, Obsidian
chisel:obsidian:10, Obsidian
chisel:obsidian:11, Obsidian
chisel:obsidian:12, Obsidian
chisel:obsidian:13, Obsidian
chisel:obsidian:14, Obsidian
chisel:paper:0, Paper Wall
chisel:paper:1, Paper Wall
chisel:paper:2, Paper Wall
chisel:paper:3, Paper Wall
chisel:paper:4, Paper Wall
chisel:paper:5, Paper Wall
chisel:paper:6, Paper Wall
chisel:paper:7, Paper Wall
chisel:paper:8, Paper Wall
chisel:planks-oak:0, Oak Wood Planks
chisel:planks-oak:1, Oak Wood Planks
chisel:planks-oak:2, Oak Wood Planks
chisel:planks-oak:3, Oak Wood Planks
chisel:planks-oak:4, Oak Wood Planks
chisel:planks-oak:5, Oak Wood Planks
chisel:planks-oak:6, Oak Wood Planks
chisel:planks-oak:7, Oak Wood Planks
chisel:planks-oak:8, Oak Wood Planks
chisel:planks-oak:9, Oak Wood Planks
chisel:planks-oak:10, Oak Wood Planks
chisel:planks-oak:11, Oak Wood Planks
chisel:planks-oak:12, Oak Wood Planks
chisel:planks-oak:13, Oak Wood Planks
chisel:planks-oak:14, Oak Wood Planks
chisel:planks-spruce:0, Spruce Wood Planks
chisel:planks-spruce:1, Spruce Wood Planks
chisel:planks-spruce:2, Spruce Wood Planks
chisel:planks-spruce:3, Spruce Wood Planks
chisel:planks-spruce:4, Spruce Wood Planks
chisel:planks-spruce:5, Spruce Wood Planks
chisel:planks-spruce:6, Spruce Wood Planks
chisel:planks-spruce:7, Spruce Wood Planks
chisel:planks-spruce:8, Spruce Wood Planks
chisel:planks-spruce:9, Spruce Wood Planks
chisel:planks-spruce:10, Spruce Wood Planks
chisel:planks-spruce:11, Spruce Wood Planks
chisel:planks-spruce:12, Spruce Wood Planks
chisel:planks-spruce:13, Spruce Wood Planks
chisel:planks-spruce:14, Spruce Wood Planks
chisel:planks-birch:0, Birch Wood Planks
chisel:planks-birch:1, Birch Wood Planks
chisel:planks-birch:2, Birch Wood Planks
chisel:planks-birch:3, Birch Wood Planks
chisel:planks-birch:4, Birch Wood Planks
chisel:planks-birch:5, Birch Wood Planks
chisel:planks-birch:6, Birch Wood Planks
chisel:planks-birch:7, Birch Wood Planks
chisel:planks-birch:8, Birch Wood Planks
chisel:planks-birch:9, Birch Wood Planks
chisel:planks-birch:10, Birch Wood Planks
chisel:planks-birch:11, Birch Wood Planks
chisel:planks-birch:12, Birch Wood Planks
chisel:planks-birch:13, Birch Wood Planks
chisel:planks-birch:14, Birch Wood Planks
chisel:planks-jungle:0, Jungle Wood Planks
chisel:planks-jungle:1, Jungle Wood Planks
chisel:planks-jungle:2, Jungle Wood Planks
chisel:planks-jungle:3, Jungle Wood Planks
chisel:planks-jungle:4, Jungle Wood Planks
chisel:planks-jungle:5, Jungle Wood Planks
chisel:planks-jungle:6, Jungle Wood Planks
chisel:planks-jungle:7, Jungle Wood Planks
chisel:planks-jungle:8, Jungle Wood Planks
chisel:planks-jungle:9, Jungle Wood Planks
chisel:planks-jungle:10, Jungle Wood Planks
chisel:planks-jungle:11, Jungle Wood Planks
chisel:planks-jungle:12, Jungle Wood Planks
chisel:planks-jungle:13, Jungle Wood Planks
chisel:planks-jungle:14, Jungle Wood Planks
chisel:planks-acacia:0, Acacia Wood Planks
chisel:planks-acacia:1, Acacia Wood Planks
chisel:planks-acacia:2, Acacia Wood Planks
chisel:planks-acacia:3, Acacia Wood Planks
chisel:planks-acacia:4, Acacia Wood Planks
chisel:planks-acacia:5, Acacia Wood Planks
chisel:planks-acacia:6, Acacia Wood Planks
chisel:planks-acacia:7, Acacia Wood Planks
chisel:planks-acacia:8, Acacia Wood Planks
chisel:planks-acacia:9, Acacia Wood Planks
chisel:planks-acacia:10, Acacia Wood Planks
chisel:planks-acacia:11, Acacia Wood Planks
chisel:planks-acacia:12, Acacia Wood Planks
chisel:planks-acacia:13, Acacia Wood Planks
chisel:planks-acacia:14, Acacia Wood Planks
chisel:planks-dark-oak:0, Dark Oak Wood Planks
chisel:planks-dark-oak:1, Dark Oak Wood Planks
chisel:planks-dark-oak:2, Dark Oak Wood Planks
chisel:planks-dark-oak:3, Dark Oak Wood Planks
chisel:planks-dark-oak:4, Dark Oak Wood Planks
chisel:planks-dark-oak:5, Dark Oak Wood Planks
chisel:planks-dark-oak:6, Dark Oak Wood Planks
chisel:planks-dark-oak:7, Dark Oak Wood Planks
chisel:planks-dark-oak:8, Dark Oak Wood Planks
chisel:planks-dark-oak:9, Dark Oak Wood Planks
chisel:planks-dark-oak:10, Dark Oak Wood Planks
chisel:planks-dark-oak:11, Dark Oak Wood Planks
chisel:planks-dark-oak:12, Dark Oak Wood Planks
chisel:planks-dark-oak:13, Dark Oak Wood Planks
chisel:planks-dark-oak:14, Dark Oak Wood Planks
chisel:blockplatinum:0, Block of Platinum
chisel:blockplatinum:1, Block of Platinum
chisel:blockplatinum:2, Block of Platinum
chisel:blockplatinum:3, Block of Platinum
chisel:blockplatinum:4, Block of Platinum
chisel:blockplatinum:5, Block of Platinum
chisel:blockplatinum:6, Block of Platinum
chisel:prismarine:0, Prismarine
chisel:prismarine:1, Prismarine
chisel:prismarine:2, Prismarine
chisel:prismarine:3, Prismarine
chisel:prismarine:4, Prismarine
chisel:prismarine:5, Prismarine
chisel:prismarine:6, Prismarine
chisel:prismarine:7, Prismarine
chisel:prismarine:8, Prismarine
chisel:prismarine:9, Prismarine
chisel:prismarine:10, Prismarine
chisel:prismarine:11, Prismarine
chisel:prismarine:12, Prismarine
chisel:prismarine:13, Prismarine
chisel:prismarine:14, Prismarine
chisel:prismarine:15, Prismarine
chisel:prismarine1:0, Prismarine
chisel:prismarine1:1, Prismarine
chisel:prismarine1:2, Prismarine
chisel:prismarine1:3, Prismarine
chisel:prismarine1:4, Prismarine
chisel:prismarine1:5, Prismarine
chisel:prismarine1:6, Prismarine
chisel:prismarine1:7, Prismarine
chisel:prismarine1:8, Prismarine
chisel:prismarine1:9, Prismarine
chisel:prismarine2:0, Prismarine
chisel:prismarine2:1, Prismarine
chisel:prismarine2:2, Prismarine
chisel:prismarine2:3, Prismarine
chisel:prismarine2:4, Prismarine
chisel:prismarine2:5, Prismarine
chisel:quartz:0, Block of Quartz
chisel:quartz:1, Block of Quartz
chisel:quartz:2, Block of Quartz
chisel:quartz:3, Block of Quartz
chisel:quartz:4, Block of Quartz
chisel:quartz:5, Block of Quartz
chisel:quartz:6, Block of Quartz
chisel:quartz:7, Block of Quartz
chisel:quartz:8, Block of Quartz
chisel:quartz:9, Block of Quartz
chisel:quartz:10, Block of Quartz
chisel:quartz:11, Block of Quartz
chisel:quartz:12, Block of Quartz
chisel:quartz:13, Block of Quartz
chisel:quartz:14, Block of Quartz
chisel:quartz:15, Block of Quartz
chisel:quartz1:0, Block of Quartz
chisel:quartz1:1, Block of Quartz
chisel:quartz1:2, Block of Quartz
chisel:quartz1:3, Block of Quartz
chisel:quartz1:4, Block of Quartz
chisel:quartz1:5, Block of Quartz
chisel:quartz1:6, Block of Quartz
chisel:quartz1:7, Block of Quartz
chisel:quartz1:8, Block of Quartz
chisel:quartz1:9, Block of Quartz
chisel:quartz1:10, Block of Quartz
chisel:quartz1:11, Block of Quartz
chisel:quartz1:12, Block of Quartz
chisel:quartz1:13, Block of Quartz
chisel:quartz1:14, Block of Quartz
chisel:quartz1:15, Block of Quartz
chisel:redstone:0, Block of Redstone
chisel:redstone:1, Block of Redstone
chisel:redstone:2, Block of Redstone
chisel:redstone:3, Block of Redstone
chisel:redstone:4, Block of Redstone
chisel:redstone:5, Block of Redstone
chisel:redstone:6, Block of Redstone
chisel:redstone:7, Block of Redstone
chisel:redstone:8, Block of Redstone
chisel:redstone:9, Block of Redstone
chisel:redstone:10, Block of Redstone
chisel:redstone:11, Block of Redstone
chisel:redstone:12, Block of Redstone
chisel:redstone:13, Block of Redstone
chisel:redstone:14, Block of Redstone
chisel:redstone:15, Block of Redstone
chisel:redstone1:0, Block of Redstone
chisel:redstone1:1, Block of Redstone
chisel:redstone1:2, Block of Redstone
chisel:redstone1:3, Block of Redstone
chisel:redstone1:4, Block of Redstone
chisel:redstone1:5, Block of Redstone
chisel:redstone1:6, Block of Redstone
chisel:redstone1:7, Block of Redstone
chisel:redstone1:8, Block of Redstone
chisel:redstone1:9, Block of Redstone
chisel:redstone1:10, Block of Redstone
chisel:redstone1:11, Block of Redstone
chisel:sandstoneyellow:0, Sandstone
chisel:sandstoneyellow:1, Sandstone
chisel:sandstoneyellow:2, Sandstone
chisel:sandstoneyellow:3, Sandstone
chisel:sandstoneyellow:4, Sandstone
chisel:sandstoneyellow:5, Sandstone
chisel:sandstoneyellow:6, Sandstone
chisel:sandstoneyellow:7, Sandstone
chisel:sandstoneyellow:8, Sandstone
chisel:sandstoneyellow:9, Sandstone
chisel:sandstoneyellow:10, Sandstone
chisel:sandstoneyellow:11, Sandstone
chisel:sandstoneyellow:12, Sandstone
chisel:sandstoneyellow:13, Sandstone
chisel:sandstoneyellow:14, Sandstone
chisel:sandstoneyellow:15, Sandstone
chisel:sandstoneyellow1:0, Sandstone
chisel:sandstoneyellow1:1, Sandstone
chisel:sandstoneyellow1:2, Sandstone
chisel:sandstoneyellow1:3, Sandstone
chisel:sandstoneyellow1:4, Sandstone
chisel:sandstoneyellow1:5, Sandstone
chisel:sandstoneyellow1:6, Sandstone
chisel:sandstoneyellow1:7, Sandstone
chisel:sandstoneyellow1:8, Sandstone
chisel:sandstoneyellow1:9, Sandstone
chisel:sandstoneyellow2:0, Sandstone
chisel:sandstoneyellow2:1, Sandstone
chisel:sandstoneyellow2:2, Sandstone
chisel:sandstoneyellow2:3, Sandstone
chisel:sandstoneyellow2:4, Sandstone
chisel:sandstoneyellow2:5, Sandstone
chisel:sandstoneyellow2:6, Sandstone
chisel:sandstoneyellow2:7, Sandstone
chisel:sandstonered:0, Red Sandstone
chisel:sandstonered:1, Red Sandstone
chisel:sandstonered:2, Red Sandstone
chisel:sandstonered:3, Red Sandstone
chisel:sandstonered:4, Red Sandstone
chisel:sandstonered:5, Red Sandstone
chisel:sandstonered:6, Red Sandstone
chisel:sandstonered:7, Red Sandstone
chisel:sandstonered:8, Red Sandstone
chisel:sandstonered:9, Red Sandstone
chisel:sandstonered:10, Red Sandstone
chisel:sandstonered:11, Red Sandstone
chisel:sandstonered:12, Red Sandstone
chisel:sandstonered:13, Red Sandstone
chisel:sandstonered:14, Red Sandstone
chisel:sandstonered:15, Red Sandstone
chisel:sandstonered1:0, Red Sandstone
chisel:sandstonered1:1, Red Sandstone
chisel:sandstonered1:2, Red Sandstone
chisel:sandstonered1:3, Red Sandstone
chisel:sandstonered1:4, Red Sandstone
chisel:sandstonered1:5, Red Sandstone
chisel:sandstonered1:6, Red Sandstone
chisel:sandstonered1:7, Red Sandstone
chisel:sandstonered1:8, Red Sandstone
chisel:sandstonered1:9, Red Sandstone
chisel:sandstonered2:0, Red Sandstone
chisel:sandstonered2:1, Red Sandstone
chisel:sandstonered2:2, Red Sandstone
chisel:sandstonered2:3, Red Sandstone
chisel:sandstonered2:4, Red Sandstone
chisel:sandstonered2:5, Red Sandstone
chisel:sandstonered2:6, Red Sandstone
chisel:sandstonered2:7, Red Sandstone
chisel:sandstone-scribbles:0, Sandstone Scribbles
chisel:sandstone-scribbles:1, Sandstone Scribbles
chisel:sandstone-scribbles:2, Sandstone Scribbles
chisel:sandstone-scribbles:3, Sandstone Scribbles
chisel:sandstone-scribbles:4, Sandstone Scribbles
chisel:sandstone-scribbles:5, Sandstone Scribbles
chisel:sandstone-scribbles:6, Sandstone Scribbles
chisel:sandstone-scribbles:7, Sandstone Scribbles
chisel:sandstone-scribbles:8, Sandstone Scribbles
chisel:sandstone-scribbles:9, Sandstone Scribbles
chisel:sandstone-scribbles:10, Sandstone Scribbles
chisel:sandstone-scribbles:11, Sandstone Scribbles
chisel:sandstone-scribbles:12, Sandstone Scribbles
chisel:sandstone-scribbles:13, Sandstone Scribbles
chisel:sandstone-scribbles:14, Sandstone Scribbles
chisel:sandstone-scribbles:15, Sandstone Scribbles
chisel:sandstonered-scribbles:0, Red Sandstone Scribbles
chisel:sandstonered-scribbles:1, Red Sandstone Scribbles
chisel:sandstonered-scribbles:2, Red Sandstone Scribbles
chisel:sandstonered-scribbles:3, Red Sandstone Scribbles
chisel:sandstonered-scribbles:4, Red Sandstone Scribbles
chisel:sandstonered-scribbles:5, Red Sandstone Scribbles
chisel:sandstonered-scribbles:6, Red Sandstone Scribbles
chisel:sandstonered-scribbles:7, Red Sandstone Scribbles
chisel:sandstonered-scribbles:8, Red Sandstone Scribbles
chisel:sandstonered-scribbles:9, Red Sandstone Scribbles
chisel:sandstonered-scribbles:10, Red Sandstone Scribbles
chisel:sandstonered-scribbles:11, Red Sandstone Scribbles
chisel:sandstonered-scribbles:12, Red Sandstone Scribbles
chisel:sandstonered-scribbles:13, Red Sandstone Scribbles
chisel:sandstonered-scribbles:14, Red Sandstone Scribbles
chisel:sandstonered-scribbles:15, Red Sandstone Scribbles
chisel:blocksilver:0, Block of Silver
chisel:blocksilver:1, Block of Silver
chisel:blocksilver:2, Block of Silver
chisel:blocksilver:3, Block of Silver
chisel:blocksilver:4, Block of Silver
chisel:blocksilver:5, Block of Silver
chisel:blocksilver:6, Block of Silver
chisel:blocksteel:0, Block of Steel
chisel:blocksteel:1, Block of Steel
chisel:blocksteel:2, Block of Steel
chisel:blocksteel:3, Block of Steel
chisel:blocksteel:4, Block of Steel
chisel:blocksteel:5, Block of Steel
chisel:blocksteel:6, Block of Steel
chisel:stonebrick:0, Chiseled Stone
chisel:stonebrick:1, Chiseled Stone
chisel:stonebrick:2, Chiseled Stone
chisel:stonebrick:3, Chiseled Stone
chisel:stonebrick:4, Chiseled Stone
chisel:stonebrick:5, Chiseled Stone
chisel:stonebrick:6, Chiseled Stone
chisel:stonebrick:7, Chiseled Stone
chisel:stonebrick:8, Chiseled Stone
chisel:stonebrick:9, Chiseled Stone
chisel:stonebrick:10, Chiseled Stone
chisel:stonebrick:11, Chiseled Stone
chisel:stonebrick:12, Chiseled Stone
chisel:stonebrick:13, Chiseled Stone
chisel:stonebrick:14, Chiseled Stone
chisel:stonebrick:15, Chiseled Stone
chisel:stonebrick1:0, Chiseled Stone
chisel:stonebrick1:1, Chiseled Stone
chisel:stonebrick1:2, Chiseled Stone
chisel:stonebrick1:3, Chiseled Stone
chisel:stonebrick1:4, Chiseled Stone
chisel:stonebrick1:5, Chiseled Stone
chisel:stonebrick1:6, Chiseled Stone
chisel:stonebrick1:7, Chiseled Stone
chisel:stonebrick1:8, Chiseled Stone
chisel:stonebrick1:9, Chiseled Stone
chisel:stonebrick2:0, Chiseled Stone
chisel:stonebrick2:1, Chiseled Stone
chisel:stonebrick2:2, Chiseled Stone
chisel:stonebrick2:3, Chiseled Stone
chisel:stonebrick2:4, Chiseled Stone
chisel:stonebrick2:5, Chiseled Stone
chisel:stonebrick2:6, Chiseled Stone
chisel:stonebrick2:7, Chiseled Stone
chisel:stonebrick2:8, Chiseled Stone
chisel:stonebrick2:9, Chiseled Stone
chisel:technical:0, Factory Block
chisel:technical:1, Factory Block
chisel:technical:2, Factory Block
chisel:technical:3, Factory Block
chisel:technical:4, Factory Block
chisel:technical:5, Factory Block
chisel:technical:6, Factory Block
chisel:technical:7, Factory Block
chisel:technical:8, Factory Block
chisel:technical:9, Factory Block
chisel:technical:10, Factory Block
chisel:technical:11, Factory Block
chisel:technical:12, Factory Block
chisel:technical:13, Factory Block
chisel:technical:14, Factory Block
chisel:technical:15, Factory Block
chisel:technical1:0, Factory Block
chisel:technical1:1, Factory Block
chisel:technical1:2, Factory Block
chisel:technical1:3, Factory Block
chisel:technical1:4, Factory Block
chisel:technicalnew:0, Factory Block
chisel:technicalnew:1, Factory Block
chisel:technicalnew:2, Factory Block
chisel:technicalnew:3, Factory Block
chisel:technicalnew:4, Factory Block
chisel:technicalnew:5, Factory Block
chisel:technicalnew:6, Factory Block
chisel:technicalnew:7, Factory Block
chisel:technicalnew:8, Factory Block
chisel:temple:0, Temple Block
chisel:temple:1, Temple Block
chisel:temple:2, Temple Block
chisel:temple:3, Temple Block
chisel:temple:4, Temple Block
chisel:temple:5, Temple Block
chisel:temple:6, Temple Block
chisel:temple:7, Temple Block
chisel:temple:8, Temple Block
chisel:temple:9, Temple Block
chisel:temple:10, Temple Block
chisel:temple:11, Temple Block
chisel:temple:12, Temple Block
chisel:temple:13, Temple Block
chisel:temple:14, Temple Block
chisel:temple:15, Temple Block
chisel:templemossy:0, Mossy Temple Block
chisel:templemossy:1, Mossy Temple Block
chisel:templemossy:2, Mossy Temple Block
chisel:templemossy:3, Mossy Temple Block
chisel:templemossy:4, Mossy Temple Block
chisel:templemossy:5, Mossy Temple Block
chisel:templemossy:6, Mossy Temple Block
chisel:templemossy:7, Mossy Temple Block
chisel:templemossy:8, Mossy Temple Block
chisel:templemossy:9, Mossy Temple Block
chisel:templemossy:10, Mossy Temple Block
chisel:templemossy:11, Mossy Temple Block
chisel:templemossy:12, Mossy Temple Block
chisel:templemossy:13, Mossy Temple Block
chisel:templemossy:14, Mossy Temple Block
chisel:templemossy:15, Mossy Temple Block
chisel:blocktin:0, Block of Tin
chisel:blocktin:1, Block of Tin
chisel:blocktin:2, Block of Tin
chisel:blocktin:3, Block of Tin
chisel:blocktin:4, Block of Tin
chisel:blocktin:5, Block of Tin
chisel:blocktin:6, Block of Tin
chisel:tyrian:0, Tyrian
chisel:tyrian:1, Tyrian
chisel:tyrian:2, Tyrian
chisel:tyrian:3, Tyrian
chisel:tyrian:4, Tyrian
chisel:tyrian:5, Tyrian
chisel:tyrian:6, Tyrian
chisel:tyrian:7, Tyrian
chisel:tyrian:8, Tyrian
chisel:tyrian:9, Tyrian
chisel:tyrian:10, Tyrian
chisel:tyrian:11, Tyrian
chisel:tyrian:12, Tyrian
chisel:tyrian:13, Tyrian
chisel:tyrian:14, Tyrian
chisel:tyrian:15, Tyrian
chisel:blockuranium:0, Block of Uranium
chisel:blockuranium:1, Block of Uranium
chisel:blockuranium:2, Block of Uranium
chisel:blockuranium:3, Block of Uranium
chisel:blockuranium:4, Block of Uranium
chisel:blockuranium:5, Block of Uranium
chisel:blockuranium:6, Block of Uranium
chisel:valentines:0, Valentines' Block
chisel:valentines:1, Valentines' Block
chisel:valentines:2, Valentines' Block
chisel:valentines:3, Valentines' Block
chisel:valentines:4, Valentines' Block
chisel:valentines:5, Valentines' Block
chisel:valentines:6, Valentines' Block
chisel:valentines:7, Valentines' Block
chisel:valentines:8, Valentines' Block
chisel:valentines:9, Valentines' Block
chisel:voidstone:0, Voidstone
chisel:voidstone:1, Voidstone
chisel:voidstone:2, Voidstone
chisel:voidstone:3, Voidstone
chisel:voidstone:4, Voidstone
chisel:voidstone:5, Voidstone
chisel:voidstone:6, Voidstone
chisel:voidstone:7, Voidstone
chisel:energizedvoidstone:0, Primal Voidstone
chisel:energizedvoidstone:1, Primal Voidstone
chisel:energizedvoidstone:2, Primal Voidstone
chisel:energizedvoidstone:3, Primal Voidstone
chisel:energizedvoidstone:4, Primal Voidstone
chisel:energizedvoidstone:5, Primal Voidstone
chisel:energizedvoidstone:6, Primal Voidstone
chisel:energizedvoidstone:7, Primal Voidstone
chisel:voidstonerunic:0, Runed Voidstone
chisel:voidstonerunic:1, Runed Voidstone
chisel:voidstonerunic:2, Runed Voidstone
chisel:voidstonerunic:3, Runed Voidstone
chisel:voidstonerunic:4, Runed Voidstone
chisel:voidstonerunic:5, Runed Voidstone
chisel:voidstonerunic:6, Runed Voidstone
chisel:voidstonerunic:7, Runed Voidstone
chisel:voidstonerunic:8, Runed Voidstone
chisel:voidstonerunic:9, Runed Voidstone
chisel:voidstonerunic:10, Runed Voidstone
chisel:voidstonerunic:11, Runed Voidstone
chisel:voidstonerunic:12, Runed Voidstone
chisel:voidstonerunic:13, Runed Voidstone
chisel:voidstonerunic:14, Runed Voidstone
chisel:waterstone:0, Waterstone
chisel:waterstone:1, Waterstone
chisel:waterstone:2, Waterstone
chisel:waterstone:3, Waterstone
chisel:waterstone:4, Waterstone
chisel:waterstone:5, Waterstone
chisel:waterstone:6, Waterstone
chisel:waterstone:7, Waterstone
chisel:waterstone:8, Waterstone
chisel:waterstone:9, Waterstone
chisel:waterstone:10, Waterstone
chisel:waterstone:11, Waterstone
chisel:waterstone:12, Waterstone
chisel:waterstone:13, Waterstone
chisel:waterstone:14, Waterstone
chisel:waterstone:15, Waterstone
chisel:waterstone1:0, Waterstone
chisel:waterstone1:1, Waterstone
chisel:waterstone1:2, Waterstone
chisel:waterstone1:3, Waterstone
chisel:waterstone1:4, Waterstone
chisel:waterstone1:5, Waterstone
chisel:waterstone1:6, Waterstone
chisel:waterstone1:7, Waterstone
chisel:waterstone1:8, Waterstone
chisel:waterstone1:9, Waterstone
chisel:waterstone1:10, Waterstone
chisel:waterstone1:11, Waterstone
chisel:waterstone1:12, Waterstone
chisel:waterstone1:13, Waterstone
chisel:waterstone1:14, Waterstone
chisel:waterstone1:15, Waterstone
chisel:waterstone2:0, Waterstone
chisel:wool_black:0, Black Wool
chisel:wool_black:1, Black Wool
chisel:wool_red:0, Red Wool
chisel:wool_red:1, Red Wool
chisel:wool_green:0, Green Wool
chisel:wool_green:1, Green Wool
chisel:wool_brown:0, Brown Wool
chisel:wool_brown:1, Brown Wool
chisel:wool_blue:0, Blue Wool
chisel:wool_blue:1, Blue Wool
chisel:wool_purple:0, Purple Wool
chisel:wool_purple:1, Purple Wool
chisel:wool_cyan:0, Cyan Wool
chisel:wool_cyan:1, Cyan Wool
chisel:wool_lightgray:0, Light Gray Wool
chisel:wool_lightgray:1, Light Gray Wool
chisel:wool_gray:0, Gray Wool
chisel:wool_gray:1, Gray Wool
chisel:wool_pink:0, Pink Wool
chisel:wool_pink:1, Pink Wool
chisel:wool_lime:0, Lime Wool
chisel:wool_lime:1, Lime Wool
chisel:wool_yellow:0, Yellow Wool
chisel:wool_yellow:1, Yellow Wool
chisel:wool_lightblue:0, Light Blue Wool
chisel:wool_lightblue:1, Light Blue Wool
chisel:wool_magenta:0, Magenta Wool
chisel:wool_magenta:1, Magenta Wool
chisel:wool_orange:0, Orange Wool
chisel:wool_orange:1, Orange Wool
chisel:wool_white:0, Wool
chisel:wool_white:1, Wool
forge:bucketfilled, %s Bucket
appliedenergistics2:quartz_ore, Certus Quartz Ore
appliedenergistics2:charged_quartz_ore, Charged Certus Quartz Ore
appliedenergistics2:matrix_frame, Matrix Frame
appliedenergistics2:quartz_block, Certus Quartz Block
appliedenergistics2:quartz_pillar, Certus Quartz Pillar
appliedenergistics2:chiseled_quartz_block, Chiseled Certus Quartz Block
appliedenergistics2:quartz_glass, Quartz Glass
appliedenergistics2:quartz_vibrant_glass, Vibrant Quartz Glass
appliedenergistics2:quartz_fixture, Charged Quartz Fixture
appliedenergistics2:fluix_block, Fluix Block
appliedenergistics2:sky_stone_block, Sky Stone
appliedenergistics2:smooth_sky_stone_block, Sky Stone Block
appliedenergistics2:sky_stone_brick, Sky Stone Brick
appliedenergistics2:sky_stone_small_brick, Sky Stone Small Brick
appliedenergistics2:sky_stone_chest, Sky Stone Chest
appliedenergistics2:smooth_sky_stone_chest, Sky Stone Block Chest
appliedenergistics2:sky_compass, Meteorite Compass
appliedenergistics2:grindstone, Quartz Grindstone
appliedenergistics2:crank, Wooden Crank
appliedenergistics2:inscriber, Inscriber
appliedenergistics2:wireless_access_point, ME Wireless Access Point
appliedenergistics2:charger, Charger
appliedenergistics2:tiny_tnt, Tiny TNT
appliedenergistics2:security_station, ME Security Terminal
appliedenergistics2:quantum_ring, ME Quantum Ring
appliedenergistics2:quantum_link, ME Quantum Link Chamber
appliedenergistics2:spatial_pylon, Spatial Pylon
appliedenergistics2:spatial_io_port, Spatial IO Port
appliedenergistics2:controller, ME Controller
appliedenergistics2:drive, ME Drive
appliedenergistics2:chest, ME Chest
appliedenergistics2:interface, ME Interface
appliedenergistics2:fluid_interface, ME Fluid Interface
appliedenergistics2:cell_workbench, Cell Workbench
appliedenergistics2:io_port, ME IO Port
appliedenergistics2:condenser, Matter Condenser
appliedenergistics2:energy_acceptor, Energy Acceptor
appliedenergistics2:vibration_chamber, Vibration Chamber
appliedenergistics2:quartz_growth_accelerator, Crystal Growth Accelerator
appliedenergistics2:energy_cell, Energy Cell
appliedenergistics2:dense_energy_cell, Dense Energy Cell
appliedenergistics2:creative_energy_cell, Creative Energy Cell
appliedenergistics2:crafting_unit, Crafting Unit
appliedenergistics2:crafting_accelerator, Crafting Co-Processing Unit
appliedenergistics2:crafting_storage_1k, §61k§r Crafting Storage
appliedenergistics2:crafting_storage_4k, §e4k§r Crafting Storage
appliedenergistics2:crafting_storage_16k, §a16k§r Crafting Storage
appliedenergistics2:crafting_storage_64k, §b64k§r Crafting Storage
appliedenergistics2:crafting_monitor, Crafting Monitor
appliedenergistics2:molecular_assembler, Molecular Assembler
appliedenergistics2:light_detector, Light Detecting Fixture
appliedenergistics2:paint, tile.appliedenergistics2.paint.name
appliedenergistics2:sky_stone_stairs, Sky Stone Stairs
appliedenergistics2:smooth_sky_stone_stairs, Sky Stone Block Stairs
appliedenergistics2:sky_stone_brick_stairs, Sky Stone Brick Stairs
appliedenergistics2:sky_stone_small_brick_stairs, Sky Stone Small Brick Stairs
appliedenergistics2:fluix_stairs, Fluix Stairs
appliedenergistics2:quartz_stairs, Certus Quartz Stairs
appliedenergistics2:chiseled_quartz_stairs, Chiseled Certus Quartz Stairs
appliedenergistics2:quartz_pillar_stairs, Certus Quartz Pillar Stairs
appliedenergistics2:cable_bus, AE2 Cable and/or Bus
appliedenergistics2:sky_stone_slab:0, Sky Stone Slab
appliedenergistics2:smooth_sky_stone_slab:0, Sky Stone Block Slab
appliedenergistics2:sky_stone_brick_slab:0, Sky Stone Brick Slab
appliedenergistics2:sky_stone_small_brick_slab:0, Sky Stone Small Brick Slab
appliedenergistics2:fluix_slab:0, Fluix Slab
appliedenergistics2:quartz_slab:0, Certus Quartz Slab
appliedenergistics2:chiseled_quartz_slab:0, Chiseled Certus Quartz Slab
appliedenergistics2:quartz_pillar_slab:0, Certus Quartz Pillar Slab
appliedenergistics2:certus_quartz_axe, Certus Quartz Axe
appliedenergistics2:certus_quartz_hoe, Certus Quartz Hoe
appliedenergistics2:certus_quartz_spade, Certus Quartz Shovel
appliedenergistics2:certus_quartz_pickaxe, Certus Quartz Pickaxe
appliedenergistics2:certus_quartz_sword, Certus Quartz Sword
appliedenergistics2:certus_quartz_wrench, Certus Quartz Wrench
appliedenergistics2:certus_quartz_cutting_knife, Certus Quartz Cutting Knife
appliedenergistics2:nether_quartz_axe, Nether Quartz Axe
appliedenergistics2:nether_quartz_hoe, Nether Quartz Hoe
appliedenergistics2:nether_quartz_spade, Nether Quartz Shovel
appliedenergistics2:nether_quartz_pickaxe, Nether Quartz Pickaxe
appliedenergistics2:nether_quartz_sword, Nether Quartz Sword
appliedenergistics2:nether_quartz_wrench, Nether Quartz Wrench
appliedenergistics2:nether_quartz_cutting_knife, Nether Quartz Cutting Knife
appliedenergistics2:entropy_manipulator, Entropy Manipulator
appliedenergistics2:wireless_terminal, Wireless Terminal
appliedenergistics2:wireless_crafting_terminal, Wireless Crafting Terminal
appliedenergistics2:wireless_pattern_terminal, Wireless Pattern Terminal
appliedenergistics2:wireless_fluid_terminal, Wireless Fluid Terminal
appliedenergistics2:wireless_interface_terminal, Wireless Interface Terminal
appliedenergistics2:charged_staff, Charged Staff
appliedenergistics2:matter_cannon, Matter Cannon
appliedenergistics2:portable_cell, Portable Cell
appliedenergistics2:color_applicator, Color Applicator
appliedenergistics2:biometric_card, Biometric Card
appliedenergistics2:memory_card, Memory Card
appliedenergistics2:network_tool, Network Tool
appliedenergistics2:creative_storage_cell, Creative ME Storage Cell
appliedenergistics2:view_cell, View Cell
appliedenergistics2:storage_cell_1k, §61k§r ME Storage Cell
appliedenergistics2:storage_cell_4k, §e4k§r ME Storage Cell
appliedenergistics2:storage_cell_16k, §a16k§r ME Storage Cell
appliedenergistics2:storage_cell_64k, §b64k§r ME Storage Cell
appliedenergistics2:fluid_storage_cell_1k, §61k§r ME Fluid Storage Cell
appliedenergistics2:fluid_storage_cell_4k, §e4k§r ME Fluid Storage Cell
appliedenergistics2:fluid_storage_cell_16k, §a16k§r ME Fluid Storage Cell
appliedenergistics2:fluid_storage_cell_64k, §b64k§r ME Fluid Storage Cell
appliedenergistics2:spatial_storage_cell_2_cubed, §62³§r Spatial Storage Cell
appliedenergistics2:spatial_storage_cell_16_cubed, §916³§r Spatial Storage Cell
appliedenergistics2:spatial_storage_cell_128_cubed, §d128³§r  Spatial Storage Cell
appliedenergistics2:facade:0, Cable Facade - Stone
appliedenergistics2:facade:0, Cable Facade - Granite
appliedenergistics2:facade:0, Cable Facade - Polished Granite
appliedenergistics2:facade:0, Cable Facade - Diorite
appliedenergistics2:facade:0, Cable Facade - Polished Diorite
appliedenergistics2:facade:0, Cable Facade - Andesite
appliedenergistics2:facade:0, Cable Facade - Polished Andesite
appliedenergistics2:facade:0, Cable Facade - Grass Block
appliedenergistics2:facade:0, Cable Facade - Dirt
appliedenergistics2:facade:0, Cable Facade - Coarse Dirt
appliedenergistics2:facade:0, Cable Facade - Podzol
appliedenergistics2:facade:0, Cable Facade - Cobblestone
appliedenergistics2:facade:0, Cable Facade - Oak Wood Planks
appliedenergistics2:facade:0, Cable Facade - Spruce Wood Planks
appliedenergistics2:facade:0, Cable Facade - Birch Wood Planks
appliedenergistics2:facade:0, Cable Facade - Jungle Wood Planks
appliedenergistics2:facade:0, Cable Facade - Acacia Wood Planks
appliedenergistics2:facade:0, Cable Facade - Dark Oak Wood Planks
appliedenergistics2:facade:0, Cable Facade - Bedrock
appliedenergistics2:facade:0, Cable Facade - Sand
appliedenergistics2:facade:0, Cable Facade - Red Sand
appliedenergistics2:facade:0, Cable Facade - Gravel
appliedenergistics2:facade:0, Cable Facade - Gold Ore
appliedenergistics2:facade:0, Cable Facade - Iron Ore
appliedenergistics2:facade:0, Cable Facade - Coal Ore
appliedenergistics2:facade:0, Cable Facade - Oak Wood
appliedenergistics2:facade:0, Cable Facade - Spruce Wood
appliedenergistics2:facade:0, Cable Facade - Birch Wood
appliedenergistics2:facade:0, Cable Facade - Jungle Wood
appliedenergistics2:facade:0, Cable Facade - Oak Leaves
appliedenergistics2:facade:0, Cable Facade - Spruce Leaves
appliedenergistics2:facade:0, Cable Facade - Birch Leaves
appliedenergistics2:facade:0, Cable Facade - Jungle Leaves
appliedenergistics2:facade:0, Cable Facade - Sponge
appliedenergistics2:facade:0, Cable Facade - Wet Sponge
appliedenergistics2:facade:0, Cable Facade - Glass
appliedenergistics2:facade:0, Cable Facade - Lapis Lazuli Ore
appliedenergistics2:facade:0, Cable Facade - Lapis Lazuli Block
appliedenergistics2:facade:0, Cable Facade - Sandstone
appliedenergistics2:facade:0, Cable Facade - Chiseled Sandstone
appliedenergistics2:facade:0, Cable Facade - Smooth Sandstone
appliedenergistics2:facade:0, Cable Facade - White Wool
appliedenergistics2:facade:0, Cable Facade - Orange Wool
appliedenergistics2:facade:0, Cable Facade - Magenta Wool
appliedenergistics2:facade:0, Cable Facade - Light Blue Wool
appliedenergistics2:facade:0, Cable Facade - Yellow Wool
appliedenergistics2:facade:0, Cable Facade - Lime Wool
appliedenergistics2:facade:0, Cable Facade - Pink Wool
appliedenergistics2:facade:0, Cable Facade - Gray Wool
appliedenergistics2:facade:0, Cable Facade - Light Gray Wool
appliedenergistics2:facade:0, Cable Facade - Cyan Wool
appliedenergistics2:facade:0, Cable Facade - Purple Wool
appliedenergistics2:facade:0, Cable Facade - Blue Wool
appliedenergistics2:facade:0, Cable Facade - Brown Wool
appliedenergistics2:facade:0, Cable Facade - Green Wool
appliedenergistics2:facade:0, Cable Facade - Red Wool
appliedenergistics2:facade:0, Cable Facade - Black Wool
appliedenergistics2:facade:0, Cable Facade - Block of Gold
appliedenergistics2:facade:0, Cable Facade - Block of Iron
appliedenergistics2:facade:0, Cable Facade - Bricks
appliedenergistics2:facade:0, Cable Facade - TNT
appliedenergistics2:facade:0, Cable Facade - Bookshelf
appliedenergistics2:facade:0, Cable Facade - Moss Stone
appliedenergistics2:facade:0, Cable Facade - Obsidian
appliedenergistics2:facade:0, Cable Facade - Diamond Ore
appliedenergistics2:facade:0, Cable Facade - Block of Diamond
appliedenergistics2:facade:0, Cable Facade - Crafting Table
appliedenergistics2:facade:0, Cable Facade - Redstone Ore
appliedenergistics2:facade:0, Cable Facade - Ice
appliedenergistics2:facade:0, Cable Facade - Snow
appliedenergistics2:facade:0, Cable Facade - Clay
appliedenergistics2:facade:0, Cable Facade - Pumpkin
appliedenergistics2:facade:0, Cable Facade - Netherrack
appliedenergistics2:facade:0, Cable Facade - Soul Sand
appliedenergistics2:facade:0, Cable Facade - Glowstone
appliedenergistics2:facade:0, Cable Facade - Jack o'Lantern
appliedenergistics2:facade:0, Cable Facade - White Stained Glass
appliedenergistics2:facade:0, Cable Facade - Orange Stained Glass
appliedenergistics2:facade:0, Cable Facade - Magenta Stained Glass
appliedenergistics2:facade:0, Cable Facade - Light Blue Stained Glass
appliedenergistics2:facade:0, Cable Facade - Yellow Stained Glass
appliedenergistics2:facade:0, Cable Facade - Lime Stained Glass
appliedenergistics2:facade:0, Cable Facade - Pink Stained Glass
appliedenergistics2:facade:0, Cable Facade - Gray Stained Glass
appliedenergistics2:facade:0, Cable Facade - Light Gray Stained Glass
appliedenergistics2:facade:0, Cable Facade - Cyan Stained Glass
appliedenergistics2:facade:0, Cable Facade - Purple Stained Glass
appliedenergistics2:facade:0, Cable Facade - Blue Stained Glass
appliedenergistics2:facade:0, Cable Facade - Brown Stained Glass
appliedenergistics2:facade:0, Cable Facade - Green Stained Glass
appliedenergistics2:facade:0, Cable Facade - Red Stained Glass
appliedenergistics2:facade:0, Cable Facade - Black Stained Glass
appliedenergistics2:facade:0, Cable Facade - Stone Monster Egg
appliedenergistics2:facade:0, Cable Facade - Cobblestone Monster Egg
appliedenergistics2:facade:0, Cable Facade - Stone Brick Monster Egg
appliedenergistics2:facade:0, Cable Facade - Mossy Stone Brick Monster Egg
appliedenergistics2:facade:0, Cable Facade - Cracked Stone Brick Monster Egg
appliedenergistics2:facade:0, Cable Facade - Chiseled Stone Brick Monster Egg
appliedenergistics2:facade:0, Cable Facade - Stone Bricks
appliedenergistics2:facade:0, Cable Facade - Mossy Stone Bricks
appliedenergistics2:facade:0, Cable Facade - Cracked Stone Bricks
appliedenergistics2:facade:0, Cable Facade - Chiseled Stone Bricks
appliedenergistics2:facade:0, Cable Facade - Mushroom
appliedenergistics2:facade:0, Cable Facade - Mushroom
appliedenergistics2:facade:0, Cable Facade - Melon
appliedenergistics2:facade:0, Cable Facade - Mycelium
appliedenergistics2:facade:0, Cable Facade - Nether Brick
appliedenergistics2:facade:0, Cable Facade - End Stone
appliedenergistics2:facade:0, Cable Facade - Redstone Lamp
appliedenergistics2:facade:0, Cable Facade - Emerald Ore
appliedenergistics2:facade:0, Cable Facade - Block of Emerald
appliedenergistics2:facade:0, Cable Facade - Block of Redstone
appliedenergistics2:facade:0, Cable Facade - Nether Quartz Ore
appliedenergistics2:facade:0, Cable Facade - Block of Quartz
appliedenergistics2:facade:0, Cable Facade - Chiseled Quartz Block
appliedenergistics2:facade:0, Cable Facade - Pillar Quartz Block
appliedenergistics2:facade:0, Cable Facade - White Terracotta
appliedenergistics2:facade:0, Cable Facade - Orange Terracotta
appliedenergistics2:facade:0, Cable Facade - Magenta Terracotta
appliedenergistics2:facade:0, Cable Facade - Light Blue Terracotta
appliedenergistics2:facade:0, Cable Facade - Yellow Terracotta
appliedenergistics2:facade:0, Cable Facade - Lime Terracotta
appliedenergistics2:facade:0, Cable Facade - Pink Terracotta
appliedenergistics2:facade:0, Cable Facade - Gray Terracotta
appliedenergistics2:facade:0, Cable Facade - Light Gray Terracotta
appliedenergistics2:facade:0, Cable Facade - Cyan Terracotta
appliedenergistics2:facade:0, Cable Facade - Purple Terracotta
appliedenergistics2:facade:0, Cable Facade - Blue Terracotta
appliedenergistics2:facade:0, Cable Facade - Brown Terracotta
appliedenergistics2:facade:0, Cable Facade - Green Terracotta
appliedenergistics2:facade:0, Cable Facade - Red Terracotta
appliedenergistics2:facade:0, Cable Facade - Black Terracotta
appliedenergistics2:facade:0, Cable Facade - Acacia Leaves
appliedenergistics2:facade:0, Cable Facade - Dark Oak Leaves
appliedenergistics2:facade:0, Cable Facade - Acacia Wood
appliedenergistics2:facade:0, Cable Facade - Dark Oak Wood
appliedenergistics2:facade:0, Cable Facade - Slime Block
appliedenergistics2:facade:0, Cable Facade - Prismarine
appliedenergistics2:facade:0, Cable Facade - Prismarine Bricks
appliedenergistics2:facade:0, Cable Facade - Dark Prismarine
appliedenergistics2:facade:0, Cable Facade - Sea Lantern
appliedenergistics2:facade:0, Cable Facade - Hay Bale
appliedenergistics2:facade:0, Cable Facade - Terracotta
appliedenergistics2:facade:0, Cable Facade - Block of Coal
appliedenergistics2:facade:0, Cable Facade - Packed Ice
appliedenergistics2:facade:0, Cable Facade - Red Sandstone
appliedenergistics2:facade:0, Cable Facade - Chiseled Red Sandstone
appliedenergistics2:facade:0, Cable Facade - Smooth Red Sandstone
appliedenergistics2:facade:0, Cable Facade - Purpur Block
appliedenergistics2:facade:0, Cable Facade - Purpur Pillar
appliedenergistics2:facade:0, Cable Facade - End Stone Bricks
appliedenergistics2:facade:0, Cable Facade - Magma Block
appliedenergistics2:facade:0, Cable Facade - Nether Wart Block
appliedenergistics2:facade:0, Cable Facade - Red Nether Brick
appliedenergistics2:facade:0, Cable Facade - Bone Block
appliedenergistics2:facade:0, Cable Facade - Observer
appliedenergistics2:facade:0, Cable Facade - White Glazed Terracotta
appliedenergistics2:facade:0, Cable Facade - Orange Glazed Terracotta
appliedenergistics2:facade:0, Cable Facade - Magenta Glazed Terracotta
appliedenergistics2:facade:0, Cable Facade - Light Blue Glazed Terracotta
appliedenergistics2:facade:0, Cable Facade - Yellow Glazed Terracotta
appliedenergistics2:facade:0, Cable Facade - Lime Glazed Terracotta
appliedenergistics2:facade:0, Cable Facade - Pink Glazed Terracotta
appliedenergistics2:facade:0, Cable Facade - Gray Glazed Terracotta
appliedenergistics2:facade:0, Cable Facade - Light Gray Glazed Terracotta
appliedenergistics2:facade:0, Cable Facade - Cyan Glazed Terracotta
appliedenergistics2:facade:0, Cable Facade - Purple Glazed Terracotta
appliedenergistics2:facade:0, Cable Facade - Blue Glazed Terracotta
appliedenergistics2:facade:0, Cable Facade - Brown Glazed Terracotta
appliedenergistics2:facade:0, Cable Facade - Green Glazed Terracotta
appliedenergistics2:facade:0, Cable Facade - Red Glazed Terracotta
appliedenergistics2:facade:0, Cable Facade - Black Glazed Terracotta
appliedenergistics2:facade:0, Cable Facade - White Concrete
appliedenergistics2:facade:0, Cable Facade - Orange Concrete
appliedenergistics2:facade:0, Cable Facade - Magenta Concrete
appliedenergistics2:facade:0, Cable Facade - Light Blue Concrete
appliedenergistics2:facade:0, Cable Facade - Yellow Concrete
appliedenergistics2:facade:0, Cable Facade - Lime Concrete
appliedenergistics2:facade:0, Cable Facade - Pink Concrete
appliedenergistics2:facade:0, Cable Facade - Gray Concrete
appliedenergistics2:facade:0, Cable Facade - Light Gray Concrete
appliedenergistics2:facade:0, Cable Facade - Cyan Concrete
appliedenergistics2:facade:0, Cable Facade - Purple Concrete
appliedenergistics2:facade:0, Cable Facade - Blue Concrete
appliedenergistics2:facade:0, Cable Facade - Brown Concrete
appliedenergistics2:facade:0, Cable Facade - Green Concrete
appliedenergistics2:facade:0, Cable Facade - Red Concrete
appliedenergistics2:facade:0, Cable Facade - Black Concrete
appliedenergistics2:facade:0, Cable Facade - White Concrete Powder
appliedenergistics2:facade:0, Cable Facade - Orange Concrete Powder
appliedenergistics2:facade:0, Cable Facade - Magenta Concrete Powder
appliedenergistics2:facade:0, Cable Facade - Light Blue Concrete Powder
appliedenergistics2:facade:0, Cable Facade - Yellow Concrete Powder
appliedenergistics2:facade:0, Cable Facade - Lime Concrete Powder
appliedenergistics2:facade:0, Cable Facade - Pink Concrete Powder
appliedenergistics2:facade:0, Cable Facade - Gray Concrete Powder
appliedenergistics2:facade:0, Cable Facade - Light Gray Concrete Powder
appliedenergistics2:facade:0, Cable Facade - Cyan Concrete Powder
appliedenergistics2:facade:0, Cable Facade - Purple Concrete Powder
appliedenergistics2:facade:0, Cable Facade - Blue Concrete Powder
appliedenergistics2:facade:0, Cable Facade - Brown Concrete Powder
appliedenergistics2:facade:0, Cable Facade - Green Concrete Powder
appliedenergistics2:facade:0, Cable Facade - Red Concrete Powder
appliedenergistics2:facade:0, Cable Facade - Black Concrete Powder
appliedenergistics2:facade:0, Cable Facade - Gelid Euphemium
appliedenergistics2:facade:0, Cable Facade - Unstable Euphemium Schrabide Block
appliedenergistics2:facade:0, Cable Facade - Dark Crystal
appliedenergistics2:facade:0, Cable Facade - Hardened Dark Crystal
appliedenergistics2:facade:0, Cable Facade - Pulsating Crystal
appliedenergistics2:facade:0, Cable Facade - Asphalt
appliedenergistics2:facade:0, Cable Facade - Glowing Asphalt
appliedenergistics2:facade:0, Cable Facade - Reinforced Glass
appliedenergistics2:facade:0, Cable Facade - Reinforced Glowstone
appliedenergistics2:facade:0, Cable Facade - Reinforced Lamp
appliedenergistics2:facade:0, Cable Facade - Reinforced Lamp
appliedenergistics2:facade:0, Cable Facade - Dense Stone
appliedenergistics2:facade:0, Cable Facade - Concrete Bricks
appliedenergistics2:facade:0, Cable Facade - Mossy Concrete Bricks
appliedenergistics2:facade:0, Cable Facade - Cracked Concrete Bricks
appliedenergistics2:facade:0, Cable Facade - Broken Concrete Bricks
appliedenergistics2:facade:0, Cable Facade - Marked Concrete Bricks
appliedenergistics2:facade:0, Cable Facade - Reinforced Stone
appliedenergistics2:facade:0, Cable Facade - Compound Mesh
appliedenergistics2:facade:0, Cable Facade - Light Bricks
appliedenergistics2:facade:0, Cable Facade - Asbestos Bricks
appliedenergistics2:facade:0, Cable Facade - Reinforced Sandstone
appliedenergistics2:facade:0, Cable Facade - Obsidian Bricks
appliedenergistics2:facade:0, Cable Facade - CMB Steel Tile
appliedenergistics2:facade:0, Cable Facade - Reinforced CMB Bricks
appliedenergistics2:facade:0, Cable Facade - Concrete Tile
appliedenergistics2:facade:0, Cable Facade - Concrete
appliedenergistics2:facade:0, Cable Facade - White Concrete
appliedenergistics2:facade:0, Cable Facade - Builder's Choice Concrete - Industrial Tinge
appliedenergistics2:facade:0, Cable Facade - Reinforced Concrete
appliedenergistics2:facade:0, Cable Facade - Über Concrete
appliedenergistics2:facade:0, Cable Facade - Moldy Debris
appliedenergistics2:facade:0, Cable Facade - Asbestos Concrete
appliedenergistics2:facade:0, Cable Facade - Rebar Reinforced Concrete Pillar
appliedenergistics2:facade:0, Cable Facade - Ducrete Tile
appliedenergistics2:facade:0, Cable Facade - Ducrete
appliedenergistics2:facade:0, Cable Facade - Ducrete Brick
appliedenergistics2:facade:0, Cable Facade - Reinforced Ducrete
appliedenergistics2:facade:0, Cable Facade - Raw Lightstone
appliedenergistics2:facade:0, Cable Facade - Large Vinyl Tile
appliedenergistics2:facade:0, Cable Facade - Laboratory Tiles
appliedenergistics2:facade:0, Cable Facade - Cracked Laboratory Tiles
appliedenergistics2:facade:0, Cable Facade - Broken Laboratory Tiles
appliedenergistics2:facade:0, Cable Facade - Block of Scrap
appliedenergistics2:facade:0, Cable Facade - Block of Electrical Scrap
appliedenergistics2:facade:0, Cable Facade - Uranium Ore
appliedenergistics2:facade:0, Cable Facade - Scorched Uranium Ore
appliedenergistics2:facade:0, Cable Facade - Schrabidium Ore
appliedenergistics2:facade:0, Cable Facade - Sellafite Emerald Ore
appliedenergistics2:facade:0, Cable Facade - Scorched Sellafite Uranium Ore
appliedenergistics2:facade:0, Cable Facade - Sellafite Schrabidium Ore
appliedenergistics2:facade:0, Cable Facade - Sellafite Diamond Ore
appliedenergistics2:facade:0, Cable Facade - Sellafite Radioactive Gem Ore
appliedenergistics2:facade:0, Cable Facade - Thorium Ore
appliedenergistics2:facade:0, Cable Facade - Titanium Ore
appliedenergistics2:facade:0, Cable Facade - Sulfur Ore
appliedenergistics2:facade:0, Cable Facade - Niter Ore
appliedenergistics2:facade:0, Cable Facade - Copper Ore
appliedenergistics2:facade:0, Cable Facade - Tungsten Ore
appliedenergistics2:facade:0, Cable Facade - Aluminium-Bearing Ore
appliedenergistics2:facade:0, Cable Facade - Fluorite Ore
appliedenergistics2:facade:0, Cable Facade - Lead Ore
appliedenergistics2:facade:0, Cable Facade - Beryllium Ore
appliedenergistics2:facade:0, Cable Facade - Lignite Ore
appliedenergistics2:facade:0, Cable Facade - Asbestos Ore
appliedenergistics2:facade:0, Cable Facade - Rare Earth Ore
appliedenergistics2:facade:0, Cable Facade - Iron Ore Cluster
appliedenergistics2:facade:0, Cable Facade - Titanium Ore Cluster
appliedenergistics2:facade:0, Cable Facade - Aluminium Ore Cluster
appliedenergistics2:facade:0, Cable Facade - Copper Ore Cluster
appliedenergistics2:facade:0, Cable Facade - Cobalt Ore
appliedenergistics2:facade:0, Cable Facade - Cinnabar Ore
appliedenergistics2:facade:0, Cable Facade - Coltan Ore
appliedenergistics2:facade:0, Cable Facade - Australian Ore
appliedenergistics2:facade:0, Cable Facade - Depth Rock
appliedenergistics2:facade:0, Cable Facade - Depth Cinnabar Ore
appliedenergistics2:facade:0, Cable Facade - Depth Zirconium Ore
appliedenergistics2:facade:0, Cable Facade - Depth Borax Ore
appliedenergistics2:facade:0, Cable Facade - Alexandrite Ore
appliedenergistics2:facade:0, Cable Facade - Depth Iron Ore Cluster
appliedenergistics2:facade:0, Cable Facade - Depth Titanium Ore Cluster
appliedenergistics2:facade:0, Cable Facade - Depth Tungsten Ore Cluster
appliedenergistics2:facade:0, Cable Facade - Bedrock Coltan Ore
appliedenergistics2:facade:0, Cable Facade - Bedrock Oil Deposit
appliedenergistics2:facade:0, Cable Facade - Oil Deposit
appliedenergistics2:facade:0, Cable Facade - Empty Oil Deposit
appliedenergistics2:facade:0, Cable Facade - Tar Sand
appliedenergistics2:facade:0, Cable Facade - Graphitic Schist
appliedenergistics2:facade:0, Cable Facade - Schist Brick
appliedenergistics2:facade:0, Cable Facade - Schist Tile
appliedenergistics2:facade:0, Cable Facade - Chiseled Schist
appliedenergistics2:facade:0, Cable Facade - Schist Iron Ore
appliedenergistics2:facade:0, Cable Facade - Schist Gold Ore
appliedenergistics2:facade:0, Cable Facade - Schist Uranium Ore
appliedenergistics2:facade:0, Cable Facade - Scorched Schist Uranium Ore
appliedenergistics2:facade:0, Cable Facade - Schist Copper Ore
appliedenergistics2:facade:0, Cable Facade - Schist Asbestos Ore
appliedenergistics2:facade:0, Cable Facade - Schist Lithium Ore
appliedenergistics2:facade:0, Cable Facade - Schist Schrabidium Ore
appliedenergistics2:facade:0, Cable Facade - Schist Rare Earth Ore
appliedenergistics2:facade:0, Cable Facade - Gas Shale
appliedenergistics2:facade:0, Cable Facade - Trixite
appliedenergistics2:facade:0, Cable Facade - Burning Nether Coal Ore
appliedenergistics2:facade:0, Cable Facade - Smoldering Netherrack
appliedenergistics2:facade:0, Cable Facade - Nether Cobalt Ore
appliedenergistics2:facade:0, Cable Facade - Nether Tungsten Ore
appliedenergistics2:facade:0, Cable Facade - Nether Sulfur Ore
appliedenergistics2:facade:0, Cable Facade - Nether Phosphorus Ore
appliedenergistics2:facade:0, Cable Facade - Nether Uranium Ore
appliedenergistics2:facade:0, Cable Facade - Scorched Nether Uranium Ore
appliedenergistics2:facade:0, Cable Facade - Nether Plutonium Ore
appliedenergistics2:facade:0, Cable Facade - Nether Schrabidium Ore
appliedenergistics2:facade:0, Cable Facade - Nether Depth Rock
appliedenergistics2:facade:0, Cable Facade - Nether Depth Neodymium Ore
appliedenergistics2:facade:0, Cable Facade - Nether Depth Nitanium Ore
appliedenergistics2:facade:0, Cable Facade - Meteorite Block
appliedenergistics2:facade:0, Cable Facade - Meteorite Cobblestone
appliedenergistics2:facade:0, Cable Facade - Broken Meteorite Block
appliedenergistics2:facade:0, Cable Facade - Hot Meteorite Cobblestone
appliedenergistics2:facade:0, Cable Facade - Meteorite Treasure Block
appliedenergistics2:facade:0, Cable Facade - Meteor Iron Ore
appliedenergistics2:facade:0, Cable Facade - Polished Meteor Block
appliedenergistics2:facade:0, Cable Facade - Meteor Bricks
appliedenergistics2:facade:0, Cable Facade - Mossy Meteor Bricks
appliedenergistics2:facade:0, Cable Facade - Cracked Meteor Bricks
appliedenergistics2:facade:0, Cable Facade - Chiseled Meteor Bricks
appliedenergistics2:facade:0, Cable Facade - Meteor Pillar
appliedenergistics2:facade:0, Cable Facade - Starmetal Static Electricity Generator
appliedenergistics2:facade:0, Cable Facade - Enargite Bricks
appliedenergistics2:facade:0, Cable Facade - Cracked Enargite Bricks
appliedenergistics2:facade:0, Cable Facade - Magmatic Enargite Bricks
appliedenergistics2:facade:0, Cable Facade - Radioactive Enargite Bricks
appliedenergistics2:facade:0, Cable Facade - Arcane Enargite Bricks
appliedenergistics2:facade:0, Cable Facade - Enargite Glyph Bricks
appliedenergistics2:facade:0, Cable Facade - Enargite Glyph Bricks
appliedenergistics2:facade:0, Cable Facade - Enargite Glyph Bricks
appliedenergistics2:facade:0, Cable Facade - Enargite Glyph Bricks
appliedenergistics2:facade:0, Cable Facade - Enargite Glyph Bricks
appliedenergistics2:facade:0, Cable Facade - Enargite Glyph Bricks
appliedenergistics2:facade:0, Cable Facade - Enargite Glyph Bricks
appliedenergistics2:facade:0, Cable Facade - Enargite Glyph Bricks
appliedenergistics2:facade:0, Cable Facade - Enargite Glyph Bricks
appliedenergistics2:facade:0, Cable Facade - Enargite Glyph Bricks
appliedenergistics2:facade:0, Cable Facade - Enargite Glyph Bricks
appliedenergistics2:facade:0, Cable Facade - Enargite Glyph Bricks
appliedenergistics2:facade:0, Cable Facade - Enargite Glyph Bricks
appliedenergistics2:facade:0, Cable Facade - Enargite Glyph Bricks
appliedenergistics2:facade:0, Cable Facade - Enargite Glyph Bricks
appliedenergistics2:facade:0, Cable Facade - Enargite Glyph Bricks
appliedenergistics2:facade:0, Cable Facade - Mechanist's Circle
appliedenergistics2:facade:0, Cable Facade - Strange Stone
appliedenergistics2:facade:0, Cable Facade - Strange Red Room Brick
appliedenergistics2:facade:0, Cable Facade - Red Room Brick
appliedenergistics2:facade:0, Cable Facade - Berzelianite Bricks
appliedenergistics2:facade:0, Cable Facade - Berzelianite Block
appliedenergistics2:facade:0, Cable Facade - Berzelianite Tile
appliedenergistics2:facade:0, Cable Facade - Berzelianite Cirlce
appliedenergistics2:facade:0, Cable Facade - Block of Niter
appliedenergistics2:facade:0, Cable Facade - Reinforced Block of Niter
appliedenergistics2:facade:0, Cable Facade - Block of Sulfur
appliedenergistics2:facade:0, Cable Facade - Block of Thorium-232
appliedenergistics2:facade:0, Cable Facade - Block of Thorium Fuel
appliedenergistics2:facade:0, Cable Facade - Block of Neptunium
appliedenergistics2:facade:0, Cable Facade - Block of Polonium-210
appliedenergistics2:facade:0, Cable Facade - Block of MOX Fuel
appliedenergistics2:facade:0, Cable Facade - Block of Plutonium
appliedenergistics2:facade:0, Cable Facade - Block of Plutonium-238
appliedenergistics2:facade:0, Cable Facade - Block of Plutonium-239
appliedenergistics2:facade:0, Cable Facade - Block of Plutonium-240
appliedenergistics2:facade:0, Cable Facade - Block of Reactor Grade Plutonium
appliedenergistics2:facade:0, Cable Facade - Block of Plutonium Fuel
appliedenergistics2:facade:0, Cable Facade - Block of Uranium
appliedenergistics2:facade:0, Cable Facade - Block of Uranium-233
appliedenergistics2:facade:0, Cable Facade - Block of Uranium-235
appliedenergistics2:facade:0, Cable Facade - Block of Uranium-238
appliedenergistics2:facade:0, Cable Facade - Block of Uranium Fuel
appliedenergistics2:facade:0, Cable Facade - Block of Titanium
appliedenergistics2:facade:0, Cable Facade - Block of Copper
appliedenergistics2:facade:0, Cable Facade - Block of Red Copper
appliedenergistics2:facade:0, Cable Facade - Block of Advanced Alloy
appliedenergistics2:facade:0, Cable Facade - Block of Tungsten
appliedenergistics2:facade:0, Cable Facade - Block of Aluminium
appliedenergistics2:facade:0, Cable Facade - Block of Fluorite
appliedenergistics2:facade:0, Cable Facade - Block of Steel
appliedenergistics2:facade:0, Cable Facade - Block of Lead
appliedenergistics2:facade:0, Cable Facade - Block of Technetium Steel
appliedenergistics2:facade:0, Cable Facade - Block of Cadmium Steel
appliedenergistics2:facade:0, Cable Facade - Block of Cadmium
appliedenergistics2:facade:0, Cable Facade - Block of Bismuth
appliedenergistics2:facade:0, Cable Facade - Block of Coltan
appliedenergistics2:facade:0, Cable Facade - Block of Tantalium
appliedenergistics2:facade:0, Cable Facade - Block of Niobium
appliedenergistics2:facade:0, Cable Facade - Block of Trinitite
appliedenergistics2:facade:0, Cable Facade - Block of Beryllium
appliedenergistics2:facade:0, Cable Facade - Block of Schraranium
appliedenergistics2:facade:0, Cable Facade - Block of Schrabidium
appliedenergistics2:facade:0, Cable Facade - Block of Ferric Schrabidate
appliedenergistics2:facade:0, Cable Facade - Block of Solinium
appliedenergistics2:facade:0, Cable Facade - Block of Schrabidium Fuel
appliedenergistics2:facade:0, Cable Facade - Block of Gold-198
appliedenergistics2:facade:0, Cable Facade - Block of Euphemium
appliedenergistics2:facade:0, Cable Facade - Block of Dineutronium
appliedenergistics2:facade:0, Cable Facade - Schrabidium Cluster
appliedenergistics2:facade:0, Cable Facade - Euphemium-Etched Schrabidium Cluster
appliedenergistics2:facade:0, Cable Facade - Block of CMB Steel
appliedenergistics2:facade:0, Cable Facade - Block of Magnetized Tungsten
appliedenergistics2:facade:0, Cable Facade - Reinforced Block of Desh
appliedenergistics2:facade:0, Cable Facade - Reinforced Block of High-Speed Steel
appliedenergistics2:facade:0, Cable Facade - Block of Saturnite
appliedenergistics2:facade:0, Cable Facade - Tektite
appliedenergistics2:facade:0, Cable Facade - Osmiridium-Infused Tektite
appliedenergistics2:facade:0, Cable Facade - Scorched Dirt
appliedenergistics2:facade:0, Cable Facade - Crushed Obsidian
appliedenergistics2:facade:0, Cable Facade - Diamond Gravel
appliedenergistics2:facade:0, Cable Facade - Moon Turf
appliedenergistics2:facade:0, Cable Facade - Titanium Deco Block
appliedenergistics2:facade:0, Cable Facade - Red Copper Deco Block
appliedenergistics2:facade:0, Cable Facade - Tungsten Deco Block
appliedenergistics2:facade:0, Cable Facade - Aluminium Deco Block
appliedenergistics2:facade:0, Cable Facade - Steel Deco Block
appliedenergistics2:facade:0, Cable Facade - Rusty Steel Deco Block
appliedenergistics2:facade:0, Cable Facade - Lead Deco Block
appliedenergistics2:facade:0, Cable Facade - Beryllium Deco Block
appliedenergistics2:facade:0, Cable Facade - Asbestos Roof
appliedenergistics2:facade:0, Cable Facade - RBMK Deco Block
appliedenergistics2:facade:0, Cable Facade - Smooth RBMK Deco Block
appliedenergistics2:facade:0, Cable Facade - Hazmat Cloth Block
appliedenergistics2:facade:0, Cable Facade - Glyphid Hive Block
appliedenergistics2:facade:0, Cable Facade - Grown Glowing Shroom
appliedenergistics2:facade:0, Cable Facade - Grown Glowing Shroom Stem
appliedenergistics2:facade:0, Cable Facade - Block of Nuclear Waste
appliedenergistics2:facade:0, Cable Facade - Painted Block of Nuclear Waste
appliedenergistics2:facade:0, Cable Facade - Vitrified Block of Nuclear Waste
appliedenergistics2:facade:0, Cable Facade - Glowing Mycelium
appliedenergistics2:facade:0, Cable Facade - Dead Grass
appliedenergistics2:facade:0, Cable Facade - Trinitite Ore
appliedenergistics2:facade:0, Cable Facade - Red Trinitite Ore
appliedenergistics2:facade:0, Cable Facade - Charred Log
appliedenergistics2:facade:0, Cable Facade - Charred Wooden Planks
appliedenergistics2:facade:0, Cable Facade - Burning Grass
appliedenergistics2:facade:0, Cable Facade - Dead Dirt
appliedenergistics2:facade:0, Cable Facade - Oily Dirt
appliedenergistics2:facade:0, Cable Facade - Oily Sand
appliedenergistics2:facade:0, Cable Facade - Red Oily Sand
appliedenergistics2:facade:0, Cable Facade - Cracked Stone
appliedenergistics2:facade:0, Cable Facade - Frozen Grass
appliedenergistics2:facade:0, Cable Facade - Frozen Log
appliedenergistics2:facade:0, Cable Facade - Frozen Planks
appliedenergistics2:facade:0, Cable Facade - Frozen Dirt
appliedenergistics2:facade:0, Cable Facade - Block of Fallout
appliedenergistics2:facade:0, Cable Facade - Block of Boron
appliedenergistics2:facade:0, Cable Facade - Block of Lanthanium
appliedenergistics2:facade:0, Cable Facade - Block of Radium-226
appliedenergistics2:facade:0, Cable Facade - Block of Actinium
appliedenergistics2:facade:0, Cable Facade - Block of Tritium Cells
appliedenergistics2:facade:0, Cable Facade - Block of Semtex
appliedenergistics2:facade:0, Cable Facade - Block of C-4
appliedenergistics2:facade:0, Cable Facade - Block of S'more
appliedenergistics2:facade:0, Cable Facade - Block of Slag
appliedenergistics2:facade:0, Cable Facade - Slaked Sellafite
appliedenergistics2:facade:0, Cable Facade - Bedrock Sellafite
appliedenergistics2:facade:0, Cable Facade - Sellafite
appliedenergistics2:facade:0, Cable Facade - Block of Yellowcake
appliedenergistics2:facade:0, Cable Facade - §9Block of Starmetal§r
appliedenergistics2:facade:0, Cable Facade - Block of Polymer
appliedenergistics2:facade:0, Cable Facade - Block of Bakelite
appliedenergistics2:facade:0, Cable Facade - Block of Rubber
appliedenergistics2:facade:0, Cable Facade - Block of Asbestos
appliedenergistics2:facade:0, Cable Facade - Firebricks
appliedenergistics2:facade:0, Cable Facade - Block of Cobalt
appliedenergistics2:facade:0, Cable Facade - Block of Lithium
appliedenergistics2:facade:0, Cable Facade - Block of Zirconium
appliedenergistics2:facade:0, Cable Facade - Roll of Insulation
appliedenergistics2:facade:0, Cable Facade - Roll of Fiberglass
appliedenergistics2:facade:0, Cable Facade - Block of White Phosphorus
appliedenergistics2:facade:0, Cable Facade - Block of Red Phosphorus
appliedenergistics2:facade:0, Cable Facade - Foam
appliedenergistics2:facade:0, Cable Facade - Block of Coal Coke
appliedenergistics2:facade:0, Cable Facade - Block of Graphite
appliedenergistics2:facade:0, Cable Facade - Drilled Graphite
appliedenergistics2:facade:0, Cable Facade - Pile Control Rod
appliedenergistics2:facade:0, Cable Facade - Pile Lithium Fuel (Bred)
appliedenergistics2:facade:0, Cable Facade - Block of Australium
appliedenergistics2:facade:0, Cable Facade - Depth Bricks
appliedenergistics2:facade:0, Cable Facade - Depth Tiles
appliedenergistics2:facade:0, Cable Facade - Nether Depth Bricks
appliedenergistics2:facade:0, Cable Facade - Nether Depth Tiles
appliedenergistics2:facade:0, Cable Facade - DNT-Reinforced Depth Bricks
appliedenergistics2:facade:0, Cable Facade - Porous Stone
appliedenergistics2:facade:0, Cable Facade - Basalt
appliedenergistics2:facade:0, Cable Facade - Sulfur-Rich Basalt
appliedenergistics2:facade:0, Cable Facade - Smooth Basalt
appliedenergistics2:facade:0, Cable Facade - Basalt Bricks
appliedenergistics2:facade:0, Cable Facade - Polished Basalt
appliedenergistics2:facade:0, Cable Facade - Basalt Tiles
appliedenergistics2:facade:0, Cable Facade - Block of Nuka Cola Bottle Caps
appliedenergistics2:facade:0, Cable Facade - Dynamite
appliedenergistics2:facade:0, Cable Facade - Actual TNT
appliedenergistics2:facade:0, Cable Facade - Semtex
appliedenergistics2:facade:0, Cable Facade - C-4
appliedenergistics2:facade:0, Cable Facade - Fissure Bomb
appliedenergistics2:facade:0, Cable Facade - Flame War in a Box
appliedenergistics2:facade:0, Cable Facade - Levitation Bomb
appliedenergistics2:facade:0, Cable Facade - EMP Device
appliedenergistics2:facade:0, Cable Facade - Endothermic Bomb
appliedenergistics2:facade:0, Cable Facade - Exothermic Bomb
appliedenergistics2:facade:0, Cable Facade - Det Cord
appliedenergistics2:facade:0, Cable Facade - Mining Charge
appliedenergistics2:facade:0, Cable Facade - Explosive Charge
appliedenergistics2:facade:0, Cable Facade - N² Charge
appliedenergistics2:facade:0, Cable Facade - Nuclear Charge
appliedenergistics2:facade:0, Cable Facade - Balefire Charge
appliedenergistics2:facade:0, Cable Facade - Armor Modification Table
appliedenergistics2:facade:0, Cable Facade - Weapon Modification Table
appliedenergistics2:facade:0, Cable Facade - Ash
appliedenergistics2:facade:0, Cable Facade - Boron Sand
appliedenergistics2:facade:0, Cable Facade - Lead Sand
appliedenergistics2:facade:0, Cable Facade - Uranium Sand
appliedenergistics2:facade:0, Cable Facade - Polonium Sand
appliedenergistics2:facade:0, Cable Facade - Quartz Sand
appliedenergistics2:facade:0, Cable Facade - Gold Sand
appliedenergistics2:facade:0, Cable Facade - Gold-198 Sand
appliedenergistics2:facade:0, Cable Facade - Uranium Glass
appliedenergistics2:facade:0, Cable Facade - Trinity Glass
appliedenergistics2:facade:0, Cable Facade - Polonium Glass
appliedenergistics2:facade:0, Cable Facade - Boron Glass
appliedenergistics2:facade:0, Cable Facade - Lead Glass
appliedenergistics2:facade:0, Cable Facade - Ash Glass
appliedenergistics2:facade:0, Cable Facade - Quartz Glass
appliedenergistics2:facade:0, Cable Facade - Polarized Glass
appliedenergistics2:facade:0, Cable Facade - Silo Hatch Frame
appliedenergistics2:facade:0, Cable Facade - Silo Hatch Opener
appliedenergistics2:facade:0, Cable Facade - Supply Crate
appliedenergistics2:facade:0, Cable Facade - Weapon Crate
appliedenergistics2:facade:0, Cable Facade - Hazmat Crate
appliedenergistics2:facade:0, Cable Facade - Machine Crate
appliedenergistics2:facade:0, Cable Facade - Red Crate
appliedenergistics2:facade:0, Cable Facade - Enargite Crate
appliedenergistics2:facade:0, Cable Facade - Starmetal Crate
appliedenergistics2:facade:0, Cable Facade - Hbm's Nuclear Tech Mod Manual [LEGACY]
appliedenergistics2:facade:0, Cable Facade - 10k-20Hz Transformer
appliedenergistics2:facade:0, Cable Facade - 10k-1Hz Transformer
appliedenergistics2:facade:0, Cable Facade - DNT-20Hz Transformer
appliedenergistics2:facade:0, Cable Facade - DNT-1Hz Transformer
appliedenergistics2:facade:0, Cable Facade - Burner Press Preheater
appliedenergistics2:facade:0, Cable Facade - Nuclear Reactor (Old)
appliedenergistics2:facade:0, Cable Facade - RBMK Steam Connector
appliedenergistics2:facade:0, Cable Facade - RBMK Debris
appliedenergistics2:facade:0, Cable Facade - Flaming RBMK Debris
appliedenergistics2:facade:0, Cable Facade - Smoldering RBMK Debris
appliedenergistics2:facade:0, Cable Facade - Blackened RBMK Debris
appliedenergistics2:facade:0, Cable Facade - Corium
appliedenergistics2:facade:0, Cable Facade - Corebblestone
appliedenergistics2:facade:0, Cable Facade - Crude Oil Extraction Pipe
appliedenergistics2:facade:0, Cable Facade - Drill Pipe
appliedenergistics2:facade:0, Cable Facade - Teleportation Anchor
appliedenergistics2:facade:0, Cable Facade - High Energy Field Jammer
appliedenergistics2:facade:0, Cable Facade - Capacitor Bus
appliedenergistics2:facade:0, Cable Facade - Muffler
appliedenergistics2:facade:0, Cable Facade - Launch Pad Component Block
appliedenergistics2:facade:0, Cable Facade - Launch Pad Scaffold Block
appliedenergistics2:facade:0, Cable Facade - PWR Fuel Rod
appliedenergistics2:facade:0, Cable Facade - PWR Control Rod
appliedenergistics2:facade:0, Cable Facade - PWR Coolant Channel
appliedenergistics2:facade:0, Cable Facade - PWR Heat Exchanger
appliedenergistics2:facade:0, Cable Facade - PWR Heatsink
appliedenergistics2:facade:0, Cable Facade - PWR Neutron Source
appliedenergistics2:facade:0, Cable Facade - PWR Neutron Reflector
appliedenergistics2:facade:0, Cable Facade - PWR Pressure Vessel
appliedenergistics2:facade:0, Cable Facade - PWR Access Port
appliedenergistics2:facade:0, Cable Facade - Plasma Heater Component
appliedenergistics2:facade:0, Cable Facade - Duct Deco Block
appliedenergistics2:facade:0, Cable Facade - Fusion Reactor Control
appliedenergistics2:facade:0, Cable Facade - Superconducting BSCCO Coils
appliedenergistics2:facade:0, Cable Facade - ICF Stability Element
appliedenergistics2:facade:0, Cable Facade - ICF Laser Casing
appliedenergistics2:facade:0, Cable Facade - Watz Reaction Chamber
appliedenergistics2:facade:0, Cable Facade - Watz Reactor Supercooler
appliedenergistics2:facade:0, Cable Facade - Watz Stability Element
appliedenergistics2:facade:0, Cable Facade - Particle Accelerator Plating
appliedenergistics2:facade:0, Cable Facade - Particle Accelerator Plating (Blue)
appliedenergistics2:facade:0, Cable Facade - Particle Accelerator Plating (Black)
appliedenergistics2:facade:0, Cable Facade - Particle Accelerator Plating (YelloDye)
appliedenergistics2:facade:0, Cable Facade - Particle Accelerator Plating (Cool Hazard Stripes)
appliedenergistics2:facade:0, Cable Facade - Particle Accelerator Plating (VOLTZ)
appliedenergistics2:facade:0, Cable Facade - Particle Accelerator Plating (Window)
appliedenergistics2:facade:0, Cable Facade - Dense Superconducting Coil
appliedenergistics2:facade:0, Cable Facade - Dense Gold Coil
appliedenergistics2:facade:0, Cable Facade - Dense Neodymium Coil
appliedenergistics2:facade:0, Cable Facade - Dense 4000K Superconductor Coil
appliedenergistics2:facade:0, Cable Facade - Dense Schrabidic Coil
appliedenergistics2:facade:0, Cable Facade - Dense Schrabidate Coil
appliedenergistics2:facade:0, Cable Facade - Dense Starmetal Coil
appliedenergistics2:facade:0, Cable Facade - Dense Chlorophyte Coil
appliedenergistics2:facade:0, Cable Facade - Dense Mese Coil
appliedenergistics2:facade:0, Cable Facade - Particle Accelerator Analysis Chamber Wall
appliedenergistics2:facade:0, Cable Facade - Particle Accelerator Analysis Chamber Window
appliedenergistics2:facade:0, Cable Facade - Radiation Absorber
appliedenergistics2:facade:0, Cable Facade - Radiation Absorber (LEGACY)
appliedenergistics2:facade:0, Cable Facade - Enhanced Radiation Absorber (LEGACY)
appliedenergistics2:facade:0, Cable Facade - Advanced Radiation Absorber (LEGACY)
appliedenergistics2:facade:0, Cable Facade - Elite Radiation Absorber (LEGACY)
appliedenergistics2:facade:0, Cable Facade - Volcano Core
appliedenergistics2:facade:0, Cable Facade - Volcano Core
appliedenergistics2:facade:0, Cable Facade - Volcano Core
appliedenergistics2:facade:0, Cable Facade - Volcano Core
appliedenergistics2:facade:0, Cable Facade - Taint
appliedenergistics2:facade:0, Cable Facade - Cloud Residue
appliedenergistics2:facade:0, Cable Facade - Sulfurous Stone
appliedenergistics2:facade:0, Cable Facade - Ancient Scrap Metal
appliedenergistics2:facade:0, Cable Facade - Dirt
appliedenergistics2:facade:0, Cable Facade - Pink Log
appliedenergistics2:facade:0, Cable Facade - Pink Wood Planks
appliedenergistics2:facade:0, Cable Facade - Moon Rock
appliedenergistics2:facade:0, Cable Facade - Fleshy Mass
appliedenergistics2:facade:0, Cable Facade - Duna Sand
appliedenergistics2:facade:0, Cable Facade - Duna Cobblestone
appliedenergistics2:facade:0, Cable Facade - Duna Rock
appliedenergistics2:facade:0, Cable Facade - Dry Ice
appliedenergistics2:facade:0, Cable Facade - Ferric Clay
appliedenergistics2:facade:0, Cable Facade - Eve Silt
appliedenergistics2:facade:0, Cable Facade - Eve Rock
appliedenergistics2:facade:0, Cable Facade - Laythe Silt
appliedenergistics2:facade:0, Cable Facade - Ike Regolith
appliedenergistics2:facade:0, Cable Facade - Ike Stone
appliedenergistics2:facade:0, Cable Facade - Dres Rock
appliedenergistics2:facade:0, Cable Facade - Moho Regolith
appliedenergistics2:facade:0, Cable Facade - Moho Stone
appliedenergistics2:facade:0, Cable Facade - Minmus Regolith
appliedenergistics2:facade:0, Cable Facade - Minmus Stone
appliedenergistics2:facade:0, Cable Facade - Smooth Minmus Rock
appliedenergistics2:facade:0, Cable Facade - Block of Nickel
appliedenergistics2:facade:0, Cable Facade - Block of Osmiridium
appliedenergistics2:facade:0, Cable Facade - Stainless Steel Deco Block
appliedenergistics2:facade:0, Cable Facade - Conglomerate
appliedenergistics2:facade:0, Cable Facade - Hardened Vinyl Log
appliedenergistics2:facade:0, Cable Facade - PVC Log
appliedenergistics2:facade:0, Cable Facade - Vinyl Planks
appliedenergistics2:facade:0, Cable Facade - PVC Planks
appliedenergistics2:facade:0, Cable Facade - Latticed Log
appliedenergistics2:facade:0, Cable Facade - Balefire Log
appliedenergistics2:facade:0, Cable Facade - Primed Log
appliedenergistics2:facade:0, Cable Facade - Anti-Mass Log
appliedenergistics2:facade:0, Cable Facade - Tekto Silt
appliedenergistics2:facade:0, Cable Facade - Certus Quartz Ore
appliedenergistics2:facade:0, Cable Facade - Charged Certus Quartz Ore
appliedenergistics2:facade:0, Cable Facade - Certus Quartz Block
appliedenergistics2:facade:0, Cable Facade - Certus Quartz Pillar
appliedenergistics2:facade:0, Cable Facade - Chiseled Certus Quartz Block
appliedenergistics2:facade:0, Cable Facade - Quartz Glass
appliedenergistics2:facade:0, Cable Facade - Vibrant Quartz Glass
appliedenergistics2:facade:0, Cable Facade - Fluix Block
appliedenergistics2:facade:0, Cable Facade - Sky Stone
appliedenergistics2:facade:0, Cable Facade - Sky Stone Block
appliedenergistics2:facade:0, Cable Facade - Sky Stone Brick
appliedenergistics2:facade:0, Cable Facade - Sky Stone Small Brick
appliedenergistics2:facade:0, Cable Facade - Dense Construction Block
appliedenergistics2:facade:0, Cable Facade - Block of Aluminum
appliedenergistics2:facade:0, Cable Facade - Block of Aluminum
appliedenergistics2:facade:0, Cable Facade - Block of Aluminum
appliedenergistics2:facade:0, Cable Facade - Block of Aluminum
appliedenergistics2:facade:0, Cable Facade - Block of Aluminum
appliedenergistics2:facade:0, Cable Facade - Block of Aluminum
appliedenergistics2:facade:0, Cable Facade - Block of Aluminum
appliedenergistics2:facade:0, Cable Facade - Andesite
appliedenergistics2:facade:0, Cable Facade - Andesite
appliedenergistics2:facade:0, Cable Facade - Andesite
appliedenergistics2:facade:0, Cable Facade - Andesite
appliedenergistics2:facade:0, Cable Facade - Andesite
appliedenergistics2:facade:0, Cable Facade - Andesite
appliedenergistics2:facade:0, Cable Facade - Andesite
appliedenergistics2:facade:0, Cable Facade - Andesite
appliedenergistics2:facade:0, Cable Facade - Andesite
appliedenergistics2:facade:0, Cable Facade - Andesite
appliedenergistics2:facade:0, Cable Facade - Andesite
appliedenergistics2:facade:0, Cable Facade - Andesite
appliedenergistics2:facade:0, Cable Facade - Andesite
appliedenergistics2:facade:0, Cable Facade - Andesite
appliedenergistics2:facade:0, Cable Facade - Andesite
appliedenergistics2:facade:0, Cable Facade - Andesite
appliedenergistics2:facade:0, Cable Facade - Andesite
appliedenergistics2:facade:0, Cable Facade - Andesite
appliedenergistics2:facade:0, Cable Facade - Andesite
appliedenergistics2:facade:0, Cable Facade - Andesite
appliedenergistics2:facade:0, Cable Facade - Andesite
appliedenergistics2:facade:0, Cable Facade - Andesite
appliedenergistics2:facade:0, Cable Facade - Andesite
appliedenergistics2:facade:0, Cable Facade - Andesite
appliedenergistics2:facade:0, Cable Facade - Andesite
appliedenergistics2:facade:0, Cable Facade - Andesite
appliedenergistics2:facade:0, Cable Facade - Andesite
appliedenergistics2:facade:0, Cable Facade - Andesite
appliedenergistics2:facade:0, Cable Facade - Andesite
appliedenergistics2:facade:0, Cable Facade - Andesite
appliedenergistics2:facade:0, Cable Facade - Andesite
appliedenergistics2:facade:0, Cable Facade - Andesite
appliedenergistics2:facade:0, Cable Facade - Andesite
appliedenergistics2:facade:0, Cable Facade - Antiblock
appliedenergistics2:facade:0, Cable Facade - Antiblock
appliedenergistics2:facade:0, Cable Facade - Antiblock
appliedenergistics2:facade:0, Cable Facade - Antiblock
appliedenergistics2:facade:0, Cable Facade - Antiblock
appliedenergistics2:facade:0, Cable Facade - Antiblock
appliedenergistics2:facade:0, Cable Facade - Antiblock
appliedenergistics2:facade:0, Cable Facade - Antiblock
appliedenergistics2:facade:0, Cable Facade - Antiblock
appliedenergistics2:facade:0, Cable Facade - Antiblock
appliedenergistics2:facade:0, Cable Facade - Antiblock
appliedenergistics2:facade:0, Cable Facade - Antiblock
appliedenergistics2:facade:0, Cable Facade - Antiblock
appliedenergistics2:facade:0, Cable Facade - Antiblock
appliedenergistics2:facade:0, Cable Facade - Antiblock
appliedenergistics2:facade:0, Cable Facade - Antiblock
appliedenergistics2:facade:0, Cable Facade - Basalt
appliedenergistics2:facade:0, Cable Facade - Basalt
appliedenergistics2:facade:0, Cable Facade - Basalt
appliedenergistics2:facade:0, Cable Facade - Basalt
appliedenergistics2:facade:0, Cable Facade - Basalt
appliedenergistics2:facade:0, Cable Facade - Basalt
appliedenergistics2:facade:0, Cable Facade - Basalt
appliedenergistics2:facade:0, Cable Facade - Basalt
appliedenergistics2:facade:0, Cable Facade - Basalt
appliedenergistics2:facade:0, Cable Facade - Basalt
appliedenergistics2:facade:0, Cable Facade - Basalt
appliedenergistics2:facade:0, Cable Facade - Basalt
appliedenergistics2:facade:0, Cable Facade - Basalt
appliedenergistics2:facade:0, Cable Facade - Basalt
appliedenergistics2:facade:0, Cable Facade - Basalt
appliedenergistics2:facade:0, Cable Facade - Basalt
appliedenergistics2:facade:0, Cable Facade - Basalt
appliedenergistics2:facade:0, Cable Facade - Basalt
appliedenergistics2:facade:0, Cable Facade - Basalt
appliedenergistics2:facade:0, Cable Facade - Basalt
appliedenergistics2:facade:0, Cable Facade - Basalt
appliedenergistics2:facade:0, Cable Facade - Basalt
appliedenergistics2:facade:0, Cable Facade - Basalt
appliedenergistics2:facade:0, Cable Facade - Basalt
appliedenergistics2:facade:0, Cable Facade - Basalt
appliedenergistics2:facade:0, Cable Facade - Basalt
appliedenergistics2:facade:0, Cable Facade - Basalt
appliedenergistics2:facade:0, Cable Facade - Basalt
appliedenergistics2:facade:0, Cable Facade - Basalt
appliedenergistics2:facade:0, Cable Facade - Basalt
appliedenergistics2:facade:0, Cable Facade - Basalt
appliedenergistics2:facade:0, Cable Facade - Basalt
appliedenergistics2:facade:0, Cable Facade - Basalt
appliedenergistics2:facade:0, Cable Facade - Basalt
appliedenergistics2:facade:0, Cable Facade - Oak Bookshelf
appliedenergistics2:facade:0, Cable Facade - Oak Bookshelf
appliedenergistics2:facade:0, Cable Facade - Oak Bookshelf
appliedenergistics2:facade:0, Cable Facade - Oak Bookshelf
appliedenergistics2:facade:0, Cable Facade - Oak Bookshelf
appliedenergistics2:facade:0, Cable Facade - Oak Bookshelf
appliedenergistics2:facade:0, Cable Facade - Oak Bookshelf
appliedenergistics2:facade:0, Cable Facade - Oak Bookshelf
appliedenergistics2:facade:0, Cable Facade - Oak Bookshelf
appliedenergistics2:facade:0, Cable Facade - Oak Bookshelf
appliedenergistics2:facade:0, Cable Facade - Spruce Bookshelf
appliedenergistics2:facade:0, Cable Facade - Spruce Bookshelf
appliedenergistics2:facade:0, Cable Facade - Spruce Bookshelf
appliedenergistics2:facade:0, Cable Facade - Spruce Bookshelf
appliedenergistics2:facade:0, Cable Facade - Spruce Bookshelf
appliedenergistics2:facade:0, Cable Facade - Spruce Bookshelf
appliedenergistics2:facade:0, Cable Facade - Spruce Bookshelf
appliedenergistics2:facade:0, Cable Facade - Spruce Bookshelf
appliedenergistics2:facade:0, Cable Facade - Spruce Bookshelf
appliedenergistics2:facade:0, Cable Facade - Spruce Bookshelf
appliedenergistics2:facade:0, Cable Facade - Birch Bookshelf
appliedenergistics2:facade:0, Cable Facade - Birch Bookshelf
appliedenergistics2:facade:0, Cable Facade - Birch Bookshelf
appliedenergistics2:facade:0, Cable Facade - Birch Bookshelf
appliedenergistics2:facade:0, Cable Facade - Birch Bookshelf
appliedenergistics2:facade:0, Cable Facade - Birch Bookshelf
appliedenergistics2:facade:0, Cable Facade - Birch Bookshelf
appliedenergistics2:facade:0, Cable Facade - Birch Bookshelf
appliedenergistics2:facade:0, Cable Facade - Birch Bookshelf
appliedenergistics2:facade:0, Cable Facade - Birch Bookshelf
appliedenergistics2:facade:0, Cable Facade - Jungle Bookshelf
appliedenergistics2:facade:0, Cable Facade - Jungle Bookshelf
appliedenergistics2:facade:0, Cable Facade - Jungle Bookshelf
appliedenergistics2:facade:0, Cable Facade - Jungle Bookshelf
appliedenergistics2:facade:0, Cable Facade - Jungle Bookshelf
appliedenergistics2:facade:0, Cable Facade - Jungle Bookshelf
appliedenergistics2:facade:0, Cable Facade - Jungle Bookshelf
appliedenergistics2:facade:0, Cable Facade - Jungle Bookshelf
appliedenergistics2:facade:0, Cable Facade - Jungle Bookshelf
appliedenergistics2:facade:0, Cable Facade - Jungle Bookshelf
appliedenergistics2:facade:0, Cable Facade - Acacia Bookshelf
appliedenergistics2:facade:0, Cable Facade - Acacia Bookshelf
appliedenergistics2:facade:0, Cable Facade - Acacia Bookshelf
appliedenergistics2:facade:0, Cable Facade - Acacia Bookshelf
appliedenergistics2:facade:0, Cable Facade - Acacia Bookshelf
appliedenergistics2:facade:0, Cable Facade - Acacia Bookshelf
appliedenergistics2:facade:0, Cable Facade - Acacia Bookshelf
appliedenergistics2:facade:0, Cable Facade - Acacia Bookshelf
appliedenergistics2:facade:0, Cable Facade - Acacia Bookshelf
appliedenergistics2:facade:0, Cable Facade - Acacia Bookshelf
appliedenergistics2:facade:0, Cable Facade - Dark Oak Bookshelf
appliedenergistics2:facade:0, Cable Facade - Dark Oak Bookshelf
appliedenergistics2:facade:0, Cable Facade - Dark Oak Bookshelf
appliedenergistics2:facade:0, Cable Facade - Dark Oak Bookshelf
appliedenergistics2:facade:0, Cable Facade - Dark Oak Bookshelf
appliedenergistics2:facade:0, Cable Facade - Dark Oak Bookshelf
appliedenergistics2:facade:0, Cable Facade - Dark Oak Bookshelf
appliedenergistics2:facade:0, Cable Facade - Dark Oak Bookshelf
appliedenergistics2:facade:0, Cable Facade - Dark Oak Bookshelf
appliedenergistics2:facade:0, Cable Facade - Dark Oak Bookshelf
appliedenergistics2:facade:0, Cable Facade - Bricks
appliedenergistics2:facade:0, Cable Facade - Bricks
appliedenergistics2:facade:0, Cable Facade - Bricks
appliedenergistics2:facade:0, Cable Facade - Bricks
appliedenergistics2:facade:0, Cable Facade - Bricks
appliedenergistics2:facade:0, Cable Facade - Bricks
appliedenergistics2:facade:0, Cable Facade - Bricks
appliedenergistics2:facade:0, Cable Facade - Bricks
appliedenergistics2:facade:0, Cable Facade - Bricks
appliedenergistics2:facade:0, Cable Facade - Bricks
appliedenergistics2:facade:0, Cable Facade - Bricks
appliedenergistics2:facade:0, Cable Facade - Bricks
appliedenergistics2:facade:0, Cable Facade - Bricks
appliedenergistics2:facade:0, Cable Facade - Bricks
appliedenergistics2:facade:0, Cable Facade - Bricks
appliedenergistics2:facade:0, Cable Facade - Bricks
appliedenergistics2:facade:0, Cable Facade - Bricks
appliedenergistics2:facade:0, Cable Facade - Bricks
appliedenergistics2:facade:0, Cable Facade - Bricks
appliedenergistics2:facade:0, Cable Facade - Bricks
appliedenergistics2:facade:0, Cable Facade - Bricks
appliedenergistics2:facade:0, Cable Facade - Bricks
appliedenergistics2:facade:0, Cable Facade - Bricks
appliedenergistics2:facade:0, Cable Facade - Bricks
appliedenergistics2:facade:0, Cable Facade - Bricks
appliedenergistics2:facade:0, Cable Facade - Bricks
appliedenergistics2:facade:0, Cable Facade - Bricks
appliedenergistics2:facade:0, Cable Facade - Bricks
appliedenergistics2:facade:0, Cable Facade - Bricks
appliedenergistics2:facade:0, Cable Facade - Bricks
appliedenergistics2:facade:0, Cable Facade - Bricks
appliedenergistics2:facade:0, Cable Facade - Bricks
appliedenergistics2:facade:0, Cable Facade - Block of Bronze
appliedenergistics2:facade:0, Cable Facade - Block of Bronze
appliedenergistics2:facade:0, Cable Facade - Block of Bronze
appliedenergistics2:facade:0, Cable Facade - Block of Bronze
appliedenergistics2:facade:0, Cable Facade - Block of Bronze
appliedenergistics2:facade:0, Cable Facade - Block of Bronze
appliedenergistics2:facade:0, Cable Facade - Block of Bronze
appliedenergistics2:facade:0, Cable Facade - Brownstone
appliedenergistics2:facade:0, Cable Facade - Brownstone
appliedenergistics2:facade:0, Cable Facade - Brownstone
appliedenergistics2:facade:0, Cable Facade - Brownstone
appliedenergistics2:facade:0, Cable Facade - Brownstone
appliedenergistics2:facade:0, Cable Facade - Brownstone
appliedenergistics2:facade:0, Cable Facade - Brownstone
appliedenergistics2:facade:0, Cable Facade - Brownstone
appliedenergistics2:facade:0, Cable Facade - Brownstone
appliedenergistics2:facade:0, Cable Facade - Brownstone
appliedenergistics2:facade:0, Cable Facade - Block of Certus Quartz
appliedenergistics2:facade:0, Cable Facade - Block of Certus Quartz
appliedenergistics2:facade:0, Cable Facade - Block of Certus Quartz
appliedenergistics2:facade:0, Cable Facade - Block of Certus Quartz
appliedenergistics2:facade:0, Cable Facade - Block of Certus Quartz
appliedenergistics2:facade:0, Cable Facade - Block of Certus Quartz
appliedenergistics2:facade:0, Cable Facade - Block of Certus Quartz
appliedenergistics2:facade:0, Cable Facade - Block of Certus Quartz
appliedenergistics2:facade:0, Cable Facade - Block of Certus Quartz
appliedenergistics2:facade:0, Cable Facade - Block of Certus Quartz
appliedenergistics2:facade:0, Cable Facade - Block of Certus Quartz
appliedenergistics2:facade:0, Cable Facade - Block of Certus Quartz
appliedenergistics2:facade:0, Cable Facade - Block of Certus Quartz
appliedenergistics2:facade:0, Cable Facade - Block of Certus Quartz
appliedenergistics2:facade:0, Cable Facade - Block of Certus Quartz
appliedenergistics2:facade:0, Cable Facade - Block of Certus Quartz
appliedenergistics2:facade:0, Cable Facade - Block of Certus Quartz
appliedenergistics2:facade:0, Cable Facade - Block of Certus Quartz
appliedenergistics2:facade:0, Cable Facade - Block of Certus Quartz
appliedenergistics2:facade:0, Cable Facade - Block of Certus Quartz
appliedenergistics2:facade:0, Cable Facade - Block of Certus Quartz
appliedenergistics2:facade:0, Cable Facade - Block of Certus Quartz
appliedenergistics2:facade:0, Cable Facade - Block of Certus Quartz
appliedenergistics2:facade:0, Cable Facade - Block of Certus Quartz
appliedenergistics2:facade:0, Cable Facade - Block of Certus Quartz
appliedenergistics2:facade:0, Cable Facade - Block of Certus Quartz
appliedenergistics2:facade:0, Cable Facade - Block of Certus Quartz
appliedenergistics2:facade:0, Cable Facade - Block of Certus Quartz
appliedenergistics2:facade:0, Cable Facade - Block of Certus Quartz
appliedenergistics2:facade:0, Cable Facade - Block of Certus Quartz
appliedenergistics2:facade:0, Cable Facade - Block of Certus Quartz
appliedenergistics2:facade:0, Cable Facade - Block of Certus Quartz
appliedenergistics2:facade:0, Cable Facade - Block of Certus Quartz
appliedenergistics2:facade:0, Cable Facade - Block of Certus Quartz
appliedenergistics2:facade:0, Cable Facade - Block of Charcoal
appliedenergistics2:facade:0, Cable Facade - Block of Charcoal
appliedenergistics2:facade:0, Cable Facade - Block of Charcoal
appliedenergistics2:facade:0, Cable Facade - Block of Charcoal
appliedenergistics2:facade:0, Cable Facade - Block of Charcoal
appliedenergistics2:facade:0, Cable Facade - Block of Charcoal
appliedenergistics2:facade:0, Cable Facade - Block of Charcoal
appliedenergistics2:facade:0, Cable Facade - Block of Charcoal
appliedenergistics2:facade:0, Cable Facade - Block of Charcoal
appliedenergistics2:facade:0, Cable Facade - Block of Charcoal
appliedenergistics2:facade:0, Cable Facade - Block of Charcoal
appliedenergistics2:facade:0, Cable Facade - Block of Charcoal
appliedenergistics2:facade:0, Cable Facade - Block of Charcoal
appliedenergistics2:facade:0, Cable Facade - Block of Charcoal
appliedenergistics2:facade:0, Cable Facade - Block of Charcoal
appliedenergistics2:facade:0, Cable Facade - Block of Charcoal
appliedenergistics2:facade:0, Cable Facade - Block of Charcoal
appliedenergistics2:facade:0, Cable Facade - Block of Charcoal
appliedenergistics2:facade:0, Cable Facade - Block of Charcoal
appliedenergistics2:facade:0, Cable Facade - Block of Charcoal
appliedenergistics2:facade:0, Cable Facade - Block of Charcoal
appliedenergistics2:facade:0, Cable Facade - Block of Charcoal
appliedenergistics2:facade:0, Cable Facade - Block of Charcoal
appliedenergistics2:facade:0, Cable Facade - Block of Charcoal
appliedenergistics2:facade:0, Cable Facade - Block of Charcoal
appliedenergistics2:facade:0, Cable Facade - Block of Charcoal
appliedenergistics2:facade:0, Cable Facade - Block of Charcoal
appliedenergistics2:facade:0, Cable Facade - Block of Charcoal
appliedenergistics2:facade:0, Cable Facade - Block of Charcoal
appliedenergistics2:facade:0, Cable Facade - Block of Charcoal
appliedenergistics2:facade:0, Cable Facade - Block of Charcoal
appliedenergistics2:facade:0, Cable Facade - Block of Charcoal
appliedenergistics2:facade:0, Cable Facade - Block of Charcoal
appliedenergistics2:facade:0, Cable Facade - Block of Charcoal
appliedenergistics2:facade:0, Cable Facade - Block of Cobalt
appliedenergistics2:facade:0, Cable Facade - Block of Cobalt
appliedenergistics2:facade:0, Cable Facade - Block of Cobalt
appliedenergistics2:facade:0, Cable Facade - Block of Cobalt
appliedenergistics2:facade:0, Cable Facade - Block of Cobalt
appliedenergistics2:facade:0, Cable Facade - Block of Cobalt
appliedenergistics2:facade:0, Cable Facade - Block of Cobalt
appliedenergistics2:facade:0, Cable Facade - Cobblestone
appliedenergistics2:facade:0, Cable Facade - Cobblestone
appliedenergistics2:facade:0, Cable Facade - Cobblestone
appliedenergistics2:facade:0, Cable Facade - Cobblestone
appliedenergistics2:facade:0, Cable Facade - Cobblestone
appliedenergistics2:facade:0, Cable Facade - Cobblestone
appliedenergistics2:facade:0, Cable Facade - Cobblestone
appliedenergistics2:facade:0, Cable Facade - Cobblestone
appliedenergistics2:facade:0, Cable Facade - Cobblestone
appliedenergistics2:facade:0, Cable Facade - Cobblestone
appliedenergistics2:facade:0, Cable Facade - Cobblestone
appliedenergistics2:facade:0, Cable Facade - Cobblestone
appliedenergistics2:facade:0, Cable Facade - Cobblestone
appliedenergistics2:facade:0, Cable Facade - Cobblestone
appliedenergistics2:facade:0, Cable Facade - Cobblestone
appliedenergistics2:facade:0, Cable Facade - Cobblestone
appliedenergistics2:facade:0, Cable Facade - Cobblestone
appliedenergistics2:facade:0, Cable Facade - Cobblestone
appliedenergistics2:facade:0, Cable Facade - Cobblestone
appliedenergistics2:facade:0, Cable Facade - Cobblestone
appliedenergistics2:facade:0, Cable Facade - Cobblestone
appliedenergistics2:facade:0, Cable Facade - Cobblestone
appliedenergistics2:facade:0, Cable Facade - Cobblestone
appliedenergistics2:facade:0, Cable Facade - Cobblestone
appliedenergistics2:facade:0, Cable Facade - Cobblestone
appliedenergistics2:facade:0, Cable Facade - Cobblestone
appliedenergistics2:facade:0, Cable Facade - Cobblestone
appliedenergistics2:facade:0, Cable Facade - Cobblestone
appliedenergistics2:facade:0, Cable Facade - Cobblestone
appliedenergistics2:facade:0, Cable Facade - Cobblestone
appliedenergistics2:facade:0, Cable Facade - Cobblestone
appliedenergistics2:facade:0, Cable Facade - Cobblestone
appliedenergistics2:facade:0, Cable Facade - Cobblestone
appliedenergistics2:facade:0, Cable Facade - Cobblestone
appliedenergistics2:facade:0, Cable Facade - Cobblestone
appliedenergistics2:facade:0, Cable Facade - Cobblestone
appliedenergistics2:facade:0, Cable Facade - Block of Coal
appliedenergistics2:facade:0, Cable Facade - Block of Coal
appliedenergistics2:facade:0, Cable Facade - Block of Coal
appliedenergistics2:facade:0, Cable Facade - Block of Coal
appliedenergistics2:facade:0, Cable Facade - Block of Coal
appliedenergistics2:facade:0, Cable Facade - Block of Coal
appliedenergistics2:facade:0, Cable Facade - Block of Coal
appliedenergistics2:facade:0, Cable Facade - Block of Coal
appliedenergistics2:facade:0, Cable Facade - Block of Coal
appliedenergistics2:facade:0, Cable Facade - Block of Coal
appliedenergistics2:facade:0, Cable Facade - Block of Coal
appliedenergistics2:facade:0, Cable Facade - Block of Coal
appliedenergistics2:facade:0, Cable Facade - Block of Coal
appliedenergistics2:facade:0, Cable Facade - Block of Coal
appliedenergistics2:facade:0, Cable Facade - Block of Coal
appliedenergistics2:facade:0, Cable Facade - Block of Coal
appliedenergistics2:facade:0, Cable Facade - Block of Coal
appliedenergistics2:facade:0, Cable Facade - Block of Coal
appliedenergistics2:facade:0, Cable Facade - Block of Coal
appliedenergistics2:facade:0, Cable Facade - Block of Coal
appliedenergistics2:facade:0, Cable Facade - Block of Coal
appliedenergistics2:facade:0, Cable Facade - Block of Coal
appliedenergistics2:facade:0, Cable Facade - Block of Coal
appliedenergistics2:facade:0, Cable Facade - Block of Coal
appliedenergistics2:facade:0, Cable Facade - Block of Coal
appliedenergistics2:facade:0, Cable Facade - Block of Coal
appliedenergistics2:facade:0, Cable Facade - Block of Coal
appliedenergistics2:facade:0, Cable Facade - Block of Coal
appliedenergistics2:facade:0, Cable Facade - Block of Coal
appliedenergistics2:facade:0, Cable Facade - Block of Coal
appliedenergistics2:facade:0, Cable Facade - Block of Coal
appliedenergistics2:facade:0, Cable Facade - Block of Coal
appliedenergistics2:facade:0, Cable Facade - Block of Coal
appliedenergistics2:facade:0, Cable Facade - Block of Coal
appliedenergistics2:facade:0, Cable Facade - Block of Coal Coke
appliedenergistics2:facade:0, Cable Facade - Block of Coal Coke
appliedenergistics2:facade:0, Cable Facade - Block of Coal Coke
appliedenergistics2:facade:0, Cable Facade - Block of Coal Coke
appliedenergistics2:facade:0, Cable Facade - Block of Coal Coke
appliedenergistics2:facade:0, Cable Facade - Block of Coal Coke
appliedenergistics2:facade:0, Cable Facade - Block of Coal Coke
appliedenergistics2:facade:0, Cable Facade - Block of Coal Coke
appliedenergistics2:facade:0, Cable Facade - Block of Coal Coke
appliedenergistics2:facade:0, Cable Facade - Block of Coal Coke
appliedenergistics2:facade:0, Cable Facade - Block of Coal Coke
appliedenergistics2:facade:0, Cable Facade - Block of Coal Coke
appliedenergistics2:facade:0, Cable Facade - Block of Coal Coke
appliedenergistics2:facade:0, Cable Facade - Block of Coal Coke
appliedenergistics2:facade:0, Cable Facade - Block of Coal Coke
appliedenergistics2:facade:0, Cable Facade - Block of Coal Coke
appliedenergistics2:facade:0, Cable Facade - Block of Coal Coke
appliedenergistics2:facade:0, Cable Facade - Block of Coal Coke
appliedenergistics2:facade:0, Cable Facade - Block of Coal Coke
appliedenergistics2:facade:0, Cable Facade - Block of Coal Coke
appliedenergistics2:facade:0, Cable Facade - Block of Coal Coke
appliedenergistics2:facade:0, Cable Facade - Block of Coal Coke
appliedenergistics2:facade:0, Cable Facade - Block of Coal Coke
appliedenergistics2:facade:0, Cable Facade - Block of Coal Coke
appliedenergistics2:facade:0, Cable Facade - Block of Coal Coke
appliedenergistics2:facade:0, Cable Facade - Block of Coal Coke
appliedenergistics2:facade:0, Cable Facade - Block of Coal Coke
appliedenergistics2:facade:0, Cable Facade - Block of Coal Coke
appliedenergistics2:facade:0, Cable Facade - Block of Coal Coke
appliedenergistics2:facade:0, Cable Facade - Block of Coal Coke
appliedenergistics2:facade:0, Cable Facade - Block of Coal Coke
appliedenergistics2:facade:0, Cable Facade - Block of Coal Coke
appliedenergistics2:facade:0, Cable Facade - Block of Coal Coke
appliedenergistics2:facade:0, Cable Facade - Block of Coal Coke
appliedenergistics2:facade:0, Cable Facade - Moss Stone
appliedenergistics2:facade:0, Cable Facade - Moss Stone
appliedenergistics2:facade:0, Cable Facade - Moss Stone
appliedenergistics2:facade:0, Cable Facade - Moss Stone
appliedenergistics2:facade:0, Cable Facade - Moss Stone
appliedenergistics2:facade:0, Cable Facade - Moss Stone
appliedenergistics2:facade:0, Cable Facade - Moss Stone
appliedenergistics2:facade:0, Cable Facade - Moss Stone
appliedenergistics2:facade:0, Cable Facade - Moss Stone
appliedenergistics2:facade:0, Cable Facade - Moss Stone
appliedenergistics2:facade:0, Cable Facade - Moss Stone
appliedenergistics2:facade:0, Cable Facade - Moss Stone
appliedenergistics2:facade:0, Cable Facade - Moss Stone
appliedenergistics2:facade:0, Cable Facade - Moss Stone
appliedenergistics2:facade:0, Cable Facade - Moss Stone
appliedenergistics2:facade:0, Cable Facade - Moss Stone
appliedenergistics2:facade:0, Cable Facade - Moss Stone
appliedenergistics2:facade:0, Cable Facade - Moss Stone
appliedenergistics2:facade:0, Cable Facade - Moss Stone
appliedenergistics2:facade:0, Cable Facade - Moss Stone
appliedenergistics2:facade:0, Cable Facade - Moss Stone
appliedenergistics2:facade:0, Cable Facade - Moss Stone
appliedenergistics2:facade:0, Cable Facade - Moss Stone
appliedenergistics2:facade:0, Cable Facade - Moss Stone
appliedenergistics2:facade:0, Cable Facade - Moss Stone
appliedenergistics2:facade:0, Cable Facade - Moss Stone
appliedenergistics2:facade:0, Cable Facade - Moss Stone
appliedenergistics2:facade:0, Cable Facade - Moss Stone
appliedenergistics2:facade:0, Cable Facade - Moss Stone
appliedenergistics2:facade:0, Cable Facade - Moss Stone
appliedenergistics2:facade:0, Cable Facade - Moss Stone
appliedenergistics2:facade:0, Cable Facade - Moss Stone
appliedenergistics2:facade:0, Cable Facade - Moss Stone
appliedenergistics2:facade:0, Cable Facade - Black Concrete
appliedenergistics2:facade:0, Cable Facade - Black Concrete
appliedenergistics2:facade:0, Cable Facade - Black Concrete
appliedenergistics2:facade:0, Cable Facade - Black Concrete
appliedenergistics2:facade:0, Cable Facade - Black Concrete
appliedenergistics2:facade:0, Cable Facade - Black Concrete
appliedenergistics2:facade:0, Cable Facade - Black Concrete
appliedenergistics2:facade:0, Cable Facade - Black Concrete
appliedenergistics2:facade:0, Cable Facade - Black Concrete
appliedenergistics2:facade:0, Cable Facade - Black Concrete
appliedenergistics2:facade:0, Cable Facade - Black Concrete
appliedenergistics2:facade:0, Cable Facade - Black Concrete
appliedenergistics2:facade:0, Cable Facade - Black Concrete
appliedenergistics2:facade:0, Cable Facade - Black Concrete
appliedenergistics2:facade:0, Cable Facade - Black Concrete
appliedenergistics2:facade:0, Cable Facade - Black Concrete
appliedenergistics2:facade:0, Cable Facade - Black Concrete
appliedenergistics2:facade:0, Cable Facade - Black Concrete
appliedenergistics2:facade:0, Cable Facade - Black Concrete
appliedenergistics2:facade:0, Cable Facade - Black Concrete
appliedenergistics2:facade:0, Cable Facade - Black Concrete
appliedenergistics2:facade:0, Cable Facade - Black Concrete
appliedenergistics2:facade:0, Cable Facade - Black Concrete
appliedenergistics2:facade:0, Cable Facade - Black Concrete
appliedenergistics2:facade:0, Cable Facade - Black Concrete
appliedenergistics2:facade:0, Cable Facade - Black Concrete
appliedenergistics2:facade:0, Cable Facade - Black Concrete
appliedenergistics2:facade:0, Cable Facade - Black Concrete
appliedenergistics2:facade:0, Cable Facade - Black Concrete
appliedenergistics2:facade:0, Cable Facade - Black Concrete
appliedenergistics2:facade:0, Cable Facade - Black Concrete
appliedenergistics2:facade:0, Cable Facade - Black Concrete
appliedenergistics2:facade:0, Cable Facade - Black Concrete
appliedenergistics2:facade:0, Cable Facade - Red Concrete
appliedenergistics2:facade:0, Cable Facade - Red Concrete
appliedenergistics2:facade:0, Cable Facade - Red Concrete
appliedenergistics2:facade:0, Cable Facade - Red Concrete
appliedenergistics2:facade:0, Cable Facade - Red Concrete
appliedenergistics2:facade:0, Cable Facade - Red Concrete
appliedenergistics2:facade:0, Cable Facade - Red Concrete
appliedenergistics2:facade:0, Cable Facade - Red Concrete
appliedenergistics2:facade:0, Cable Facade - Red Concrete
appliedenergistics2:facade:0, Cable Facade - Red Concrete
appliedenergistics2:facade:0, Cable Facade - Red Concrete
appliedenergistics2:facade:0, Cable Facade - Red Concrete
appliedenergistics2:facade:0, Cable Facade - Red Concrete
appliedenergistics2:facade:0, Cable Facade - Red Concrete
appliedenergistics2:facade:0, Cable Facade - Red Concrete
appliedenergistics2:facade:0, Cable Facade - Red Concrete
appliedenergistics2:facade:0, Cable Facade - Red Concrete
appliedenergistics2:facade:0, Cable Facade - Red Concrete
appliedenergistics2:facade:0, Cable Facade - Red Concrete
appliedenergistics2:facade:0, Cable Facade - Red Concrete
appliedenergistics2:facade:0, Cable Facade - Red Concrete
appliedenergistics2:facade:0, Cable Facade - Red Concrete
appliedenergistics2:facade:0, Cable Facade - Red Concrete
appliedenergistics2:facade:0, Cable Facade - Red Concrete
appliedenergistics2:facade:0, Cable Facade - Red Concrete
appliedenergistics2:facade:0, Cable Facade - Red Concrete
appliedenergistics2:facade:0, Cable Facade - Red Concrete
appliedenergistics2:facade:0, Cable Facade - Red Concrete
appliedenergistics2:facade:0, Cable Facade - Red Concrete
appliedenergistics2:facade:0, Cable Facade - Red Concrete
appliedenergistics2:facade:0, Cable Facade - Red Concrete
appliedenergistics2:facade:0, Cable Facade - Red Concrete
appliedenergistics2:facade:0, Cable Facade - Red Concrete
appliedenergistics2:facade:0, Cable Facade - Green Concrete
appliedenergistics2:facade:0, Cable Facade - Green Concrete
appliedenergistics2:facade:0, Cable Facade - Green Concrete
appliedenergistics2:facade:0, Cable Facade - Green Concrete
appliedenergistics2:facade:0, Cable Facade - Green Concrete
appliedenergistics2:facade:0, Cable Facade - Green Concrete
appliedenergistics2:facade:0, Cable Facade - Green Concrete
appliedenergistics2:facade:0, Cable Facade - Green Concrete
appliedenergistics2:facade:0, Cable Facade - Green Concrete
appliedenergistics2:facade:0, Cable Facade - Green Concrete
appliedenergistics2:facade:0, Cable Facade - Green Concrete
appliedenergistics2:facade:0, Cable Facade - Green Concrete
appliedenergistics2:facade:0, Cable Facade - Green Concrete
appliedenergistics2:facade:0, Cable Facade - Green Concrete
appliedenergistics2:facade:0, Cable Facade - Green Concrete
appliedenergistics2:facade:0, Cable Facade - Green Concrete
appliedenergistics2:facade:0, Cable Facade - Green Concrete
appliedenergistics2:facade:0, Cable Facade - Green Concrete
appliedenergistics2:facade:0, Cable Facade - Green Concrete
appliedenergistics2:facade:0, Cable Facade - Green Concrete
appliedenergistics2:facade:0, Cable Facade - Green Concrete
appliedenergistics2:facade:0, Cable Facade - Green Concrete
appliedenergistics2:facade:0, Cable Facade - Green Concrete
appliedenergistics2:facade:0, Cable Facade - Green Concrete
appliedenergistics2:facade:0, Cable Facade - Green Concrete
appliedenergistics2:facade:0, Cable Facade - Green Concrete
appliedenergistics2:facade:0, Cable Facade - Green Concrete
appliedenergistics2:facade:0, Cable Facade - Green Concrete
appliedenergistics2:facade:0, Cable Facade - Green Concrete
appliedenergistics2:facade:0, Cable Facade - Green Concrete
appliedenergistics2:facade:0, Cable Facade - Green Concrete
appliedenergistics2:facade:0, Cable Facade - Green Concrete
appliedenergistics2:facade:0, Cable Facade - Green Concrete
appliedenergistics2:facade:0, Cable Facade - Brown Concrete
appliedenergistics2:facade:0, Cable Facade - Brown Concrete
appliedenergistics2:facade:0, Cable Facade - Brown Concrete
appliedenergistics2:facade:0, Cable Facade - Brown Concrete
appliedenergistics2:facade:0, Cable Facade - Brown Concrete
appliedenergistics2:facade:0, Cable Facade - Brown Concrete
appliedenergistics2:facade:0, Cable Facade - Brown Concrete
appliedenergistics2:facade:0, Cable Facade - Brown Concrete
appliedenergistics2:facade:0, Cable Facade - Brown Concrete
appliedenergistics2:facade:0, Cable Facade - Brown Concrete
appliedenergistics2:facade:0, Cable Facade - Brown Concrete
appliedenergistics2:facade:0, Cable Facade - Brown Concrete
appliedenergistics2:facade:0, Cable Facade - Brown Concrete
appliedenergistics2:facade:0, Cable Facade - Brown Concrete
appliedenergistics2:facade:0, Cable Facade - Brown Concrete
appliedenergistics2:facade:0, Cable Facade - Brown Concrete
appliedenergistics2:facade:0, Cable Facade - Brown Concrete
appliedenergistics2:facade:0, Cable Facade - Brown Concrete
appliedenergistics2:facade:0, Cable Facade - Brown Concrete
appliedenergistics2:facade:0, Cable Facade - Brown Concrete
appliedenergistics2:facade:0, Cable Facade - Brown Concrete
appliedenergistics2:facade:0, Cable Facade - Brown Concrete
appliedenergistics2:facade:0, Cable Facade - Brown Concrete
appliedenergistics2:facade:0, Cable Facade - Brown Concrete
appliedenergistics2:facade:0, Cable Facade - Brown Concrete
appliedenergistics2:facade:0, Cable Facade - Brown Concrete
appliedenergistics2:facade:0, Cable Facade - Brown Concrete
appliedenergistics2:facade:0, Cable Facade - Brown Concrete
appliedenergistics2:facade:0, Cable Facade - Brown Concrete
appliedenergistics2:facade:0, Cable Facade - Brown Concrete
appliedenergistics2:facade:0, Cable Facade - Brown Concrete
appliedenergistics2:facade:0, Cable Facade - Brown Concrete
appliedenergistics2:facade:0, Cable Facade - Brown Concrete
appliedenergistics2:facade:0, Cable Facade - Blue Concrete
appliedenergistics2:facade:0, Cable Facade - Blue Concrete
appliedenergistics2:facade:0, Cable Facade - Blue Concrete
appliedenergistics2:facade:0, Cable Facade - Blue Concrete
appliedenergistics2:facade:0, Cable Facade - Blue Concrete
appliedenergistics2:facade:0, Cable Facade - Blue Concrete
appliedenergistics2:facade:0, Cable Facade - Blue Concrete
appliedenergistics2:facade:0, Cable Facade - Blue Concrete
appliedenergistics2:facade:0, Cable Facade - Blue Concrete
appliedenergistics2:facade:0, Cable Facade - Blue Concrete
appliedenergistics2:facade:0, Cable Facade - Blue Concrete
appliedenergistics2:facade:0, Cable Facade - Blue Concrete
appliedenergistics2:facade:0, Cable Facade - Blue Concrete
appliedenergistics2:facade:0, Cable Facade - Blue Concrete
appliedenergistics2:facade:0, Cable Facade - Blue Concrete
appliedenergistics2:facade:0, Cable Facade - Blue Concrete
appliedenergistics2:facade:0, Cable Facade - Blue Concrete
appliedenergistics2:facade:0, Cable Facade - Blue Concrete
appliedenergistics2:facade:0, Cable Facade - Blue Concrete
appliedenergistics2:facade:0, Cable Facade - Blue Concrete
appliedenergistics2:facade:0, Cable Facade - Blue Concrete
appliedenergistics2:facade:0, Cable Facade - Blue Concrete
appliedenergistics2:facade:0, Cable Facade - Blue Concrete
appliedenergistics2:facade:0, Cable Facade - Blue Concrete
appliedenergistics2:facade:0, Cable Facade - Blue Concrete
appliedenergistics2:facade:0, Cable Facade - Blue Concrete
appliedenergistics2:facade:0, Cable Facade - Blue Concrete
appliedenergistics2:facade:0, Cable Facade - Blue Concrete
appliedenergistics2:facade:0, Cable Facade - Blue Concrete
appliedenergistics2:facade:0, Cable Facade - Blue Concrete
appliedenergistics2:facade:0, Cable Facade - Blue Concrete
appliedenergistics2:facade:0, Cable Facade - Blue Concrete
appliedenergistics2:facade:0, Cable Facade - Blue Concrete
appliedenergistics2:facade:0, Cable Facade - Purple Concrete
appliedenergistics2:facade:0, Cable Facade - Purple Concrete
appliedenergistics2:facade:0, Cable Facade - Purple Concrete
appliedenergistics2:facade:0, Cable Facade - Purple Concrete
appliedenergistics2:facade:0, Cable Facade - Purple Concrete
appliedenergistics2:facade:0, Cable Facade - Purple Concrete
appliedenergistics2:facade:0, Cable Facade - Purple Concrete
appliedenergistics2:facade:0, Cable Facade - Purple Concrete
appliedenergistics2:facade:0, Cable Facade - Purple Concrete
appliedenergistics2:facade:0, Cable Facade - Purple Concrete
appliedenergistics2:facade:0, Cable Facade - Purple Concrete
appliedenergistics2:facade:0, Cable Facade - Purple Concrete
appliedenergistics2:facade:0, Cable Facade - Purple Concrete
appliedenergistics2:facade:0, Cable Facade - Purple Concrete
appliedenergistics2:facade:0, Cable Facade - Purple Concrete
appliedenergistics2:facade:0, Cable Facade - Purple Concrete
appliedenergistics2:facade:0, Cable Facade - Purple Concrete
appliedenergistics2:facade:0, Cable Facade - Purple Concrete
appliedenergistics2:facade:0, Cable Facade - Purple Concrete
appliedenergistics2:facade:0, Cable Facade - Purple Concrete
appliedenergistics2:facade:0, Cable Facade - Purple Concrete
appliedenergistics2:facade:0, Cable Facade - Purple Concrete
appliedenergistics2:facade:0, Cable Facade - Purple Concrete
appliedenergistics2:facade:0, Cable Facade - Purple Concrete
appliedenergistics2:facade:0, Cable Facade - Purple Concrete
appliedenergistics2:facade:0, Cable Facade - Purple Concrete
appliedenergistics2:facade:0, Cable Facade - Purple Concrete
appliedenergistics2:facade:0, Cable Facade - Purple Concrete
appliedenergistics2:facade:0, Cable Facade - Purple Concrete
appliedenergistics2:facade:0, Cable Facade - Purple Concrete
appliedenergistics2:facade:0, Cable Facade - Purple Concrete
appliedenergistics2:facade:0, Cable Facade - Purple Concrete
appliedenergistics2:facade:0, Cable Facade - Purple Concrete
appliedenergistics2:facade:0, Cable Facade - Cyan Concrete
appliedenergistics2:facade:0, Cable Facade - Cyan Concrete
appliedenergistics2:facade:0, Cable Facade - Cyan Concrete
appliedenergistics2:facade:0, Cable Facade - Cyan Concrete
appliedenergistics2:facade:0, Cable Facade - Cyan Concrete
appliedenergistics2:facade:0, Cable Facade - Cyan Concrete
appliedenergistics2:facade:0, Cable Facade - Cyan Concrete
appliedenergistics2:facade:0, Cable Facade - Cyan Concrete
appliedenergistics2:facade:0, Cable Facade - Cyan Concrete
appliedenergistics2:facade:0, Cable Facade - Cyan Concrete
appliedenergistics2:facade:0, Cable Facade - Cyan Concrete
appliedenergistics2:facade:0, Cable Facade - Cyan Concrete
appliedenergistics2:facade:0, Cable Facade - Cyan Concrete
appliedenergistics2:facade:0, Cable Facade - Cyan Concrete
appliedenergistics2:facade:0, Cable Facade - Cyan Concrete
appliedenergistics2:facade:0, Cable Facade - Cyan Concrete
appliedenergistics2:facade:0, Cable Facade - Cyan Concrete
appliedenergistics2:facade:0, Cable Facade - Cyan Concrete
appliedenergistics2:facade:0, Cable Facade - Cyan Concrete
appliedenergistics2:facade:0, Cable Facade - Cyan Concrete
appliedenergistics2:facade:0, Cable Facade - Cyan Concrete
appliedenergistics2:facade:0, Cable Facade - Cyan Concrete
appliedenergistics2:facade:0, Cable Facade - Cyan Concrete
appliedenergistics2:facade:0, Cable Facade - Cyan Concrete
appliedenergistics2:facade:0, Cable Facade - Cyan Concrete
appliedenergistics2:facade:0, Cable Facade - Cyan Concrete
appliedenergistics2:facade:0, Cable Facade - Cyan Concrete
appliedenergistics2:facade:0, Cable Facade - Cyan Concrete
appliedenergistics2:facade:0, Cable Facade - Cyan Concrete
appliedenergistics2:facade:0, Cable Facade - Cyan Concrete
appliedenergistics2:facade:0, Cable Facade - Cyan Concrete
appliedenergistics2:facade:0, Cable Facade - Cyan Concrete
appliedenergistics2:facade:0, Cable Facade - Cyan Concrete
appliedenergistics2:facade:0, Cable Facade - Light Gray Concrete
appliedenergistics2:facade:0, Cable Facade - Light Gray Concrete
appliedenergistics2:facade:0, Cable Facade - Light Gray Concrete
appliedenergistics2:facade:0, Cable Facade - Light Gray Concrete
appliedenergistics2:facade:0, Cable Facade - Light Gray Concrete
appliedenergistics2:facade:0, Cable Facade - Light Gray Concrete
appliedenergistics2:facade:0, Cable Facade - Light Gray Concrete
appliedenergistics2:facade:0, Cable Facade - Light Gray Concrete
appliedenergistics2:facade:0, Cable Facade - Light Gray Concrete
appliedenergistics2:facade:0, Cable Facade - Light Gray Concrete
appliedenergistics2:facade:0, Cable Facade - Light Gray Concrete
appliedenergistics2:facade:0, Cable Facade - Light Gray Concrete
appliedenergistics2:facade:0, Cable Facade - Light Gray Concrete
appliedenergistics2:facade:0, Cable Facade - Light Gray Concrete
appliedenergistics2:facade:0, Cable Facade - Light Gray Concrete
appliedenergistics2:facade:0, Cable Facade - Light Gray Concrete
appliedenergistics2:facade:0, Cable Facade - Light Gray Concrete
appliedenergistics2:facade:0, Cable Facade - Light Gray Concrete
appliedenergistics2:facade:0, Cable Facade - Light Gray Concrete
appliedenergistics2:facade:0, Cable Facade - Light Gray Concrete
appliedenergistics2:facade:0, Cable Facade - Light Gray Concrete
appliedenergistics2:facade:0, Cable Facade - Light Gray Concrete
appliedenergistics2:facade:0, Cable Facade - Light Gray Concrete
appliedenergistics2:facade:0, Cable Facade - Light Gray Concrete
appliedenergistics2:facade:0, Cable Facade - Light Gray Concrete
appliedenergistics2:facade:0, Cable Facade - Light Gray Concrete
appliedenergistics2:facade:0, Cable Facade - Light Gray Concrete
appliedenergistics2:facade:0, Cable Facade - Light Gray Concrete
appliedenergistics2:facade:0, Cable Facade - Light Gray Concrete
appliedenergistics2:facade:0, Cable Facade - Light Gray Concrete
appliedenergistics2:facade:0, Cable Facade - Light Gray Concrete
appliedenergistics2:facade:0, Cable Facade - Light Gray Concrete
appliedenergistics2:facade:0, Cable Facade - Light Gray Concrete
appliedenergistics2:facade:0, Cable Facade - Gray Concrete
appliedenergistics2:facade:0, Cable Facade - Gray Concrete
appliedenergistics2:facade:0, Cable Facade - Gray Concrete
appliedenergistics2:facade:0, Cable Facade - Gray Concrete
appliedenergistics2:facade:0, Cable Facade - Gray Concrete
appliedenergistics2:facade:0, Cable Facade - Gray Concrete
appliedenergistics2:facade:0, Cable Facade - Gray Concrete
appliedenergistics2:facade:0, Cable Facade - Gray Concrete
appliedenergistics2:facade:0, Cable Facade - Gray Concrete
appliedenergistics2:facade:0, Cable Facade - Gray Concrete
appliedenergistics2:facade:0, Cable Facade - Gray Concrete
appliedenergistics2:facade:0, Cable Facade - Gray Concrete
appliedenergistics2:facade:0, Cable Facade - Gray Concrete
appliedenergistics2:facade:0, Cable Facade - Gray Concrete
appliedenergistics2:facade:0, Cable Facade - Gray Concrete
appliedenergistics2:facade:0, Cable Facade - Gray Concrete
appliedenergistics2:facade:0, Cable Facade - Gray Concrete
appliedenergistics2:facade:0, Cable Facade - Gray Concrete
appliedenergistics2:facade:0, Cable Facade - Gray Concrete
appliedenergistics2:facade:0, Cable Facade - Gray Concrete
appliedenergistics2:facade:0, Cable Facade - Gray Concrete
appliedenergistics2:facade:0, Cable Facade - Gray Concrete
appliedenergistics2:facade:0, Cable Facade - Gray Concrete
appliedenergistics2:facade:0, Cable Facade - Gray Concrete
appliedenergistics2:facade:0, Cable Facade - Gray Concrete
appliedenergistics2:facade:0, Cable Facade - Gray Concrete
appliedenergistics2:facade:0, Cable Facade - Gray Concrete
appliedenergistics2:facade:0, Cable Facade - Gray Concrete
appliedenergistics2:facade:0, Cable Facade - Gray Concrete
appliedenergistics2:facade:0, Cable Facade - Gray Concrete
appliedenergistics2:facade:0, Cable Facade - Gray Concrete
appliedenergistics2:facade:0, Cable Facade - Gray Concrete
appliedenergistics2:facade:0, Cable Facade - Gray Concrete
appliedenergistics2:facade:0, Cable Facade - Pink Concrete
appliedenergistics2:facade:0, Cable Facade - Pink Concrete
appliedenergistics2:facade:0, Cable Facade - Pink Concrete
appliedenergistics2:facade:0, Cable Facade - Pink Concrete
appliedenergistics2:facade:0, Cable Facade - Pink Concrete
appliedenergistics2:facade:0, Cable Facade - Pink Concrete
appliedenergistics2:facade:0, Cable Facade - Pink Concrete
appliedenergistics2:facade:0, Cable Facade - Pink Concrete
appliedenergistics2:facade:0, Cable Facade - Pink Concrete
appliedenergistics2:facade:0, Cable Facade - Pink Concrete
appliedenergistics2:facade:0, Cable Facade - Pink Concrete
appliedenergistics2:facade:0, Cable Facade - Pink Concrete
appliedenergistics2:facade:0, Cable Facade - Pink Concrete
appliedenergistics2:facade:0, Cable Facade - Pink Concrete
appliedenergistics2:facade:0, Cable Facade - Pink Concrete
appliedenergistics2:facade:0, Cable Facade - Pink Concrete
appliedenergistics2:facade:0, Cable Facade - Pink Concrete
appliedenergistics2:facade:0, Cable Facade - Pink Concrete
appliedenergistics2:facade:0, Cable Facade - Pink Concrete
appliedenergistics2:facade:0, Cable Facade - Pink Concrete
appliedenergistics2:facade:0, Cable Facade - Pink Concrete
appliedenergistics2:facade:0, Cable Facade - Pink Concrete
appliedenergistics2:facade:0, Cable Facade - Pink Concrete
appliedenergistics2:facade:0, Cable Facade - Pink Concrete
appliedenergistics2:facade:0, Cable Facade - Pink Concrete
appliedenergistics2:facade:0, Cable Facade - Pink Concrete
appliedenergistics2:facade:0, Cable Facade - Pink Concrete
appliedenergistics2:facade:0, Cable Facade - Pink Concrete
appliedenergistics2:facade:0, Cable Facade - Pink Concrete
appliedenergistics2:facade:0, Cable Facade - Pink Concrete
appliedenergistics2:facade:0, Cable Facade - Pink Concrete
appliedenergistics2:facade:0, Cable Facade - Pink Concrete
appliedenergistics2:facade:0, Cable Facade - Pink Concrete
appliedenergistics2:facade:0, Cable Facade - Lime Concrete
appliedenergistics2:facade:0, Cable Facade - Lime Concrete
appliedenergistics2:facade:0, Cable Facade - Lime Concrete
appliedenergistics2:facade:0, Cable Facade - Lime Concrete
appliedenergistics2:facade:0, Cable Facade - Lime Concrete
appliedenergistics2:facade:0, Cable Facade - Lime Concrete
appliedenergistics2:facade:0, Cable Facade - Lime Concrete
appliedenergistics2:facade:0, Cable Facade - Lime Concrete
appliedenergistics2:facade:0, Cable Facade - Lime Concrete
appliedenergistics2:facade:0, Cable Facade - Lime Concrete
appliedenergistics2:facade:0, Cable Facade - Lime Concrete
appliedenergistics2:facade:0, Cable Facade - Lime Concrete
appliedenergistics2:facade:0, Cable Facade - Lime Concrete
appliedenergistics2:facade:0, Cable Facade - Lime Concrete
appliedenergistics2:facade:0, Cable Facade - Lime Concrete
appliedenergistics2:facade:0, Cable Facade - Lime Concrete
appliedenergistics2:facade:0, Cable Facade - Lime Concrete
appliedenergistics2:facade:0, Cable Facade - Lime Concrete
appliedenergistics2:facade:0, Cable Facade - Lime Concrete
appliedenergistics2:facade:0, Cable Facade - Lime Concrete
appliedenergistics2:facade:0, Cable Facade - Lime Concrete
appliedenergistics2:facade:0, Cable Facade - Lime Concrete
appliedenergistics2:facade:0, Cable Facade - Lime Concrete
appliedenergistics2:facade:0, Cable Facade - Lime Concrete
appliedenergistics2:facade:0, Cable Facade - Lime Concrete
appliedenergistics2:facade:0, Cable Facade - Lime Concrete
appliedenergistics2:facade:0, Cable Facade - Lime Concrete
appliedenergistics2:facade:0, Cable Facade - Lime Concrete
appliedenergistics2:facade:0, Cable Facade - Lime Concrete
appliedenergistics2:facade:0, Cable Facade - Lime Concrete
appliedenergistics2:facade:0, Cable Facade - Lime Concrete
appliedenergistics2:facade:0, Cable Facade - Lime Concrete
appliedenergistics2:facade:0, Cable Facade - Lime Concrete
appliedenergistics2:facade:0, Cable Facade - Yellow Concrete
appliedenergistics2:facade:0, Cable Facade - Yellow Concrete
appliedenergistics2:facade:0, Cable Facade - Yellow Concrete
appliedenergistics2:facade:0, Cable Facade - Yellow Concrete
appliedenergistics2:facade:0, Cable Facade - Yellow Concrete
appliedenergistics2:facade:0, Cable Facade - Yellow Concrete
appliedenergistics2:facade:0, Cable Facade - Yellow Concrete
appliedenergistics2:facade:0, Cable Facade - Yellow Concrete
appliedenergistics2:facade:0, Cable Facade - Yellow Concrete
appliedenergistics2:facade:0, Cable Facade - Yellow Concrete
appliedenergistics2:facade:0, Cable Facade - Yellow Concrete
appliedenergistics2:facade:0, Cable Facade - Yellow Concrete
appliedenergistics2:facade:0, Cable Facade - Yellow Concrete
appliedenergistics2:facade:0, Cable Facade - Yellow Concrete
appliedenergistics2:facade:0, Cable Facade - Yellow Concrete
appliedenergistics2:facade:0, Cable Facade - Yellow Concrete
appliedenergistics2:facade:0, Cable Facade - Yellow Concrete
appliedenergistics2:facade:0, Cable Facade - Yellow Concrete
appliedenergistics2:facade:0, Cable Facade - Yellow Concrete
appliedenergistics2:facade:0, Cable Facade - Yellow Concrete
appliedenergistics2:facade:0, Cable Facade - Yellow Concrete
appliedenergistics2:facade:0, Cable Facade - Yellow Concrete
appliedenergistics2:facade:0, Cable Facade - Yellow Concrete
appliedenergistics2:facade:0, Cable Facade - Yellow Concrete
appliedenergistics2:facade:0, Cable Facade - Yellow Concrete
appliedenergistics2:facade:0, Cable Facade - Yellow Concrete
appliedenergistics2:facade:0, Cable Facade - Yellow Concrete
appliedenergistics2:facade:0, Cable Facade - Yellow Concrete
appliedenergistics2:facade:0, Cable Facade - Yellow Concrete
appliedenergistics2:facade:0, Cable Facade - Yellow Concrete
appliedenergistics2:facade:0, Cable Facade - Yellow Concrete
appliedenergistics2:facade:0, Cable Facade - Yellow Concrete
appliedenergistics2:facade:0, Cable Facade - Yellow Concrete
appliedenergistics2:facade:0, Cable Facade - Light Blue Concrete
appliedenergistics2:facade:0, Cable Facade - Light Blue Concrete
appliedenergistics2:facade:0, Cable Facade - Light Blue Concrete
appliedenergistics2:facade:0, Cable Facade - Light Blue Concrete
appliedenergistics2:facade:0, Cable Facade - Light Blue Concrete
appliedenergistics2:facade:0, Cable Facade - Light Blue Concrete
appliedenergistics2:facade:0, Cable Facade - Light Blue Concrete
appliedenergistics2:facade:0, Cable Facade - Light Blue Concrete
appliedenergistics2:facade:0, Cable Facade - Light Blue Concrete
appliedenergistics2:facade:0, Cable Facade - Light Blue Concrete
appliedenergistics2:facade:0, Cable Facade - Light Blue Concrete
appliedenergistics2:facade:0, Cable Facade - Light Blue Concrete
appliedenergistics2:facade:0, Cable Facade - Light Blue Concrete
appliedenergistics2:facade:0, Cable Facade - Light Blue Concrete
appliedenergistics2:facade:0, Cable Facade - Light Blue Concrete
appliedenergistics2:facade:0, Cable Facade - Light Blue Concrete
appliedenergistics2:facade:0, Cable Facade - Light Blue Concrete
appliedenergistics2:facade:0, Cable Facade - Light Blue Concrete
appliedenergistics2:facade:0, Cable Facade - Light Blue Concrete
appliedenergistics2:facade:0, Cable Facade - Light Blue Concrete
appliedenergistics2:facade:0, Cable Facade - Light Blue Concrete
appliedenergistics2:facade:0, Cable Facade - Light Blue Concrete
appliedenergistics2:facade:0, Cable Facade - Light Blue Concrete
appliedenergistics2:facade:0, Cable Facade - Light Blue Concrete
appliedenergistics2:facade:0, Cable Facade - Light Blue Concrete
appliedenergistics2:facade:0, Cable Facade - Light Blue Concrete
appliedenergistics2:facade:0, Cable Facade - Light Blue Concrete
appliedenergistics2:facade:0, Cable Facade - Light Blue Concrete
appliedenergistics2:facade:0, Cable Facade - Light Blue Concrete
appliedenergistics2:facade:0, Cable Facade - Light Blue Concrete
appliedenergistics2:facade:0, Cable Facade - Light Blue Concrete
appliedenergistics2:facade:0, Cable Facade - Light Blue Concrete
appliedenergistics2:facade:0, Cable Facade - Light Blue Concrete
appliedenergistics2:facade:0, Cable Facade - Magenta Concrete
appliedenergistics2:facade:0, Cable Facade - Magenta Concrete
appliedenergistics2:facade:0, Cable Facade - Magenta Concrete
appliedenergistics2:facade:0, Cable Facade - Magenta Concrete
appliedenergistics2:facade:0, Cable Facade - Magenta Concrete
appliedenergistics2:facade:0, Cable Facade - Magenta Concrete
appliedenergistics2:facade:0, Cable Facade - Magenta Concrete
appliedenergistics2:facade:0, Cable Facade - Magenta Concrete
appliedenergistics2:facade:0, Cable Facade - Magenta Concrete
appliedenergistics2:facade:0, Cable Facade - Magenta Concrete
appliedenergistics2:facade:0, Cable Facade - Magenta Concrete
appliedenergistics2:facade:0, Cable Facade - Magenta Concrete
appliedenergistics2:facade:0, Cable Facade - Magenta Concrete
appliedenergistics2:facade:0, Cable Facade - Magenta Concrete
appliedenergistics2:facade:0, Cable Facade - Magenta Concrete
appliedenergistics2:facade:0, Cable Facade - Magenta Concrete
appliedenergistics2:facade:0, Cable Facade - Magenta Concrete
appliedenergistics2:facade:0, Cable Facade - Magenta Concrete
appliedenergistics2:facade:0, Cable Facade - Magenta Concrete
appliedenergistics2:facade:0, Cable Facade - Magenta Concrete
appliedenergistics2:facade:0, Cable Facade - Magenta Concrete
appliedenergistics2:facade:0, Cable Facade - Magenta Concrete
appliedenergistics2:facade:0, Cable Facade - Magenta Concrete
appliedenergistics2:facade:0, Cable Facade - Magenta Concrete
appliedenergistics2:facade:0, Cable Facade - Magenta Concrete
appliedenergistics2:facade:0, Cable Facade - Magenta Concrete
appliedenergistics2:facade:0, Cable Facade - Magenta Concrete
appliedenergistics2:facade:0, Cable Facade - Magenta Concrete
appliedenergistics2:facade:0, Cable Facade - Magenta Concrete
appliedenergistics2:facade:0, Cable Facade - Magenta Concrete
appliedenergistics2:facade:0, Cable Facade - Magenta Concrete
appliedenergistics2:facade:0, Cable Facade - Magenta Concrete
appliedenergistics2:facade:0, Cable Facade - Magenta Concrete
appliedenergistics2:facade:0, Cable Facade - Orange Concrete
appliedenergistics2:facade:0, Cable Facade - Orange Concrete
appliedenergistics2:facade:0, Cable Facade - Orange Concrete
appliedenergistics2:facade:0, Cable Facade - Orange Concrete
appliedenergistics2:facade:0, Cable Facade - Orange Concrete
appliedenergistics2:facade:0, Cable Facade - Orange Concrete
appliedenergistics2:facade:0, Cable Facade - Orange Concrete
appliedenergistics2:facade:0, Cable Facade - Orange Concrete
appliedenergistics2:facade:0, Cable Facade - Orange Concrete
appliedenergistics2:facade:0, Cable Facade - Orange Concrete
appliedenergistics2:facade:0, Cable Facade - Orange Concrete
appliedenergistics2:facade:0, Cable Facade - Orange Concrete
appliedenergistics2:facade:0, Cable Facade - Orange Concrete
appliedenergistics2:facade:0, Cable Facade - Orange Concrete
appliedenergistics2:facade:0, Cable Facade - Orange Concrete
appliedenergistics2:facade:0, Cable Facade - Orange Concrete
appliedenergistics2:facade:0, Cable Facade - Orange Concrete
appliedenergistics2:facade:0, Cable Facade - Orange Concrete
appliedenergistics2:facade:0, Cable Facade - Orange Concrete
appliedenergistics2:facade:0, Cable Facade - Orange Concrete
appliedenergistics2:facade:0, Cable Facade - Orange Concrete
appliedenergistics2:facade:0, Cable Facade - Orange Concrete
appliedenergistics2:facade:0, Cable Facade - Orange Concrete
appliedenergistics2:facade:0, Cable Facade - Orange Concrete
appliedenergistics2:facade:0, Cable Facade - Orange Concrete
appliedenergistics2:facade:0, Cable Facade - Orange Concrete
appliedenergistics2:facade:0, Cable Facade - Orange Concrete
appliedenergistics2:facade:0, Cable Facade - Orange Concrete
appliedenergistics2:facade:0, Cable Facade - Orange Concrete
appliedenergistics2:facade:0, Cable Facade - Orange Concrete
appliedenergistics2:facade:0, Cable Facade - Orange Concrete
appliedenergistics2:facade:0, Cable Facade - Orange Concrete
appliedenergistics2:facade:0, Cable Facade - Orange Concrete
appliedenergistics2:facade:0, Cable Facade - White Concrete
appliedenergistics2:facade:0, Cable Facade - White Concrete
appliedenergistics2:facade:0, Cable Facade - White Concrete
appliedenergistics2:facade:0, Cable Facade - White Concrete
appliedenergistics2:facade:0, Cable Facade - White Concrete
appliedenergistics2:facade:0, Cable Facade - White Concrete
appliedenergistics2:facade:0, Cable Facade - White Concrete
appliedenergistics2:facade:0, Cable Facade - White Concrete
appliedenergistics2:facade:0, Cable Facade - White Concrete
appliedenergistics2:facade:0, Cable Facade - White Concrete
appliedenergistics2:facade:0, Cable Facade - White Concrete
appliedenergistics2:facade:0, Cable Facade - White Concrete
appliedenergistics2:facade:0, Cable Facade - White Concrete
appliedenergistics2:facade:0, Cable Facade - White Concrete
appliedenergistics2:facade:0, Cable Facade - White Concrete
appliedenergistics2:facade:0, Cable Facade - White Concrete
appliedenergistics2:facade:0, Cable Facade - White Concrete
appliedenergistics2:facade:0, Cable Facade - White Concrete
appliedenergistics2:facade:0, Cable Facade - White Concrete
appliedenergistics2:facade:0, Cable Facade - White Concrete
appliedenergistics2:facade:0, Cable Facade - White Concrete
appliedenergistics2:facade:0, Cable Facade - White Concrete
appliedenergistics2:facade:0, Cable Facade - White Concrete
appliedenergistics2:facade:0, Cable Facade - White Concrete
appliedenergistics2:facade:0, Cable Facade - White Concrete
appliedenergistics2:facade:0, Cable Facade - White Concrete
appliedenergistics2:facade:0, Cable Facade - White Concrete
appliedenergistics2:facade:0, Cable Facade - White Concrete
appliedenergistics2:facade:0, Cable Facade - White Concrete
appliedenergistics2:facade:0, Cable Facade - White Concrete
appliedenergistics2:facade:0, Cable Facade - White Concrete
appliedenergistics2:facade:0, Cable Facade - White Concrete
appliedenergistics2:facade:0, Cable Facade - White Concrete
appliedenergistics2:facade:0, Cable Facade - Block of Copper
appliedenergistics2:facade:0, Cable Facade - Block of Copper
appliedenergistics2:facade:0, Cable Facade - Block of Copper
appliedenergistics2:facade:0, Cable Facade - Block of Copper
appliedenergistics2:facade:0, Cable Facade - Block of Copper
appliedenergistics2:facade:0, Cable Facade - Block of Copper
appliedenergistics2:facade:0, Cable Facade - Block of Copper
appliedenergistics2:facade:0, Cable Facade - Block of Diamond
appliedenergistics2:facade:0, Cable Facade - Block of Diamond
appliedenergistics2:facade:0, Cable Facade - Block of Diamond
appliedenergistics2:facade:0, Cable Facade - Block of Diamond
appliedenergistics2:facade:0, Cable Facade - Block of Diamond
appliedenergistics2:facade:0, Cable Facade - Block of Diamond
appliedenergistics2:facade:0, Cable Facade - Block of Diamond
appliedenergistics2:facade:0, Cable Facade - Block of Diamond
appliedenergistics2:facade:0, Cable Facade - Block of Diamond
appliedenergistics2:facade:0, Cable Facade - Block of Diamond
appliedenergistics2:facade:0, Cable Facade - Block of Diamond
appliedenergistics2:facade:0, Cable Facade - Block of Diamond
appliedenergistics2:facade:0, Cable Facade - Diorite
appliedenergistics2:facade:0, Cable Facade - Diorite
appliedenergistics2:facade:0, Cable Facade - Diorite
appliedenergistics2:facade:0, Cable Facade - Diorite
appliedenergistics2:facade:0, Cable Facade - Diorite
appliedenergistics2:facade:0, Cable Facade - Diorite
appliedenergistics2:facade:0, Cable Facade - Diorite
appliedenergistics2:facade:0, Cable Facade - Diorite
appliedenergistics2:facade:0, Cable Facade - Diorite
appliedenergistics2:facade:0, Cable Facade - Diorite
appliedenergistics2:facade:0, Cable Facade - Diorite
appliedenergistics2:facade:0, Cable Facade - Diorite
appliedenergistics2:facade:0, Cable Facade - Diorite
appliedenergistics2:facade:0, Cable Facade - Diorite
appliedenergistics2:facade:0, Cable Facade - Diorite
appliedenergistics2:facade:0, Cable Facade - Diorite
appliedenergistics2:facade:0, Cable Facade - Diorite
appliedenergistics2:facade:0, Cable Facade - Diorite
appliedenergistics2:facade:0, Cable Facade - Diorite
appliedenergistics2:facade:0, Cable Facade - Diorite
appliedenergistics2:facade:0, Cable Facade - Diorite
appliedenergistics2:facade:0, Cable Facade - Diorite
appliedenergistics2:facade:0, Cable Facade - Diorite
appliedenergistics2:facade:0, Cable Facade - Diorite
appliedenergistics2:facade:0, Cable Facade - Diorite
appliedenergistics2:facade:0, Cable Facade - Diorite
appliedenergistics2:facade:0, Cable Facade - Diorite
appliedenergistics2:facade:0, Cable Facade - Diorite
appliedenergistics2:facade:0, Cable Facade - Diorite
appliedenergistics2:facade:0, Cable Facade - Diorite
appliedenergistics2:facade:0, Cable Facade - Diorite
appliedenergistics2:facade:0, Cable Facade - Diorite
appliedenergistics2:facade:0, Cable Facade - Diorite
appliedenergistics2:facade:0, Cable Facade - Dirt
appliedenergistics2:facade:0, Cable Facade - Dirt
appliedenergistics2:facade:0, Cable Facade - Dirt
appliedenergistics2:facade:0, Cable Facade - Dirt
appliedenergistics2:facade:0, Cable Facade - Dirt
appliedenergistics2:facade:0, Cable Facade - Dirt
appliedenergistics2:facade:0, Cable Facade - Dirt
appliedenergistics2:facade:0, Cable Facade - Dirt
appliedenergistics2:facade:0, Cable Facade - Dirt
appliedenergistics2:facade:0, Cable Facade - Dirt
appliedenergistics2:facade:0, Cable Facade - Dirt
appliedenergistics2:facade:0, Cable Facade - Dirt
appliedenergistics2:facade:0, Cable Facade - Dirt
appliedenergistics2:facade:0, Cable Facade - Dirt
appliedenergistics2:facade:0, Cable Facade - Dirt
appliedenergistics2:facade:0, Cable Facade - Dirt
appliedenergistics2:facade:0, Cable Facade - Block of Electrum
appliedenergistics2:facade:0, Cable Facade - Block of Electrum
appliedenergistics2:facade:0, Cable Facade - Block of Electrum
appliedenergistics2:facade:0, Cable Facade - Block of Electrum
appliedenergistics2:facade:0, Cable Facade - Block of Electrum
appliedenergistics2:facade:0, Cable Facade - Block of Electrum
appliedenergistics2:facade:0, Cable Facade - Block of Electrum
appliedenergistics2:facade:0, Cable Facade - Block of Emerald
appliedenergistics2:facade:0, Cable Facade - Block of Emerald
appliedenergistics2:facade:0, Cable Facade - Block of Emerald
appliedenergistics2:facade:0, Cable Facade - Block of Emerald
appliedenergistics2:facade:0, Cable Facade - Block of Emerald
appliedenergistics2:facade:0, Cable Facade - Block of Emerald
appliedenergistics2:facade:0, Cable Facade - Block of Emerald
appliedenergistics2:facade:0, Cable Facade - Block of Emerald
appliedenergistics2:facade:0, Cable Facade - Block of Emerald
appliedenergistics2:facade:0, Cable Facade - Block of Emerald
appliedenergistics2:facade:0, Cable Facade - Block of Emerald
appliedenergistics2:facade:0, Cable Facade - Block of Emerald
appliedenergistics2:facade:0, Cable Facade - Block of Emerald
appliedenergistics2:facade:0, Cable Facade - Block of Emerald
appliedenergistics2:facade:0, Cable Facade - Purpur Block
appliedenergistics2:facade:0, Cable Facade - Purpur Block
appliedenergistics2:facade:0, Cable Facade - Purpur Block
appliedenergistics2:facade:0, Cable Facade - Purpur Block
appliedenergistics2:facade:0, Cable Facade - Purpur Block
appliedenergistics2:facade:0, Cable Facade - Purpur Block
appliedenergistics2:facade:0, Cable Facade - Purpur Block
appliedenergistics2:facade:0, Cable Facade - Purpur Block
appliedenergistics2:facade:0, Cable Facade - Purpur Block
appliedenergistics2:facade:0, Cable Facade - Purpur Block
appliedenergistics2:facade:0, Cable Facade - Purpur Block
appliedenergistics2:facade:0, Cable Facade - Purpur Block
appliedenergistics2:facade:0, Cable Facade - Purpur Block
appliedenergistics2:facade:0, Cable Facade - Purpur Block
appliedenergistics2:facade:0, Cable Facade - Purpur Block
appliedenergistics2:facade:0, Cable Facade - Purpur Block
appliedenergistics2:facade:0, Cable Facade - Purpur Block
appliedenergistics2:facade:0, Cable Facade - Purpur Block
appliedenergistics2:facade:0, Cable Facade - Purpur Block
appliedenergistics2:facade:0, Cable Facade - Purpur Block
appliedenergistics2:facade:0, Cable Facade - Purpur Block
appliedenergistics2:facade:0, Cable Facade - Purpur Block
appliedenergistics2:facade:0, Cable Facade - Purpur Block
appliedenergistics2:facade:0, Cable Facade - Purpur Block
appliedenergistics2:facade:0, Cable Facade - Purpur Block
appliedenergistics2:facade:0, Cable Facade - Purpur Block
appliedenergistics2:facade:0, Cable Facade - Purpur Block
appliedenergistics2:facade:0, Cable Facade - Purpur Block
appliedenergistics2:facade:0, Cable Facade - Purpur Block
appliedenergistics2:facade:0, Cable Facade - Purpur Block
appliedenergistics2:facade:0, Cable Facade - Purpur Block
appliedenergistics2:facade:0, Cable Facade - Endstone
appliedenergistics2:facade:0, Cable Facade - Endstone
appliedenergistics2:facade:0, Cable Facade - Endstone
appliedenergistics2:facade:0, Cable Facade - Endstone
appliedenergistics2:facade:0, Cable Facade - Endstone
appliedenergistics2:facade:0, Cable Facade - Endstone
appliedenergistics2:facade:0, Cable Facade - Endstone
appliedenergistics2:facade:0, Cable Facade - Endstone
appliedenergistics2:facade:0, Cable Facade - Endstone
appliedenergistics2:facade:0, Cable Facade - Endstone
appliedenergistics2:facade:0, Cable Facade - Endstone
appliedenergistics2:facade:0, Cable Facade - Endstone
appliedenergistics2:facade:0, Cable Facade - Endstone
appliedenergistics2:facade:0, Cable Facade - Endstone
appliedenergistics2:facade:0, Cable Facade - Endstone
appliedenergistics2:facade:0, Cable Facade - Endstone
appliedenergistics2:facade:0, Cable Facade - Endstone
appliedenergistics2:facade:0, Cable Facade - Endstone
appliedenergistics2:facade:0, Cable Facade - Endstone
appliedenergistics2:facade:0, Cable Facade - Endstone
appliedenergistics2:facade:0, Cable Facade - Endstone
appliedenergistics2:facade:0, Cable Facade - Endstone
appliedenergistics2:facade:0, Cable Facade - Endstone
appliedenergistics2:facade:0, Cable Facade - Endstone
appliedenergistics2:facade:0, Cable Facade - Endstone
appliedenergistics2:facade:0, Cable Facade - Endstone
appliedenergistics2:facade:0, Cable Facade - Endstone
appliedenergistics2:facade:0, Cable Facade - Endstone
appliedenergistics2:facade:0, Cable Facade - Endstone
appliedenergistics2:facade:0, Cable Facade - Endstone
appliedenergistics2:facade:0, Cable Facade - Endstone
appliedenergistics2:facade:0, Cable Facade - Endstone
appliedenergistics2:facade:0, Cable Facade - Endstone
appliedenergistics2:facade:0, Cable Facade - Factory Block
appliedenergistics2:facade:0, Cable Facade - Factory Block
appliedenergistics2:facade:0, Cable Facade - Factory Block
appliedenergistics2:facade:0, Cable Facade - Factory Block
appliedenergistics2:facade:0, Cable Facade - Factory Block
appliedenergistics2:facade:0, Cable Facade - Factory Block
appliedenergistics2:facade:0, Cable Facade - Factory Block
appliedenergistics2:facade:0, Cable Facade - Factory Block
appliedenergistics2:facade:0, Cable Facade - Factory Block
appliedenergistics2:facade:0, Cable Facade - Factory Block
appliedenergistics2:facade:0, Cable Facade - Factory Block
appliedenergistics2:facade:0, Cable Facade - Factory Block
appliedenergistics2:facade:0, Cable Facade - Factory Block
appliedenergistics2:facade:0, Cable Facade - Factory Block
appliedenergistics2:facade:0, Cable Facade - Factory Block
appliedenergistics2:facade:0, Cable Facade - Factory Block
appliedenergistics2:facade:0, Cable Facade - Factory Block
appliedenergistics2:facade:0, Cable Facade - Factory Block
appliedenergistics2:facade:0, Cable Facade - Factory Block
appliedenergistics2:facade:0, Cable Facade - Factory Block
appliedenergistics2:facade:0, Cable Facade - Factory Block
appliedenergistics2:facade:0, Cable Facade - Futura Block
appliedenergistics2:facade:0, Cable Facade - Futura Block
appliedenergistics2:facade:0, Cable Facade - Futura Block
appliedenergistics2:facade:0, Cable Facade - Futura Block
appliedenergistics2:facade:0, Cable Facade - Futura Block
appliedenergistics2:facade:0, Cable Facade - Futura Block
appliedenergistics2:facade:0, Cable Facade - Glowstone
appliedenergistics2:facade:0, Cable Facade - Glowstone
appliedenergistics2:facade:0, Cable Facade - Glowstone
appliedenergistics2:facade:0, Cable Facade - Glowstone
appliedenergistics2:facade:0, Cable Facade - Glowstone
appliedenergistics2:facade:0, Cable Facade - Glowstone
appliedenergistics2:facade:0, Cable Facade - Glowstone
appliedenergistics2:facade:0, Cable Facade - Glowstone
appliedenergistics2:facade:0, Cable Facade - Glowstone
appliedenergistics2:facade:0, Cable Facade - Glowstone
appliedenergistics2:facade:0, Cable Facade - Glowstone
appliedenergistics2:facade:0, Cable Facade - Glowstone
appliedenergistics2:facade:0, Cable Facade - Glowstone
appliedenergistics2:facade:0, Cable Facade - Glowstone
appliedenergistics2:facade:0, Cable Facade - Glowstone
appliedenergistics2:facade:0, Cable Facade - Glowstone
appliedenergistics2:facade:0, Cable Facade - Glowstone
appliedenergistics2:facade:0, Cable Facade - Glowstone
appliedenergistics2:facade:0, Cable Facade - Glowstone
appliedenergistics2:facade:0, Cable Facade - Glowstone
appliedenergistics2:facade:0, Cable Facade - Glowstone
appliedenergistics2:facade:0, Cable Facade - Glowstone
appliedenergistics2:facade:0, Cable Facade - Glowstone
appliedenergistics2:facade:0, Cable Facade - Glowstone
appliedenergistics2:facade:0, Cable Facade - Glowstone
appliedenergistics2:facade:0, Cable Facade - Glowstone
appliedenergistics2:facade:0, Cable Facade - Glowstone
appliedenergistics2:facade:0, Cable Facade - Glowstone
appliedenergistics2:facade:0, Cable Facade - Glowstone
appliedenergistics2:facade:0, Cable Facade - Glowstone
appliedenergistics2:facade:0, Cable Facade - Glowstone
appliedenergistics2:facade:0, Cable Facade - Glowstone
appliedenergistics2:facade:0, Cable Facade - Glowstone
appliedenergistics2:facade:0, Cable Facade - Block of Gold
appliedenergistics2:facade:0, Cable Facade - Block of Gold
appliedenergistics2:facade:0, Cable Facade - Block of Gold
appliedenergistics2:facade:0, Cable Facade - Block of Gold
appliedenergistics2:facade:0, Cable Facade - Block of Gold
appliedenergistics2:facade:0, Cable Facade - Block of Gold
appliedenergistics2:facade:0, Cable Facade - Block of Gold
appliedenergistics2:facade:0, Cable Facade - Block of Gold
appliedenergistics2:facade:0, Cable Facade - Block of Gold
appliedenergistics2:facade:0, Cable Facade - Block of Gold
appliedenergistics2:facade:0, Cable Facade - Block of Gold
appliedenergistics2:facade:0, Cable Facade - Block of Gold
appliedenergistics2:facade:0, Cable Facade - Block of Gold
appliedenergistics2:facade:0, Cable Facade - Block of Gold
appliedenergistics2:facade:0, Cable Facade - Block of Gold
appliedenergistics2:facade:0, Cable Facade - Block of Gold
appliedenergistics2:facade:0, Cable Facade - Block of Gold
appliedenergistics2:facade:0, Cable Facade - Block of Gold
appliedenergistics2:facade:0, Cable Facade - Block of Gold
appliedenergistics2:facade:0, Cable Facade - Block of Gold
appliedenergistics2:facade:0, Cable Facade - Block of Gold
appliedenergistics2:facade:0, Cable Facade - Granite
appliedenergistics2:facade:0, Cable Facade - Granite
appliedenergistics2:facade:0, Cable Facade - Granite
appliedenergistics2:facade:0, Cable Facade - Granite
appliedenergistics2:facade:0, Cable Facade - Granite
appliedenergistics2:facade:0, Cable Facade - Granite
appliedenergistics2:facade:0, Cable Facade - Granite
appliedenergistics2:facade:0, Cable Facade - Granite
appliedenergistics2:facade:0, Cable Facade - Granite
appliedenergistics2:facade:0, Cable Facade - Granite
appliedenergistics2:facade:0, Cable Facade - Granite
appliedenergistics2:facade:0, Cable Facade - Granite
appliedenergistics2:facade:0, Cable Facade - Granite
appliedenergistics2:facade:0, Cable Facade - Granite
appliedenergistics2:facade:0, Cable Facade - Granite
appliedenergistics2:facade:0, Cable Facade - Granite
appliedenergistics2:facade:0, Cable Facade - Granite
appliedenergistics2:facade:0, Cable Facade - Granite
appliedenergistics2:facade:0, Cable Facade - Granite
appliedenergistics2:facade:0, Cable Facade - Granite
appliedenergistics2:facade:0, Cable Facade - Granite
appliedenergistics2:facade:0, Cable Facade - Granite
appliedenergistics2:facade:0, Cable Facade - Granite
appliedenergistics2:facade:0, Cable Facade - Granite
appliedenergistics2:facade:0, Cable Facade - Granite
appliedenergistics2:facade:0, Cable Facade - Granite
appliedenergistics2:facade:0, Cable Facade - Granite
appliedenergistics2:facade:0, Cable Facade - Granite
appliedenergistics2:facade:0, Cable Facade - Granite
appliedenergistics2:facade:0, Cable Facade - Granite
appliedenergistics2:facade:0, Cable Facade - Granite
appliedenergistics2:facade:0, Cable Facade - Granite
appliedenergistics2:facade:0, Cable Facade - Granite
appliedenergistics2:facade:0, Cable Facade - Terracotta
appliedenergistics2:facade:0, Cable Facade - Terracotta
appliedenergistics2:facade:0, Cable Facade - Terracotta
appliedenergistics2:facade:0, Cable Facade - Terracotta
appliedenergistics2:facade:0, Cable Facade - Terracotta
appliedenergistics2:facade:0, Cable Facade - Terracotta
appliedenergistics2:facade:0, Cable Facade - Terracotta
appliedenergistics2:facade:0, Cable Facade - Terracotta
appliedenergistics2:facade:0, Cable Facade - Terracotta
appliedenergistics2:facade:0, Cable Facade - Terracotta
appliedenergistics2:facade:0, Cable Facade - Terracotta
appliedenergistics2:facade:0, Cable Facade - Terracotta
appliedenergistics2:facade:0, Cable Facade - Terracotta
appliedenergistics2:facade:0, Cable Facade - Terracotta
appliedenergistics2:facade:0, Cable Facade - Terracotta
appliedenergistics2:facade:0, Cable Facade - Terracotta
appliedenergistics2:facade:0, Cable Facade - Terracotta
appliedenergistics2:facade:0, Cable Facade - Terracotta
appliedenergistics2:facade:0, Cable Facade - Terracotta
appliedenergistics2:facade:0, Cable Facade - Terracotta
appliedenergistics2:facade:0, Cable Facade - Terracotta
appliedenergistics2:facade:0, Cable Facade - Terracotta
appliedenergistics2:facade:0, Cable Facade - Terracotta
appliedenergistics2:facade:0, Cable Facade - Terracotta
appliedenergistics2:facade:0, Cable Facade - Terracotta
appliedenergistics2:facade:0, Cable Facade - Terracotta
appliedenergistics2:facade:0, Cable Facade - Terracotta
appliedenergistics2:facade:0, Cable Facade - Terracotta
appliedenergistics2:facade:0, Cable Facade - Terracotta
appliedenergistics2:facade:0, Cable Facade - Terracotta
appliedenergistics2:facade:0, Cable Facade - Terracotta
appliedenergistics2:facade:0, Cable Facade - Terracotta
appliedenergistics2:facade:0, Cable Facade - Terracotta
appliedenergistics2:facade:0, Cable Facade - Block of Invar
appliedenergistics2:facade:0, Cable Facade - Block of Invar
appliedenergistics2:facade:0, Cable Facade - Block of Invar
appliedenergistics2:facade:0, Cable Facade - Block of Invar
appliedenergistics2:facade:0, Cable Facade - Block of Invar
appliedenergistics2:facade:0, Cable Facade - Block of Invar
appliedenergistics2:facade:0, Cable Facade - Block of Invar
appliedenergistics2:facade:0, Cable Facade - Block of Iron
appliedenergistics2:facade:0, Cable Facade - Block of Iron
appliedenergistics2:facade:0, Cable Facade - Block of Iron
appliedenergistics2:facade:0, Cable Facade - Block of Iron
appliedenergistics2:facade:0, Cable Facade - Block of Iron
appliedenergistics2:facade:0, Cable Facade - Block of Iron
appliedenergistics2:facade:0, Cable Facade - Block of Iron
appliedenergistics2:facade:0, Cable Facade - Block of Iron
appliedenergistics2:facade:0, Cable Facade - Block of Iron
appliedenergistics2:facade:0, Cable Facade - Block of Iron
appliedenergistics2:facade:0, Cable Facade - Block of Iron
appliedenergistics2:facade:0, Cable Facade - Block of Iron
appliedenergistics2:facade:0, Cable Facade - Block of Iron
appliedenergistics2:facade:0, Cable Facade - Block of Iron
appliedenergistics2:facade:0, Cable Facade - Block of Iron
appliedenergistics2:facade:0, Cable Facade - Block of Iron
appliedenergistics2:facade:0, Cable Facade - Block of Iron
appliedenergistics2:facade:0, Cable Facade - Block of Iron
appliedenergistics2:facade:0, Cable Facade - Block of Iron
appliedenergistics2:facade:0, Cable Facade - Block of Iron
appliedenergistics2:facade:0, Cable Facade - Block of Iron
appliedenergistics2:facade:0, Cable Facade - Block of Iron
appliedenergistics2:facade:0, Cable Facade - Laboratory Block
appliedenergistics2:facade:0, Cable Facade - Laboratory Block
appliedenergistics2:facade:0, Cable Facade - Laboratory Block
appliedenergistics2:facade:0, Cable Facade - Laboratory Block
appliedenergistics2:facade:0, Cable Facade - Laboratory Block
appliedenergistics2:facade:0, Cable Facade - Laboratory Block
appliedenergistics2:facade:0, Cable Facade - Laboratory Block
appliedenergistics2:facade:0, Cable Facade - Laboratory Block
appliedenergistics2:facade:0, Cable Facade - Laboratory Block
appliedenergistics2:facade:0, Cable Facade - Laboratory Block
appliedenergistics2:facade:0, Cable Facade - Laboratory Block
appliedenergistics2:facade:0, Cable Facade - Laboratory Block
appliedenergistics2:facade:0, Cable Facade - Laboratory Block
appliedenergistics2:facade:0, Cable Facade - Laboratory Block
appliedenergistics2:facade:0, Cable Facade - Laboratory Block
appliedenergistics2:facade:0, Cable Facade - Laboratory Block
appliedenergistics2:facade:0, Cable Facade - Lapis Lazuli Block
appliedenergistics2:facade:0, Cable Facade - Lapis Lazuli Block
appliedenergistics2:facade:0, Cable Facade - Lapis Lazuli Block
appliedenergistics2:facade:0, Cable Facade - Lapis Lazuli Block
appliedenergistics2:facade:0, Cable Facade - Lapis Lazuli Block
appliedenergistics2:facade:0, Cable Facade - Lapis Lazuli Block
appliedenergistics2:facade:0, Cable Facade - Lapis Lazuli Block
appliedenergistics2:facade:0, Cable Facade - Lapis Lazuli Block
appliedenergistics2:facade:0, Cable Facade - Lapis Lazuli Block
appliedenergistics2:facade:0, Cable Facade - Lavastone
appliedenergistics2:facade:0, Cable Facade - Lavastone
appliedenergistics2:facade:0, Cable Facade - Lavastone
appliedenergistics2:facade:0, Cable Facade - Lavastone
appliedenergistics2:facade:0, Cable Facade - Lavastone
appliedenergistics2:facade:0, Cable Facade - Lavastone
appliedenergistics2:facade:0, Cable Facade - Lavastone
appliedenergistics2:facade:0, Cable Facade - Lavastone
appliedenergistics2:facade:0, Cable Facade - Lavastone
appliedenergistics2:facade:0, Cable Facade - Lavastone
appliedenergistics2:facade:0, Cable Facade - Lavastone
appliedenergistics2:facade:0, Cable Facade - Lavastone
appliedenergistics2:facade:0, Cable Facade - Lavastone
appliedenergistics2:facade:0, Cable Facade - Lavastone
appliedenergistics2:facade:0, Cable Facade - Lavastone
appliedenergistics2:facade:0, Cable Facade - Lavastone
appliedenergistics2:facade:0, Cable Facade - Lavastone
appliedenergistics2:facade:0, Cable Facade - Lavastone
appliedenergistics2:facade:0, Cable Facade - Lavastone
appliedenergistics2:facade:0, Cable Facade - Lavastone
appliedenergistics2:facade:0, Cable Facade - Lavastone
appliedenergistics2:facade:0, Cable Facade - Lavastone
appliedenergistics2:facade:0, Cable Facade - Lavastone
appliedenergistics2:facade:0, Cable Facade - Lavastone
appliedenergistics2:facade:0, Cable Facade - Lavastone
appliedenergistics2:facade:0, Cable Facade - Lavastone
appliedenergistics2:facade:0, Cable Facade - Lavastone
appliedenergistics2:facade:0, Cable Facade - Lavastone
appliedenergistics2:facade:0, Cable Facade - Lavastone
appliedenergistics2:facade:0, Cable Facade - Lavastone
appliedenergistics2:facade:0, Cable Facade - Lavastone
appliedenergistics2:facade:0, Cable Facade - Lavastone
appliedenergistics2:facade:0, Cable Facade - Lavastone
appliedenergistics2:facade:0, Cable Facade - Block of Lead
appliedenergistics2:facade:0, Cable Facade - Block of Lead
appliedenergistics2:facade:0, Cable Facade - Block of Lead
appliedenergistics2:facade:0, Cable Facade - Block of Lead
appliedenergistics2:facade:0, Cable Facade - Block of Lead
appliedenergistics2:facade:0, Cable Facade - Block of Lead
appliedenergistics2:facade:0, Cable Facade - Block of Lead
appliedenergistics2:facade:0, Cable Facade - Limestone
appliedenergistics2:facade:0, Cable Facade - Limestone
appliedenergistics2:facade:0, Cable Facade - Limestone
appliedenergistics2:facade:0, Cable Facade - Limestone
appliedenergistics2:facade:0, Cable Facade - Limestone
appliedenergistics2:facade:0, Cable Facade - Limestone
appliedenergistics2:facade:0, Cable Facade - Limestone
appliedenergistics2:facade:0, Cable Facade - Limestone
appliedenergistics2:facade:0, Cable Facade - Limestone
appliedenergistics2:facade:0, Cable Facade - Limestone
appliedenergistics2:facade:0, Cable Facade - Limestone
appliedenergistics2:facade:0, Cable Facade - Limestone
appliedenergistics2:facade:0, Cable Facade - Limestone
appliedenergistics2:facade:0, Cable Facade - Limestone
appliedenergistics2:facade:0, Cable Facade - Limestone
appliedenergistics2:facade:0, Cable Facade - Limestone
appliedenergistics2:facade:0, Cable Facade - Limestone
appliedenergistics2:facade:0, Cable Facade - Limestone
appliedenergistics2:facade:0, Cable Facade - Limestone
appliedenergistics2:facade:0, Cable Facade - Limestone
appliedenergistics2:facade:0, Cable Facade - Limestone
appliedenergistics2:facade:0, Cable Facade - Limestone
appliedenergistics2:facade:0, Cable Facade - Limestone
appliedenergistics2:facade:0, Cable Facade - Limestone
appliedenergistics2:facade:0, Cable Facade - Limestone
appliedenergistics2:facade:0, Cable Facade - Limestone
appliedenergistics2:facade:0, Cable Facade - Limestone
appliedenergistics2:facade:0, Cable Facade - Limestone
appliedenergistics2:facade:0, Cable Facade - Limestone
appliedenergistics2:facade:0, Cable Facade - Limestone
appliedenergistics2:facade:0, Cable Facade - Limestone
appliedenergistics2:facade:0, Cable Facade - Limestone
appliedenergistics2:facade:0, Cable Facade - Limestone
appliedenergistics2:facade:0, Cable Facade - Limestone
appliedenergistics2:facade:0, Cable Facade - Marble
appliedenergistics2:facade:0, Cable Facade - Marble
appliedenergistics2:facade:0, Cable Facade - Marble
appliedenergistics2:facade:0, Cable Facade - Marble
appliedenergistics2:facade:0, Cable Facade - Marble
appliedenergistics2:facade:0, Cable Facade - Marble
appliedenergistics2:facade:0, Cable Facade - Marble
appliedenergistics2:facade:0, Cable Facade - Marble
appliedenergistics2:facade:0, Cable Facade - Marble
appliedenergistics2:facade:0, Cable Facade - Marble
appliedenergistics2:facade:0, Cable Facade - Marble
appliedenergistics2:facade:0, Cable Facade - Marble
appliedenergistics2:facade:0, Cable Facade - Marble
appliedenergistics2:facade:0, Cable Facade - Marble
appliedenergistics2:facade:0, Cable Facade - Marble
appliedenergistics2:facade:0, Cable Facade - Marble
appliedenergistics2:facade:0, Cable Facade - Marble
appliedenergistics2:facade:0, Cable Facade - Marble
appliedenergistics2:facade:0, Cable Facade - Marble
appliedenergistics2:facade:0, Cable Facade - Marble
appliedenergistics2:facade:0, Cable Facade - Marble
appliedenergistics2:facade:0, Cable Facade - Marble
appliedenergistics2:facade:0, Cable Facade - Marble
appliedenergistics2:facade:0, Cable Facade - Marble
appliedenergistics2:facade:0, Cable Facade - Marble
appliedenergistics2:facade:0, Cable Facade - Marble
appliedenergistics2:facade:0, Cable Facade - Marble
appliedenergistics2:facade:0, Cable Facade - Marble
appliedenergistics2:facade:0, Cable Facade - Marble
appliedenergistics2:facade:0, Cable Facade - Marble
appliedenergistics2:facade:0, Cable Facade - Marble
appliedenergistics2:facade:0, Cable Facade - Marble
appliedenergistics2:facade:0, Cable Facade - Marble
appliedenergistics2:facade:0, Cable Facade - Marble
appliedenergistics2:facade:0, Cable Facade - Marble Pillar
appliedenergistics2:facade:0, Cable Facade - Marble Pillar
appliedenergistics2:facade:0, Cable Facade - Marble Pillar
appliedenergistics2:facade:0, Cable Facade - Marble Pillar
appliedenergistics2:facade:0, Cable Facade - Marble Pillar
appliedenergistics2:facade:0, Cable Facade - Marble Pillar
appliedenergistics2:facade:0, Cable Facade - Marble Pillar
appliedenergistics2:facade:0, Cable Facade - Marble Pillar
appliedenergistics2:facade:0, Cable Facade - Marble Pillar
appliedenergistics2:facade:0, Cable Facade - Marble Pillar
appliedenergistics2:facade:0, Cable Facade - Marble Pillar
appliedenergistics2:facade:0, Cable Facade - Marble Pillar
appliedenergistics2:facade:0, Cable Facade - Marble Pillar
appliedenergistics2:facade:0, Cable Facade - Marble Pillar
appliedenergistics2:facade:0, Cable Facade - Marble Pillar
appliedenergistics2:facade:0, Cable Facade - Marble Pillar
appliedenergistics2:facade:0, Cable Facade - Nether Brick
appliedenergistics2:facade:0, Cable Facade - Nether Brick
appliedenergistics2:facade:0, Cable Facade - Nether Brick
appliedenergistics2:facade:0, Cable Facade - Nether Brick
appliedenergistics2:facade:0, Cable Facade - Nether Brick
appliedenergistics2:facade:0, Cable Facade - Nether Brick
appliedenergistics2:facade:0, Cable Facade - Nether Brick
appliedenergistics2:facade:0, Cable Facade - Nether Brick
appliedenergistics2:facade:0, Cable Facade - Nether Brick
appliedenergistics2:facade:0, Cable Facade - Nether Brick
appliedenergistics2:facade:0, Cable Facade - Nether Brick
appliedenergistics2:facade:0, Cable Facade - Nether Brick
appliedenergistics2:facade:0, Cable Facade - Nether Brick
appliedenergistics2:facade:0, Cable Facade - Nether Brick
appliedenergistics2:facade:0, Cable Facade - Nether Brick
appliedenergistics2:facade:0, Cable Facade - Nether Brick
appliedenergistics2:facade:0, Cable Facade - Netherrack
appliedenergistics2:facade:0, Cable Facade - Netherrack
appliedenergistics2:facade:0, Cable Facade - Netherrack
appliedenergistics2:facade:0, Cable Facade - Netherrack
appliedenergistics2:facade:0, Cable Facade - Netherrack
appliedenergistics2:facade:0, Cable Facade - Netherrack
appliedenergistics2:facade:0, Cable Facade - Netherrack
appliedenergistics2:facade:0, Cable Facade - Netherrack
appliedenergistics2:facade:0, Cable Facade - Netherrack
appliedenergistics2:facade:0, Cable Facade - Netherrack
appliedenergistics2:facade:0, Cable Facade - Netherrack
appliedenergistics2:facade:0, Cable Facade - Netherrack
appliedenergistics2:facade:0, Cable Facade - Netherrack
appliedenergistics2:facade:0, Cable Facade - Netherrack
appliedenergistics2:facade:0, Cable Facade - Block of Nickel
appliedenergistics2:facade:0, Cable Facade - Block of Nickel
appliedenergistics2:facade:0, Cable Facade - Block of Nickel
appliedenergistics2:facade:0, Cable Facade - Block of Nickel
appliedenergistics2:facade:0, Cable Facade - Block of Nickel
appliedenergistics2:facade:0, Cable Facade - Block of Nickel
appliedenergistics2:facade:0, Cable Facade - Block of Nickel
appliedenergistics2:facade:0, Cable Facade - Obsidian
appliedenergistics2:facade:0, Cable Facade - Obsidian
appliedenergistics2:facade:0, Cable Facade - Obsidian
appliedenergistics2:facade:0, Cable Facade - Obsidian
appliedenergistics2:facade:0, Cable Facade - Obsidian
appliedenergistics2:facade:0, Cable Facade - Obsidian
appliedenergistics2:facade:0, Cable Facade - Obsidian
appliedenergistics2:facade:0, Cable Facade - Obsidian
appliedenergistics2:facade:0, Cable Facade - Obsidian
appliedenergistics2:facade:0, Cable Facade - Obsidian
appliedenergistics2:facade:0, Cable Facade - Obsidian
appliedenergistics2:facade:0, Cable Facade - Obsidian
appliedenergistics2:facade:0, Cable Facade - Obsidian
appliedenergistics2:facade:0, Cable Facade - Obsidian
appliedenergistics2:facade:0, Cable Facade - Obsidian
appliedenergistics2:facade:0, Cable Facade - Paper Wall
appliedenergistics2:facade:0, Cable Facade - Paper Wall
appliedenergistics2:facade:0, Cable Facade - Paper Wall
appliedenergistics2:facade:0, Cable Facade - Paper Wall
appliedenergistics2:facade:0, Cable Facade - Paper Wall
appliedenergistics2:facade:0, Cable Facade - Paper Wall
appliedenergistics2:facade:0, Cable Facade - Paper Wall
appliedenergistics2:facade:0, Cable Facade - Paper Wall
appliedenergistics2:facade:0, Cable Facade - Paper Wall
appliedenergistics2:facade:0, Cable Facade - Oak Wood Planks
appliedenergistics2:facade:0, Cable Facade - Oak Wood Planks
appliedenergistics2:facade:0, Cable Facade - Oak Wood Planks
appliedenergistics2:facade:0, Cable Facade - Oak Wood Planks
appliedenergistics2:facade:0, Cable Facade - Oak Wood Planks
appliedenergistics2:facade:0, Cable Facade - Oak Wood Planks
appliedenergistics2:facade:0, Cable Facade - Oak Wood Planks
appliedenergistics2:facade:0, Cable Facade - Oak Wood Planks
appliedenergistics2:facade:0, Cable Facade - Oak Wood Planks
appliedenergistics2:facade:0, Cable Facade - Oak Wood Planks
appliedenergistics2:facade:0, Cable Facade - Oak Wood Planks
appliedenergistics2:facade:0, Cable Facade - Oak Wood Planks
appliedenergistics2:facade:0, Cable Facade - Oak Wood Planks
appliedenergistics2:facade:0, Cable Facade - Oak Wood Planks
appliedenergistics2:facade:0, Cable Facade - Oak Wood Planks
appliedenergistics2:facade:0, Cable Facade - Spruce Wood Planks
appliedenergistics2:facade:0, Cable Facade - Spruce Wood Planks
appliedenergistics2:facade:0, Cable Facade - Spruce Wood Planks
appliedenergistics2:facade:0, Cable Facade - Spruce Wood Planks
appliedenergistics2:facade:0, Cable Facade - Spruce Wood Planks
appliedenergistics2:facade:0, Cable Facade - Spruce Wood Planks
appliedenergistics2:facade:0, Cable Facade - Spruce Wood Planks
appliedenergistics2:facade:0, Cable Facade - Spruce Wood Planks
appliedenergistics2:facade:0, Cable Facade - Spruce Wood Planks
appliedenergistics2:facade:0, Cable Facade - Spruce Wood Planks
appliedenergistics2:facade:0, Cable Facade - Spruce Wood Planks
appliedenergistics2:facade:0, Cable Facade - Spruce Wood Planks
appliedenergistics2:facade:0, Cable Facade - Spruce Wood Planks
appliedenergistics2:facade:0, Cable Facade - Spruce Wood Planks
appliedenergistics2:facade:0, Cable Facade - Spruce Wood Planks
appliedenergistics2:facade:0, Cable Facade - Birch Wood Planks
appliedenergistics2:facade:0, Cable Facade - Birch Wood Planks
appliedenergistics2:facade:0, Cable Facade - Birch Wood Planks
appliedenergistics2:facade:0, Cable Facade - Birch Wood Planks
appliedenergistics2:facade:0, Cable Facade - Birch Wood Planks
appliedenergistics2:facade:0, Cable Facade - Birch Wood Planks
appliedenergistics2:facade:0, Cable Facade - Birch Wood Planks
appliedenergistics2:facade:0, Cable Facade - Birch Wood Planks
appliedenergistics2:facade:0, Cable Facade - Birch Wood Planks
appliedenergistics2:facade:0, Cable Facade - Birch Wood Planks
appliedenergistics2:facade:0, Cable Facade - Birch Wood Planks
appliedenergistics2:facade:0, Cable Facade - Birch Wood Planks
appliedenergistics2:facade:0, Cable Facade - Birch Wood Planks
appliedenergistics2:facade:0, Cable Facade - Birch Wood Planks
appliedenergistics2:facade:0, Cable Facade - Birch Wood Planks
appliedenergistics2:facade:0, Cable Facade - Jungle Wood Planks
appliedenergistics2:facade:0, Cable Facade - Jungle Wood Planks
appliedenergistics2:facade:0, Cable Facade - Jungle Wood Planks
appliedenergistics2:facade:0, Cable Facade - Jungle Wood Planks
appliedenergistics2:facade:0, Cable Facade - Jungle Wood Planks
appliedenergistics2:facade:0, Cable Facade - Jungle Wood Planks
appliedenergistics2:facade:0, Cable Facade - Jungle Wood Planks
appliedenergistics2:facade:0, Cable Facade - Jungle Wood Planks
appliedenergistics2:facade:0, Cable Facade - Jungle Wood Planks
appliedenergistics2:facade:0, Cable Facade - Jungle Wood Planks
appliedenergistics2:facade:0, Cable Facade - Jungle Wood Planks
appliedenergistics2:facade:0, Cable Facade - Jungle Wood Planks
appliedenergistics2:facade:0, Cable Facade - Jungle Wood Planks
appliedenergistics2:facade:0, Cable Facade - Jungle Wood Planks
appliedenergistics2:facade:0, Cable Facade - Jungle Wood Planks
appliedenergistics2:facade:0, Cable Facade - Acacia Wood Planks
appliedenergistics2:facade:0, Cable Facade - Acacia Wood Planks
appliedenergistics2:facade:0, Cable Facade - Acacia Wood Planks
appliedenergistics2:facade:0, Cable Facade - Acacia Wood Planks
appliedenergistics2:facade:0, Cable Facade - Acacia Wood Planks
appliedenergistics2:facade:0, Cable Facade - Acacia Wood Planks
appliedenergistics2:facade:0, Cable Facade - Acacia Wood Planks
appliedenergistics2:facade:0, Cable Facade - Acacia Wood Planks
appliedenergistics2:facade:0, Cable Facade - Acacia Wood Planks
appliedenergistics2:facade:0, Cable Facade - Acacia Wood Planks
appliedenergistics2:facade:0, Cable Facade - Acacia Wood Planks
appliedenergistics2:facade:0, Cable Facade - Acacia Wood Planks
appliedenergistics2:facade:0, Cable Facade - Acacia Wood Planks
appliedenergistics2:facade:0, Cable Facade - Acacia Wood Planks
appliedenergistics2:facade:0, Cable Facade - Acacia Wood Planks
appliedenergistics2:facade:0, Cable Facade - Dark Oak Wood Planks
appliedenergistics2:facade:0, Cable Facade - Dark Oak Wood Planks
appliedenergistics2:facade:0, Cable Facade - Dark Oak Wood Planks
appliedenergistics2:facade:0, Cable Facade - Dark Oak Wood Planks
appliedenergistics2:facade:0, Cable Facade - Dark Oak Wood Planks
appliedenergistics2:facade:0, Cable Facade - Dark Oak Wood Planks
appliedenergistics2:facade:0, Cable Facade - Dark Oak Wood Planks
appliedenergistics2:facade:0, Cable Facade - Dark Oak Wood Planks
appliedenergistics2:facade:0, Cable Facade - Dark Oak Wood Planks
appliedenergistics2:facade:0, Cable Facade - Dark Oak Wood Planks
appliedenergistics2:facade:0, Cable Facade - Dark Oak Wood Planks
appliedenergistics2:facade:0, Cable Facade - Dark Oak Wood Planks
appliedenergistics2:facade:0, Cable Facade - Dark Oak Wood Planks
appliedenergistics2:facade:0, Cable Facade - Dark Oak Wood Planks
appliedenergistics2:facade:0, Cable Facade - Dark Oak Wood Planks
appliedenergistics2:facade:0, Cable Facade - Block of Platinum
appliedenergistics2:facade:0, Cable Facade - Block of Platinum
appliedenergistics2:facade:0, Cable Facade - Block of Platinum
appliedenergistics2:facade:0, Cable Facade - Block of Platinum
appliedenergistics2:facade:0, Cable Facade - Block of Platinum
appliedenergistics2:facade:0, Cable Facade - Block of Platinum
appliedenergistics2:facade:0, Cable Facade - Block of Platinum
appliedenergistics2:facade:0, Cable Facade - Prismarine
appliedenergistics2:facade:0, Cable Facade - Prismarine
appliedenergistics2:facade:0, Cable Facade - Prismarine
appliedenergistics2:facade:0, Cable Facade - Prismarine
appliedenergistics2:facade:0, Cable Facade - Prismarine
appliedenergistics2:facade:0, Cable Facade - Prismarine
appliedenergistics2:facade:0, Cable Facade - Prismarine
appliedenergistics2:facade:0, Cable Facade - Prismarine
appliedenergistics2:facade:0, Cable Facade - Prismarine
appliedenergistics2:facade:0, Cable Facade - Prismarine
appliedenergistics2:facade:0, Cable Facade - Prismarine
appliedenergistics2:facade:0, Cable Facade - Prismarine
appliedenergistics2:facade:0, Cable Facade - Prismarine
appliedenergistics2:facade:0, Cable Facade - Prismarine
appliedenergistics2:facade:0, Cable Facade - Prismarine
appliedenergistics2:facade:0, Cable Facade - Prismarine
appliedenergistics2:facade:0, Cable Facade - Prismarine
appliedenergistics2:facade:0, Cable Facade - Prismarine
appliedenergistics2:facade:0, Cable Facade - Prismarine
appliedenergistics2:facade:0, Cable Facade - Prismarine
appliedenergistics2:facade:0, Cable Facade - Prismarine
appliedenergistics2:facade:0, Cable Facade - Prismarine
appliedenergistics2:facade:0, Cable Facade - Prismarine
appliedenergistics2:facade:0, Cable Facade - Prismarine
appliedenergistics2:facade:0, Cable Facade - Prismarine
appliedenergistics2:facade:0, Cable Facade - Prismarine
appliedenergistics2:facade:0, Cable Facade - Prismarine
appliedenergistics2:facade:0, Cable Facade - Prismarine
appliedenergistics2:facade:0, Cable Facade - Prismarine
appliedenergistics2:facade:0, Cable Facade - Prismarine
appliedenergistics2:facade:0, Cable Facade - Prismarine
appliedenergistics2:facade:0, Cable Facade - Prismarine
appliedenergistics2:facade:0, Cable Facade - Block of Quartz
appliedenergistics2:facade:0, Cable Facade - Block of Quartz
appliedenergistics2:facade:0, Cable Facade - Block of Quartz
appliedenergistics2:facade:0, Cable Facade - Block of Quartz
appliedenergistics2:facade:0, Cable Facade - Block of Quartz
appliedenergistics2:facade:0, Cable Facade - Block of Quartz
appliedenergistics2:facade:0, Cable Facade - Block of Quartz
appliedenergistics2:facade:0, Cable Facade - Block of Quartz
appliedenergistics2:facade:0, Cable Facade - Block of Quartz
appliedenergistics2:facade:0, Cable Facade - Block of Quartz
appliedenergistics2:facade:0, Cable Facade - Block of Quartz
appliedenergistics2:facade:0, Cable Facade - Block of Quartz
appliedenergistics2:facade:0, Cable Facade - Block of Quartz
appliedenergistics2:facade:0, Cable Facade - Block of Quartz
appliedenergistics2:facade:0, Cable Facade - Block of Quartz
appliedenergistics2:facade:0, Cable Facade - Block of Quartz
appliedenergistics2:facade:0, Cable Facade - Block of Quartz
appliedenergistics2:facade:0, Cable Facade - Block of Quartz
appliedenergistics2:facade:0, Cable Facade - Block of Quartz
appliedenergistics2:facade:0, Cable Facade - Block of Quartz
appliedenergistics2:facade:0, Cable Facade - Block of Quartz
appliedenergistics2:facade:0, Cable Facade - Block of Quartz
appliedenergistics2:facade:0, Cable Facade - Block of Quartz
appliedenergistics2:facade:0, Cable Facade - Block of Quartz
appliedenergistics2:facade:0, Cable Facade - Block of Quartz
appliedenergistics2:facade:0, Cable Facade - Block of Quartz
appliedenergistics2:facade:0, Cable Facade - Block of Quartz
appliedenergistics2:facade:0, Cable Facade - Block of Quartz
appliedenergistics2:facade:0, Cable Facade - Block of Quartz
appliedenergistics2:facade:0, Cable Facade - Block of Quartz
appliedenergistics2:facade:0, Cable Facade - Block of Quartz
appliedenergistics2:facade:0, Cable Facade - Block of Quartz
appliedenergistics2:facade:0, Cable Facade - Block of Redstone
appliedenergistics2:facade:0, Cable Facade - Block of Redstone
appliedenergistics2:facade:0, Cable Facade - Block of Redstone
appliedenergistics2:facade:0, Cable Facade - Block of Redstone
appliedenergistics2:facade:0, Cable Facade - Block of Redstone
appliedenergistics2:facade:0, Cable Facade - Block of Redstone
appliedenergistics2:facade:0, Cable Facade - Block of Redstone
appliedenergistics2:facade:0, Cable Facade - Block of Redstone
appliedenergistics2:facade:0, Cable Facade - Block of Redstone
appliedenergistics2:facade:0, Cable Facade - Block of Redstone
appliedenergistics2:facade:0, Cable Facade - Block of Redstone
appliedenergistics2:facade:0, Cable Facade - Block of Redstone
appliedenergistics2:facade:0, Cable Facade - Block of Redstone
appliedenergistics2:facade:0, Cable Facade - Block of Redstone
appliedenergistics2:facade:0, Cable Facade - Block of Redstone
appliedenergistics2:facade:0, Cable Facade - Block of Redstone
appliedenergistics2:facade:0, Cable Facade - Block of Redstone
appliedenergistics2:facade:0, Cable Facade - Block of Redstone
appliedenergistics2:facade:0, Cable Facade - Block of Redstone
appliedenergistics2:facade:0, Cable Facade - Block of Redstone
appliedenergistics2:facade:0, Cable Facade - Block of Redstone
appliedenergistics2:facade:0, Cable Facade - Block of Redstone
appliedenergistics2:facade:0, Cable Facade - Block of Redstone
appliedenergistics2:facade:0, Cable Facade - Block of Redstone
appliedenergistics2:facade:0, Cable Facade - Block of Redstone
appliedenergistics2:facade:0, Cable Facade - Block of Redstone
appliedenergistics2:facade:0, Cable Facade - Block of Redstone
appliedenergistics2:facade:0, Cable Facade - Block of Redstone
appliedenergistics2:facade:0, Cable Facade - Sandstone
appliedenergistics2:facade:0, Cable Facade - Sandstone
appliedenergistics2:facade:0, Cable Facade - Sandstone
appliedenergistics2:facade:0, Cable Facade - Sandstone
appliedenergistics2:facade:0, Cable Facade - Sandstone
appliedenergistics2:facade:0, Cable Facade - Sandstone
appliedenergistics2:facade:0, Cable Facade - Sandstone
appliedenergistics2:facade:0, Cable Facade - Sandstone
appliedenergistics2:facade:0, Cable Facade - Sandstone
appliedenergistics2:facade:0, Cable Facade - Sandstone
appliedenergistics2:facade:0, Cable Facade - Sandstone
appliedenergistics2:facade:0, Cable Facade - Sandstone
appliedenergistics2:facade:0, Cable Facade - Sandstone
appliedenergistics2:facade:0, Cable Facade - Sandstone
appliedenergistics2:facade:0, Cable Facade - Sandstone
appliedenergistics2:facade:0, Cable Facade - Sandstone
appliedenergistics2:facade:0, Cable Facade - Sandstone
appliedenergistics2:facade:0, Cable Facade - Sandstone
appliedenergistics2:facade:0, Cable Facade - Sandstone
appliedenergistics2:facade:0, Cable Facade - Sandstone
appliedenergistics2:facade:0, Cable Facade - Sandstone
appliedenergistics2:facade:0, Cable Facade - Sandstone
appliedenergistics2:facade:0, Cable Facade - Sandstone
appliedenergistics2:facade:0, Cable Facade - Sandstone
appliedenergistics2:facade:0, Cable Facade - Sandstone
appliedenergistics2:facade:0, Cable Facade - Sandstone
appliedenergistics2:facade:0, Cable Facade - Sandstone
appliedenergistics2:facade:0, Cable Facade - Sandstone
appliedenergistics2:facade:0, Cable Facade - Sandstone
appliedenergistics2:facade:0, Cable Facade - Sandstone
appliedenergistics2:facade:0, Cable Facade - Sandstone
appliedenergistics2:facade:0, Cable Facade - Sandstone
appliedenergistics2:facade:0, Cable Facade - Sandstone
appliedenergistics2:facade:0, Cable Facade - Sandstone
appliedenergistics2:facade:0, Cable Facade - Red Sandstone
appliedenergistics2:facade:0, Cable Facade - Red Sandstone
appliedenergistics2:facade:0, Cable Facade - Red Sandstone
appliedenergistics2:facade:0, Cable Facade - Red Sandstone
appliedenergistics2:facade:0, Cable Facade - Red Sandstone
appliedenergistics2:facade:0, Cable Facade - Red Sandstone
appliedenergistics2:facade:0, Cable Facade - Red Sandstone
appliedenergistics2:facade:0, Cable Facade - Red Sandstone
appliedenergistics2:facade:0, Cable Facade - Red Sandstone
appliedenergistics2:facade:0, Cable Facade - Red Sandstone
appliedenergistics2:facade:0, Cable Facade - Red Sandstone
appliedenergistics2:facade:0, Cable Facade - Red Sandstone
appliedenergistics2:facade:0, Cable Facade - Red Sandstone
appliedenergistics2:facade:0, Cable Facade - Red Sandstone
appliedenergistics2:facade:0, Cable Facade - Red Sandstone
appliedenergistics2:facade:0, Cable Facade - Red Sandstone
appliedenergistics2:facade:0, Cable Facade - Red Sandstone
appliedenergistics2:facade:0, Cable Facade - Red Sandstone
appliedenergistics2:facade:0, Cable Facade - Red Sandstone
appliedenergistics2:facade:0, Cable Facade - Red Sandstone
appliedenergistics2:facade:0, Cable Facade - Red Sandstone
appliedenergistics2:facade:0, Cable Facade - Red Sandstone
appliedenergistics2:facade:0, Cable Facade - Red Sandstone
appliedenergistics2:facade:0, Cable Facade - Red Sandstone
appliedenergistics2:facade:0, Cable Facade - Red Sandstone
appliedenergistics2:facade:0, Cable Facade - Red Sandstone
appliedenergistics2:facade:0, Cable Facade - Red Sandstone
appliedenergistics2:facade:0, Cable Facade - Red Sandstone
appliedenergistics2:facade:0, Cable Facade - Red Sandstone
appliedenergistics2:facade:0, Cable Facade - Red Sandstone
appliedenergistics2:facade:0, Cable Facade - Red Sandstone
appliedenergistics2:facade:0, Cable Facade - Red Sandstone
appliedenergistics2:facade:0, Cable Facade - Red Sandstone
appliedenergistics2:facade:0, Cable Facade - Red Sandstone
appliedenergistics2:facade:0, Cable Facade - Sandstone Scribbles
appliedenergistics2:facade:0, Cable Facade - Sandstone Scribbles
appliedenergistics2:facade:0, Cable Facade - Sandstone Scribbles
appliedenergistics2:facade:0, Cable Facade - Sandstone Scribbles
appliedenergistics2:facade:0, Cable Facade - Sandstone Scribbles
appliedenergistics2:facade:0, Cable Facade - Sandstone Scribbles
appliedenergistics2:facade:0, Cable Facade - Sandstone Scribbles
appliedenergistics2:facade:0, Cable Facade - Sandstone Scribbles
appliedenergistics2:facade:0, Cable Facade - Sandstone Scribbles
appliedenergistics2:facade:0, Cable Facade - Sandstone Scribbles
appliedenergistics2:facade:0, Cable Facade - Sandstone Scribbles
appliedenergistics2:facade:0, Cable Facade - Sandstone Scribbles
appliedenergistics2:facade:0, Cable Facade - Sandstone Scribbles
appliedenergistics2:facade:0, Cable Facade - Sandstone Scribbles
appliedenergistics2:facade:0, Cable Facade - Sandstone Scribbles
appliedenergistics2:facade:0, Cable Facade - Sandstone Scribbles
appliedenergistics2:facade:0, Cable Facade - Red Sandstone Scribbles
appliedenergistics2:facade:0, Cable Facade - Red Sandstone Scribbles
appliedenergistics2:facade:0, Cable Facade - Red Sandstone Scribbles
appliedenergistics2:facade:0, Cable Facade - Red Sandstone Scribbles
appliedenergistics2:facade:0, Cable Facade - Red Sandstone Scribbles
appliedenergistics2:facade:0, Cable Facade - Red Sandstone Scribbles
appliedenergistics2:facade:0, Cable Facade - Red Sandstone Scribbles
appliedenergistics2:facade:0, Cable Facade - Red Sandstone Scribbles
appliedenergistics2:facade:0, Cable Facade - Red Sandstone Scribbles
appliedenergistics2:facade:0, Cable Facade - Red Sandstone Scribbles
appliedenergistics2:facade:0, Cable Facade - Red Sandstone Scribbles
appliedenergistics2:facade:0, Cable Facade - Red Sandstone Scribbles
appliedenergistics2:facade:0, Cable Facade - Red Sandstone Scribbles
appliedenergistics2:facade:0, Cable Facade - Red Sandstone Scribbles
appliedenergistics2:facade:0, Cable Facade - Red Sandstone Scribbles
appliedenergistics2:facade:0, Cable Facade - Red Sandstone Scribbles
appliedenergistics2:facade:0, Cable Facade - Block of Silver
appliedenergistics2:facade:0, Cable Facade - Block of Silver
appliedenergistics2:facade:0, Cable Facade - Block of Silver
appliedenergistics2:facade:0, Cable Facade - Block of Silver
appliedenergistics2:facade:0, Cable Facade - Block of Silver
appliedenergistics2:facade:0, Cable Facade - Block of Silver
appliedenergistics2:facade:0, Cable Facade - Block of Silver
appliedenergistics2:facade:0, Cable Facade - Block of Steel
appliedenergistics2:facade:0, Cable Facade - Block of Steel
appliedenergistics2:facade:0, Cable Facade - Block of Steel
appliedenergistics2:facade:0, Cable Facade - Block of Steel
appliedenergistics2:facade:0, Cable Facade - Block of Steel
appliedenergistics2:facade:0, Cable Facade - Block of Steel
appliedenergistics2:facade:0, Cable Facade - Block of Steel
appliedenergistics2:facade:0, Cable Facade - Chiseled Stone
appliedenergistics2:facade:0, Cable Facade - Chiseled Stone
appliedenergistics2:facade:0, Cable Facade - Chiseled Stone
appliedenergistics2:facade:0, Cable Facade - Chiseled Stone
appliedenergistics2:facade:0, Cable Facade - Chiseled Stone
appliedenergistics2:facade:0, Cable Facade - Chiseled Stone
appliedenergistics2:facade:0, Cable Facade - Chiseled Stone
appliedenergistics2:facade:0, Cable Facade - Chiseled Stone
appliedenergistics2:facade:0, Cable Facade - Chiseled Stone
appliedenergistics2:facade:0, Cable Facade - Chiseled Stone
appliedenergistics2:facade:0, Cable Facade - Chiseled Stone
appliedenergistics2:facade:0, Cable Facade - Chiseled Stone
appliedenergistics2:facade:0, Cable Facade - Chiseled Stone
appliedenergistics2:facade:0, Cable Facade - Chiseled Stone
appliedenergistics2:facade:0, Cable Facade - Chiseled Stone
appliedenergistics2:facade:0, Cable Facade - Chiseled Stone
appliedenergistics2:facade:0, Cable Facade - Chiseled Stone
appliedenergistics2:facade:0, Cable Facade - Chiseled Stone
appliedenergistics2:facade:0, Cable Facade - Chiseled Stone
appliedenergistics2:facade:0, Cable Facade - Chiseled Stone
appliedenergistics2:facade:0, Cable Facade - Chiseled Stone
appliedenergistics2:facade:0, Cable Facade - Chiseled Stone
appliedenergistics2:facade:0, Cable Facade - Chiseled Stone
appliedenergistics2:facade:0, Cable Facade - Chiseled Stone
appliedenergistics2:facade:0, Cable Facade - Chiseled Stone
appliedenergistics2:facade:0, Cable Facade - Chiseled Stone
appliedenergistics2:facade:0, Cable Facade - Chiseled Stone
appliedenergistics2:facade:0, Cable Facade - Chiseled Stone
appliedenergistics2:facade:0, Cable Facade - Chiseled Stone
appliedenergistics2:facade:0, Cable Facade - Chiseled Stone
appliedenergistics2:facade:0, Cable Facade - Chiseled Stone
appliedenergistics2:facade:0, Cable Facade - Chiseled Stone
appliedenergistics2:facade:0, Cable Facade - Chiseled Stone
appliedenergistics2:facade:0, Cable Facade - Chiseled Stone
appliedenergistics2:facade:0, Cable Facade - Chiseled Stone
appliedenergistics2:facade:0, Cable Facade - Chiseled Stone
appliedenergistics2:facade:0, Cable Facade - Factory Block
appliedenergistics2:facade:0, Cable Facade - Factory Block
appliedenergistics2:facade:0, Cable Facade - Factory Block
appliedenergistics2:facade:0, Cable Facade - Factory Block
appliedenergistics2:facade:0, Cable Facade - Factory Block
appliedenergistics2:facade:0, Cable Facade - Factory Block
appliedenergistics2:facade:0, Cable Facade - Factory Block
appliedenergistics2:facade:0, Cable Facade - Factory Block
appliedenergistics2:facade:0, Cable Facade - Factory Block
appliedenergistics2:facade:0, Cable Facade - Factory Block
appliedenergistics2:facade:0, Cable Facade - Factory Block
appliedenergistics2:facade:0, Cable Facade - Factory Block
appliedenergistics2:facade:0, Cable Facade - Factory Block
appliedenergistics2:facade:0, Cable Facade - Factory Block
appliedenergistics2:facade:0, Cable Facade - Factory Block
appliedenergistics2:facade:0, Cable Facade - Factory Block
appliedenergistics2:facade:0, Cable Facade - Factory Block
appliedenergistics2:facade:0, Cable Facade - Factory Block
appliedenergistics2:facade:0, Cable Facade - Factory Block
appliedenergistics2:facade:0, Cable Facade - Factory Block
appliedenergistics2:facade:0, Cable Facade - Factory Block
appliedenergistics2:facade:0, Cable Facade - Factory Block
appliedenergistics2:facade:0, Cable Facade - Factory Block
appliedenergistics2:facade:0, Cable Facade - Factory Block
appliedenergistics2:facade:0, Cable Facade - Factory Block
appliedenergistics2:facade:0, Cable Facade - Temple Block
appliedenergistics2:facade:0, Cable Facade - Temple Block
appliedenergistics2:facade:0, Cable Facade - Temple Block
appliedenergistics2:facade:0, Cable Facade - Temple Block
appliedenergistics2:facade:0, Cable Facade - Temple Block
appliedenergistics2:facade:0, Cable Facade - Temple Block
appliedenergistics2:facade:0, Cable Facade - Temple Block
appliedenergistics2:facade:0, Cable Facade - Temple Block
appliedenergistics2:facade:0, Cable Facade - Temple Block
appliedenergistics2:facade:0, Cable Facade - Temple Block
appliedenergistics2:facade:0, Cable Facade - Temple Block
appliedenergistics2:facade:0, Cable Facade - Temple Block
appliedenergistics2:facade:0, Cable Facade - Temple Block
appliedenergistics2:facade:0, Cable Facade - Temple Block
appliedenergistics2:facade:0, Cable Facade - Temple Block
appliedenergistics2:facade:0, Cable Facade - Temple Block
appliedenergistics2:facade:0, Cable Facade - Mossy Temple Block
appliedenergistics2:facade:0, Cable Facade - Mossy Temple Block
appliedenergistics2:facade:0, Cable Facade - Mossy Temple Block
appliedenergistics2:facade:0, Cable Facade - Mossy Temple Block
appliedenergistics2:facade:0, Cable Facade - Mossy Temple Block
appliedenergistics2:facade:0, Cable Facade - Mossy Temple Block
appliedenergistics2:facade:0, Cable Facade - Mossy Temple Block
appliedenergistics2:facade:0, Cable Facade - Mossy Temple Block
appliedenergistics2:facade:0, Cable Facade - Mossy Temple Block
appliedenergistics2:facade:0, Cable Facade - Mossy Temple Block
appliedenergistics2:facade:0, Cable Facade - Mossy Temple Block
appliedenergistics2:facade:0, Cable Facade - Mossy Temple Block
appliedenergistics2:facade:0, Cable Facade - Mossy Temple Block
appliedenergistics2:facade:0, Cable Facade - Mossy Temple Block
appliedenergistics2:facade:0, Cable Facade - Mossy Temple Block
appliedenergistics2:facade:0, Cable Facade - Mossy Temple Block
appliedenergistics2:facade:0, Cable Facade - Block of Tin
appliedenergistics2:facade:0, Cable Facade - Block of Tin
appliedenergistics2:facade:0, Cable Facade - Block of Tin
appliedenergistics2:facade:0, Cable Facade - Block of Tin
appliedenergistics2:facade:0, Cable Facade - Block of Tin
appliedenergistics2:facade:0, Cable Facade - Block of Tin
appliedenergistics2:facade:0, Cable Facade - Block of Tin
appliedenergistics2:facade:0, Cable Facade - Tyrian
appliedenergistics2:facade:0, Cable Facade - Tyrian
appliedenergistics2:facade:0, Cable Facade - Tyrian
appliedenergistics2:facade:0, Cable Facade - Tyrian
appliedenergistics2:facade:0, Cable Facade - Tyrian
appliedenergistics2:facade:0, Cable Facade - Tyrian
appliedenergistics2:facade:0, Cable Facade - Tyrian
appliedenergistics2:facade:0, Cable Facade - Tyrian
appliedenergistics2:facade:0, Cable Facade - Tyrian
appliedenergistics2:facade:0, Cable Facade - Tyrian
appliedenergistics2:facade:0, Cable Facade - Tyrian
appliedenergistics2:facade:0, Cable Facade - Tyrian
appliedenergistics2:facade:0, Cable Facade - Tyrian
appliedenergistics2:facade:0, Cable Facade - Tyrian
appliedenergistics2:facade:0, Cable Facade - Tyrian
appliedenergistics2:facade:0, Cable Facade - Tyrian
appliedenergistics2:facade:0, Cable Facade - Block of Uranium
appliedenergistics2:facade:0, Cable Facade - Block of Uranium
appliedenergistics2:facade:0, Cable Facade - Block of Uranium
appliedenergistics2:facade:0, Cable Facade - Block of Uranium
appliedenergistics2:facade:0, Cable Facade - Block of Uranium
appliedenergistics2:facade:0, Cable Facade - Block of Uranium
appliedenergistics2:facade:0, Cable Facade - Block of Uranium
appliedenergistics2:facade:0, Cable Facade - Valentines' Block
appliedenergistics2:facade:0, Cable Facade - Valentines' Block
appliedenergistics2:facade:0, Cable Facade - Valentines' Block
appliedenergistics2:facade:0, Cable Facade - Valentines' Block
appliedenergistics2:facade:0, Cable Facade - Valentines' Block
appliedenergistics2:facade:0, Cable Facade - Valentines' Block
appliedenergistics2:facade:0, Cable Facade - Valentines' Block
appliedenergistics2:facade:0, Cable Facade - Valentines' Block
appliedenergistics2:facade:0, Cable Facade - Valentines' Block
appliedenergistics2:facade:0, Cable Facade - Valentines' Block
appliedenergistics2:facade:0, Cable Facade - Voidstone
appliedenergistics2:facade:0, Cable Facade - Voidstone
appliedenergistics2:facade:0, Cable Facade - Voidstone
appliedenergistics2:facade:0, Cable Facade - Voidstone
appliedenergistics2:facade:0, Cable Facade - Voidstone
appliedenergistics2:facade:0, Cable Facade - Voidstone
appliedenergistics2:facade:0, Cable Facade - Voidstone
appliedenergistics2:facade:0, Cable Facade - Voidstone
appliedenergistics2:facade:0, Cable Facade - Primal Voidstone
appliedenergistics2:facade:0, Cable Facade - Primal Voidstone
appliedenergistics2:facade:0, Cable Facade - Primal Voidstone
appliedenergistics2:facade:0, Cable Facade - Primal Voidstone
appliedenergistics2:facade:0, Cable Facade - Primal Voidstone
appliedenergistics2:facade:0, Cable Facade - Primal Voidstone
appliedenergistics2:facade:0, Cable Facade - Primal Voidstone
appliedenergistics2:facade:0, Cable Facade - Primal Voidstone
appliedenergistics2:facade:0, Cable Facade - Runed Voidstone
appliedenergistics2:facade:0, Cable Facade - Runed Voidstone
appliedenergistics2:facade:0, Cable Facade - Runed Voidstone
appliedenergistics2:facade:0, Cable Facade - Runed Voidstone
appliedenergistics2:facade:0, Cable Facade - Runed Voidstone
appliedenergistics2:facade:0, Cable Facade - Runed Voidstone
appliedenergistics2:facade:0, Cable Facade - Runed Voidstone
appliedenergistics2:facade:0, Cable Facade - Runed Voidstone
appliedenergistics2:facade:0, Cable Facade - Runed Voidstone
appliedenergistics2:facade:0, Cable Facade - Runed Voidstone
appliedenergistics2:facade:0, Cable Facade - Runed Voidstone
appliedenergistics2:facade:0, Cable Facade - Runed Voidstone
appliedenergistics2:facade:0, Cable Facade - Runed Voidstone
appliedenergistics2:facade:0, Cable Facade - Runed Voidstone
appliedenergistics2:facade:0, Cable Facade - Runed Voidstone
appliedenergistics2:facade:0, Cable Facade - Black Wool
appliedenergistics2:facade:0, Cable Facade - Black Wool
appliedenergistics2:facade:0, Cable Facade - Red Wool
appliedenergistics2:facade:0, Cable Facade - Red Wool
appliedenergistics2:facade:0, Cable Facade - Green Wool
appliedenergistics2:facade:0, Cable Facade - Green Wool
appliedenergistics2:facade:0, Cable Facade - Brown Wool
appliedenergistics2:facade:0, Cable Facade - Brown Wool
appliedenergistics2:facade:0, Cable Facade - Blue Wool
appliedenergistics2:facade:0, Cable Facade - Blue Wool
appliedenergistics2:facade:0, Cable Facade - Purple Wool
appliedenergistics2:facade:0, Cable Facade - Purple Wool
appliedenergistics2:facade:0, Cable Facade - Cyan Wool
appliedenergistics2:facade:0, Cable Facade - Cyan Wool
appliedenergistics2:facade:0, Cable Facade - Light Gray Wool
appliedenergistics2:facade:0, Cable Facade - Light Gray Wool
appliedenergistics2:facade:0, Cable Facade - Gray Wool
appliedenergistics2:facade:0, Cable Facade - Gray Wool
appliedenergistics2:facade:0, Cable Facade - Pink Wool
appliedenergistics2:facade:0, Cable Facade - Pink Wool
appliedenergistics2:facade:0, Cable Facade - Lime Wool
appliedenergistics2:facade:0, Cable Facade - Lime Wool
appliedenergistics2:facade:0, Cable Facade - Yellow Wool
appliedenergistics2:facade:0, Cable Facade - Yellow Wool
appliedenergistics2:facade:0, Cable Facade - Light Blue Wool
appliedenergistics2:facade:0, Cable Facade - Light Blue Wool
appliedenergistics2:facade:0, Cable Facade - Magenta Wool
appliedenergistics2:facade:0, Cable Facade - Magenta Wool
appliedenergistics2:facade:0, Cable Facade - Orange Wool
appliedenergistics2:facade:0, Cable Facade - Orange Wool
appliedenergistics2:facade:0, Cable Facade - Wool
appliedenergistics2:facade:0, Cable Facade - Wool
appliedenergistics2:facade:0, Cable Facade - White Elevator
appliedenergistics2:facade:0, Cable Facade - Orange Elevator
appliedenergistics2:facade:0, Cable Facade - Magenta Elevator
appliedenergistics2:facade:0, Cable Facade - Light Blue Elevator
appliedenergistics2:facade:0, Cable Facade - Yellow Elevator
appliedenergistics2:facade:0, Cable Facade - Lime Elevator
appliedenergistics2:facade:0, Cable Facade - Pink Elevator
appliedenergistics2:facade:0, Cable Facade - Gray Elevator
appliedenergistics2:facade:0, Cable Facade - Light Gray Elevator
appliedenergistics2:facade:0, Cable Facade - Cyan Elevator
appliedenergistics2:facade:0, Cable Facade - Purple Elevator
appliedenergistics2:facade:0, Cable Facade - Blue Elevator
appliedenergistics2:facade:0, Cable Facade - Brown Elevator
appliedenergistics2:facade:0, Cable Facade - Green Elevator
appliedenergistics2:facade:0, Cable Facade - Red Elevator
appliedenergistics2:facade:0, Cable Facade - Black Elevator
appliedenergistics2:facade:0, Cable Facade - Flux Block
appliedenergistics2:facade:0, Cable Facade - Copper Ore
appliedenergistics2:facade:0, Cable Facade - Tin Ore
appliedenergistics2:facade:0, Cable Facade - Sulfur Ore
appliedenergistics2:facade:0, Cable Facade - Lead Ore
appliedenergistics2:facade:0, Cable Facade - Graphite Ore
appliedenergistics2:facade:0, Cable Facade - Redstone-Sensitive Glass Block (Light Emitting)
appliedenergistics2:facade:0, Cable Facade - Redstone-Sensitive Glass Block (White-Stained)
appliedenergistics2:facade:0, Cable Facade - Redstone-Sensitive Glass Block (Red-Stained)
appliedenergistics2:facade:0, Cable Facade - Redstone-Sensitive Glass Block (Green-Stained)
appliedenergistics2:facade:0, Cable Facade - Redstone-Sensitive Glass Block (Blue-Stained)
appliedenergistics2:facade:0, Cable Facade - Redstone-Sensitive Glass Block (Yellow-Stained)
appliedenergistics2:facade:0, Cable Facade - Redstone-Sensitive Glass Block (Orange-Stained)
appliedenergistics2:facade:0, Cable Facade - Redstone-Sensitive Glass Block (Magenta-Stained)
appliedenergistics2:facade:0, Cable Facade - Redstone-Sensitive Glass Block (Light-Blue-Stained)
appliedenergistics2:facade:0, Cable Facade - Redstone-Sensitive Glass Block (Lime-Stained)
appliedenergistics2:facade:0, Cable Facade - Redstone-Sensitive Glass Block (Pink-Stained)
appliedenergistics2:facade:0, Cable Facade - Redstone-Sensitive Glass Block (Gray-Stained)
appliedenergistics2:facade:0, Cable Facade - Redstone-Sensitive Glass Block (Light-Gray-Stained)
appliedenergistics2:facade:0, Cable Facade - Redstone-Sensitive Glass Block (Cyan-Stained)
appliedenergistics2:facade:0, Cable Facade - Redstone-Sensitive Glass Block (Purple-Stained)
appliedenergistics2:facade:0, Cable Facade - Redstone-Sensitive Glass Block (Brown-Stained)
appliedenergistics2:facade:0, Cable Facade - Redstone-Sensitive Glass Block (Black-Stained)
appliedenergistics2:facade:0, Cable Facade - Redstone-Sensitive Glass Block (Inverted, Light Emitting)
appliedenergistics2:facade:0, Cable Facade - Snad
appliedenergistics2:facade:0, Cable Facade - Red Snad
appliedenergistics2:facade:0, Cable Facade - Infested Dirt
appliedenergistics2:facade:0, Cable Facade - Infested Log
appliedenergistics2:facade:0, Cable Facade - Infested Stone
appliedenergistics2:facade:0, Cable Facade - Bloody Ice
appliedenergistics2:facade:0, Cable Facade - Hive Core
appliedenergistics2:facade:0, Cable Facade - Parasitic Colony Core
appliedenergistics2:facade:0, Cable Facade - Parasitic Colony Outpost
appliedenergistics2:facade:0, Cable Facade - §bBiome Purifier
appliedenergistics2:facade:0, Cable Facade - Node Lamp
appliedenergistics2:facade:0, Cable Facade - Biomass Block
appliedenergistics2:facade:0, Cable Facade - Residue Block
appliedenergistics2:facade:0, Cable Facade - Relay Terminal | Bottom
appliedenergistics2:facade:0, Cable Facade - Relay Structure | Middle
appliedenergistics2:facade:0, Cable Facade - Relay Antennas | Top
appliedenergistics2:facade:0, Cable Facade - Infested Cobblestone
appliedenergistics2:facade:0, Cable Facade - Bruisewood Log
appliedenergistics2:facade:0, Cable Facade - Veinwood Log
appliedenergistics2:facade:0, Cable Facade - Darkwood Log
appliedenergistics2:facade:0, Cable Facade - Circle Trunk
appliedenergistics2:facade:0, Cable Facade - Deadhead Log
appliedenergistics2:facade:0, Cable Facade - Deadhead Plank
appliedenergistics2:facade:0, Cable Facade - Deadhead Plank
appliedenergistics2:facade:0, Cable Facade - Hivesoil
appliedenergistics2:facade:0, Cable Facade - Visceral Mud
appliedenergistics2:facade:0, Cable Facade - Flesh Chunk
appliedenergistics2:facade:0, Cable Facade - Compressed Arteries
appliedenergistics2:facade:0, Cable Facade - Mycelium Network
appliedenergistics2:facade:0, Cable Facade - Contusion Block
appliedenergistics2:facade:0, Cable Facade - Sacked Flesh Block
appliedenergistics2:facade:0, Cable Facade - Concentrated Flesh Chunk
appliedenergistics2:facade:0, Cable Facade - Fortified Bone
appliedenergistics2:facade:0, Cable Facade - Hivestone
appliedenergistics2:facade:0, Cable Facade - Hivestone Debris
appliedenergistics2:facade:0, Cable Facade - Consumed Wood
appliedenergistics2:facade:0, Cable Facade - Hivestone Bricks
appliedenergistics2:facade:0, Cable Facade - Hivesteel
appliedenergistics2:facade:0, Cable Facade - Bleeding Obsidian
appliedenergistics2:facade:0, Cable Facade - Assimilated Fungus
appliedenergistics2:facade:0, Cable Facade - Weathered Bricks
appliedenergistics2:facade:0, Cable Facade - Weathered Bricks
appliedenergistics2:facade:0, Cable Facade - Weathered Cobblestone
appliedenergistics2:facade:0, Cable Facade - Weathered Cobblestone
appliedenergistics2:facade:0, Cable Facade - Frost Weathered Stone
appliedenergistics2:facade:0, Cable Facade - Frost Weathered Stone
appliedenergistics2:facade:0, Cable Facade - Incomplete Parasitic Colony Structure
appliedenergistics2:facade:0, Cable Facade - Compressed Hivestone
appliedenergistics2:facade:0, Cable Facade - Reinforced Hivestone
appliedenergistics2:facade:0, Cable Facade - Parasitic Compressed Colony Stone
appliedenergistics2:facade:0, Cable Facade - Infested Planks
appliedenergistics2:facade:0, Cable Facade - Infested Stone Bricks
appliedenergistics2:facade:0, Cable Facade - Infested Terracotta
appliedenergistics2:facade:0, Cable Facade - Polished Infested Stone
appliedenergistics2:facade:0, Cable Facade - Residue Bricks
appliedenergistics2:facade:0, Cable Facade - Infested Column
appliedenergistics2:facade:0, Cable Facade - Infested Sandstone
appliedenergistics2:facade:0, Cable Facade - Chiseled Infested Sandstone
appliedenergistics2:facade:0, Cable Facade - Chiseled Cut Sandstone
appliedenergistics2:facade:0, Cable Facade - Goth Stem
appliedenergistics2:facade:0, Cable Facade - Cooked Flesh
appliedenergistics2:facade:0, Cable Facade - Cooked Flesh Planks
appliedenergistics2:facade:0, Cable Facade - Flesh Planks
appliedenergistics2:facade:0, Cable Facade - Goth Planks
appliedenergistics2:facade:0, Cable Facade - Bruisewood Planks
appliedenergistics2:facade:0, Cable Facade - Consumed Planks
appliedenergistics2:facade:0, Cable Facade - Semi-organic Block
appliedenergistics2:facade:0, Cable Facade - Harlequinn Grass Block
appliedenergistics2:facade:0, Cable Facade - Harleskinn Block
appliedenergistics2:facade:0, Cable Facade - Poland Skin Block
appliedenergistics2:facade:0, Cable Facade - Bronchial Tube
appliedenergistics2:facade:0, Cable Facade - Locs Block
appliedenergistics2:facade:0, Cable Facade - Consumed Crafting Table
appliedenergistics2:facade:0, Cable Facade - Infested Crafting Table
appliedenergistics2:facade:0, Cable Facade - Diseased Sponge
appliedenergistics2:facade:0, Cable Facade - tile.srparasites.parasiterubbleslabdouble.name
appliedenergistics2:facade:0, Cable Facade - tile.srparasites.parasiterubbleslabdouble.name
appliedenergistics2:facade:0, Cable Facade - tile.srparasites.parasiterubbleslabdouble.name
appliedenergistics2:facade:0, Cable Facade - tile.srparasites.parasiterubbleslabdouble.name
appliedenergistics2:facade:0, Cable Facade - tile.srparasites.parasiterubbleslabdouble.name
appliedenergistics2:facade:0, Cable Facade - tile.srparasites.parasiterubbleslabdouble.name
appliedenergistics2:facade:0, Cable Facade - tile.srparasites.parasiterubbleslabdouble.name
appliedenergistics2:facade:0, Cable Facade - tile.srparasites.parasiterubbleslabdouble.name
appliedenergistics2:facade:0, Cable Facade - tile.srparasites.parasitestainslabdouble.name
appliedenergistics2:facade:0, Cable Facade - tile.srparasites.parasitestainslabdouble.name
appliedenergistics2:facade:0, Cable Facade - tile.srparasites.parasitestainslabdouble.name
appliedenergistics2:facade:0, Cable Facade - tile.srparasites.parasitestainslabdouble.name
appliedenergistics2:facade:0, Cable Facade - tile.srparasites.parasitestainslabdouble.name
appliedenergistics2:facade:0, Cable Facade - tile.srparasites.parasitestainslabdouble.name
appliedenergistics2:facade:0, Cable Facade - tile.srparasites.parasitestainslabdouble.name
appliedenergistics2:facade:0, Cable Facade - Lure (§4Weakened§f)
appliedenergistics2:facade:0, Cable Facade - Lure (§cFaint§f)
appliedenergistics2:facade:0, Cable Facade - Lure (§6Slender§f)
appliedenergistics2:facade:0, Cable Facade - Lure (§eStable§f)
appliedenergistics2:facade:0, Cable Facade - Lure (§2Substantial§f)
appliedenergistics2:facade:0, Cable Facade - Lure (§aConcentrated§f)
appliedenergistics2:facade:0, Cable Facade - Lure (§bConcentrated+§f)
appliedenergistics2:facade:0, Cable Facade - Lure (§dConcentrated++§f)
appliedenergistics2:facade:0, Cable Facade - Lure (§5Overloaded§f)
appliedenergistics2:facade:0, Cable Facade - Lure (§9Anomalous§f)
appliedenergistics2:facade:0, Cable Facade - Pestilential Coal Ore
appliedenergistics2:facade:0, Cable Facade - Pestilential Diamond Ore
appliedenergistics2:facade:0, Cable Facade - Pestilential Emerald Ore
appliedenergistics2:facade:0, Cable Facade - Pestilential Gold Ore
appliedenergistics2:facade:0, Cable Facade - Pestilential Iron Ore
appliedenergistics2:facade:0, Cable Facade - Pestilential Lapis Lazuli Ore
appliedenergistics2:facade:0, Cable Facade - Pestilential Redstone Ore
appliedenergistics2:facade:0, Cable Facade - Pestilential Ore
appliedenergistics2:facade:0, Cable Facade - Infested Sand
appliedenergistics2:facade:0, Cable Facade - Oak Trim
appliedenergistics2:facade:0, Cable Facade - Spruce Trim
appliedenergistics2:facade:0, Cable Facade - Birch Trim
appliedenergistics2:facade:0, Cable Facade - Jungle Trim
appliedenergistics2:facade:0, Cable Facade - Acacia Trim
appliedenergistics2:facade:0, Cable Facade - Dark Oak Trim
appliedenergistics2:facade:0, Cable Facade - Grout
appliedenergistics2:facade:0, Cable Facade - Green Slimy Mud
appliedenergistics2:facade:0, Cable Facade - Blue Slimy Mud
appliedenergistics2:facade:0, Cable Facade - Graveyard Soil
appliedenergistics2:facade:0, Cable Facade - Consecrated Soil
appliedenergistics2:facade:0, Cable Facade - Slimy Magma Mud
appliedenergistics2:facade:0, Cable Facade - Slime Block
appliedenergistics2:facade:0, Cable Facade - Slime Block
appliedenergistics2:facade:0, Cable Facade - Blood Slime Block
appliedenergistics2:facade:0, Cable Facade - Slime Block
appliedenergistics2:facade:0, Cable Facade - Congealed Slime Block
appliedenergistics2:facade:0, Cable Facade - Congealed Slime Block
appliedenergistics2:facade:0, Cable Facade - Congealed Slime Block
appliedenergistics2:facade:0, Cable Facade - Congealed Bloodblock
appliedenergistics2:facade:0, Cable Facade - Congealed Slime Block
appliedenergistics2:facade:0, Cable Facade - Cobalt Ore
appliedenergistics2:facade:0, Cable Facade - Ardite Ore
appliedenergistics2:facade:0, Cable Facade - Lavawood
appliedenergistics2:facade:0, Cable Facade - Firewood
appliedenergistics2:facade:0, Cable Facade - Mud Bricks
appliedenergistics2:facade:0, Cable Facade - Block of Cobalt
appliedenergistics2:facade:0, Cable Facade - Block of Ardite
appliedenergistics2:facade:0, Cable Facade - Block of Manyullyn
appliedenergistics2:facade:0, Cable Facade - Block of Knightslime
appliedenergistics2:facade:0, Cable Facade - Block of Pigiron
appliedenergistics2:facade:0, Cable Facade - Silky Block of Jewel
appliedenergistics2:facade:0, Cable Facade - Green Slimy Dirt
appliedenergistics2:facade:0, Cable Facade - Blue Slimy Dirt
appliedenergistics2:facade:0, Cable Facade - Purple Slimy Dirt
appliedenergistics2:facade:0, Cable Facade - Magma Slimy Dirt
appliedenergistics2:facade:0, Cable Facade - Slimy Grass
appliedenergistics2:facade:0, Cable Facade - Green Slimy Grass
appliedenergistics2:facade:0, Cable Facade - Blue Slimy Grass
appliedenergistics2:facade:0, Cable Facade - Purple Slimy Grass
appliedenergistics2:facade:0, Cable Facade - Magma Slimy Grass
appliedenergistics2:facade:0, Cable Facade - Slimy Grass
appliedenergistics2:facade:0, Cable Facade - Green Slimy Grass
appliedenergistics2:facade:0, Cable Facade - Blue Slimy Grass
appliedenergistics2:facade:0, Cable Facade - Purple Slimy Grass
appliedenergistics2:facade:0, Cable Facade - Magma Slimy Grass
appliedenergistics2:facade:0, Cable Facade - Slimy Grass
appliedenergistics2:facade:0, Cable Facade - Green Slimy Grass
appliedenergistics2:facade:0, Cable Facade - Blue Slimy Grass
appliedenergistics2:facade:0, Cable Facade - Purple Slimy Grass
appliedenergistics2:facade:0, Cable Facade - Magma Slimy Grass
appliedenergistics2:facade:0, Cable Facade - Slimy Leaves
appliedenergistics2:facade:0, Cable Facade - Slimy Leaves
appliedenergistics2:facade:0, Cable Facade - Slimy Leaves
appliedenergistics2:facade:0, Cable Facade - Dried Clay
appliedenergistics2:facade:0, Cable Facade - Dried Bricks
appliedenergistics2:facade:0, Cable Facade - Smooth Brownstone
appliedenergistics2:facade:0, Cable Facade - Rough Brownstone
appliedenergistics2:facade:0, Cable Facade - Brownstone Paver
appliedenergistics2:facade:0, Cable Facade - Brownstone Bricks
appliedenergistics2:facade:0, Cable Facade - Cracked Brownstone Bricks
appliedenergistics2:facade:0, Cable Facade - Fancy Brownstone Bricks
appliedenergistics2:facade:0, Cable Facade - Square Brownstone Bricks
appliedenergistics2:facade:0, Cable Facade - Brownstone Road
appliedenergistics2:facade:0, Cable Facade - Brownstone Creeperface
appliedenergistics2:facade:0, Cable Facade - Triangle Brownstone Bricks
appliedenergistics2:facade:0, Cable Facade - Small Brownstone Bricks
appliedenergistics2:facade:0, Cable Facade - Brownstone Tiles
appliedenergistics2:facade:0, Cable Facade - Soul Stone
appliedenergistics2:facade:0, Cable Facade - Stygian Iron Block
appliedenergistics2:facade:0, Cable Facade - Stygian Iron Ore
appliedenergistics2:facade:0, Cable Facade - Xtone Tile
appliedenergistics2:facade:0, Cable Facade - Agon 1
appliedenergistics2:facade:0, Cable Facade - Azur 1
appliedenergistics2:facade:0, Cable Facade - Bitt 1
appliedenergistics2:facade:0, Cable Facade - Cray 1
appliedenergistics2:facade:0, Cable Facade - Fort 1
appliedenergistics2:facade:0, Cable Facade - Iszm 1
appliedenergistics2:facade:0, Cable Facade - Jelt 1
appliedenergistics2:facade:0, Cable Facade - Korp 1
appliedenergistics2:facade:0, Cable Facade - Kryp 1
appliedenergistics2:facade:0, Cable Facade - Lair 1
appliedenergistics2:facade:0, Cable Facade - Lave 1
appliedenergistics2:facade:0, Cable Facade - Mint 1
appliedenergistics2:facade:0, Cable Facade - Myst 1
appliedenergistics2:facade:0, Cable Facade - Reds 1
appliedenergistics2:facade:0, Cable Facade - Reed 1
appliedenergistics2:facade:0, Cable Facade - Roen 1
appliedenergistics2:facade:0, Cable Facade - Sols 1
appliedenergistics2:facade:0, Cable Facade - Sync 1
appliedenergistics2:facade:0, Cable Facade - Tank 1
appliedenergistics2:facade:0, Cable Facade - Vect 1
appliedenergistics2:facade:0, Cable Facade - Vena 1
appliedenergistics2:facade:0, Cable Facade - Zane 1
appliedenergistics2:facade:0, Cable Facade - Zech 1
appliedenergistics2:facade:0, Cable Facade - Zest 1
appliedenergistics2:facade:0, Cable Facade - Zeta 1
appliedenergistics2:facade:0, Cable Facade - Zion 1
appliedenergistics2:facade:0, Cable Facade - Zkul 1
appliedenergistics2:facade:0, Cable Facade - Zoea 1
appliedenergistics2:facade:0, Cable Facade - Zome 1
appliedenergistics2:facade:0, Cable Facade - Zone 1
appliedenergistics2:facade:0, Cable Facade - Zorg 1
appliedenergistics2:facade:0, Cable Facade - Ztyl 1
appliedenergistics2:facade:0, Cable Facade - Zyth 1
appliedenergistics2:facade:0, Cable Facade - Litherite
appliedenergistics2:facade:0, Cable Facade - Litherite Paver
appliedenergistics2:facade:0, Cable Facade - Litherite Bricks
appliedenergistics2:facade:0, Cable Facade - Litherite Tiles
appliedenergistics2:facade:0, Cable Facade - Erodium
appliedenergistics2:facade:0, Cable Facade - Erodium Paver
appliedenergistics2:facade:0, Cable Facade - Erodium Bricks
appliedenergistics2:facade:0, Cable Facade - Erodium Tiles
appliedenergistics2:facade:0, Cable Facade - Kyronite
appliedenergistics2:facade:0, Cable Facade - Kyronite Paver
appliedenergistics2:facade:0, Cable Facade - Kyronite Bricks
appliedenergistics2:facade:0, Cable Facade - Kyronite Tiles
appliedenergistics2:facade:0, Cable Facade - Pladium
appliedenergistics2:facade:0, Cable Facade - Pladium Paver
appliedenergistics2:facade:0, Cable Facade - Pladium Bricks
appliedenergistics2:facade:0, Cable Facade - Pladium Tiles
appliedenergistics2:facade:0, Cable Facade - Ionite
appliedenergistics2:facade:0, Cable Facade - Ionite Paver
appliedenergistics2:facade:0, Cable Facade - Ionite Bricks
appliedenergistics2:facade:0, Cable Facade - Ionite Tiles
appliedenergistics2:facade:0, Cable Facade - Aethium
appliedenergistics2:facade:0, Cable Facade - Aethium Paver
appliedenergistics2:facade:0, Cable Facade - Aethium Bricks
appliedenergistics2:facade:0, Cable Facade - Aethium Tiles
appliedenergistics2:facade:0, Cable Facade - Lonsdaleite
appliedenergistics2:facade:0, Cable Facade - Lonsdaleite Paver
appliedenergistics2:facade:0, Cable Facade - Lonsdaleite Bricks
appliedenergistics2:facade:0, Cable Facade - Lonsdaleite Tiles
appliedenergistics2:facade:0, Cable Facade - Mica
appliedenergistics2:facade:0, Cable Facade - Interconnect
appliedenergistics2:crystal_seed:0, Certus Quartz Seed
appliedenergistics2:crystal_seed:600, Nether Quartz Seed
appliedenergistics2:crystal_seed:1200, Fluix Seed
appliedenergistics2:crystal_seed:0, Certus Quartz Seed
appliedenergistics2:crystal_seed:600, Nether Quartz Seed
appliedenergistics2:crystal_seed:1200, Fluix Seed
appliedenergistics2:crystal_seed:0, Certus Quartz Seed
appliedenergistics2:crystal_seed:600, Nether Quartz Seed
appliedenergistics2:crystal_seed:1200, Fluix Seed
appliedenergistics2:encoded_pattern, Encoded Pattern
appliedenergistics2:paint_ball:0, Paint Ball - White
appliedenergistics2:paint_ball:1, Paint Ball - Orange
appliedenergistics2:paint_ball:2, Paint Ball - Magenta
appliedenergistics2:paint_ball:3, Paint Ball - Light Blue
appliedenergistics2:paint_ball:4, Paint Ball - Yellow
appliedenergistics2:paint_ball:5, Paint Ball - Lime
appliedenergistics2:paint_ball:6, Paint Ball - Pink
appliedenergistics2:paint_ball:7, Paint Ball - Gray
appliedenergistics2:paint_ball:8, Paint Ball - Light Gray
appliedenergistics2:paint_ball:9, Paint Ball - Cyan
appliedenergistics2:paint_ball:10, Paint Ball - Purple
appliedenergistics2:paint_ball:11, Paint Ball - Blue
appliedenergistics2:paint_ball:12, Paint Ball - Brown
appliedenergistics2:paint_ball:13, Paint Ball - Green
appliedenergistics2:paint_ball:14, Paint Ball - Red
appliedenergistics2:paint_ball:15, Paint Ball - Black
appliedenergistics2:paint_ball:20, Paint Ball - Lumen White
appliedenergistics2:paint_ball:21, Paint Ball - Lumen Orange
appliedenergistics2:paint_ball:22, Paint Ball - Lumen Magenta
appliedenergistics2:paint_ball:23, Paint Ball - Lumen Light Blue
appliedenergistics2:paint_ball:24, Paint Ball - Lumen Yellow
appliedenergistics2:paint_ball:25, Paint Ball - Lumen Lime
appliedenergistics2:paint_ball:26, Paint Ball - Lumen Pink
appliedenergistics2:paint_ball:27, Paint Ball - Lumen Gray
appliedenergistics2:paint_ball:28, Paint Ball - Lumen Light Gray
appliedenergistics2:paint_ball:29, Paint Ball - Lumen Cyan
appliedenergistics2:paint_ball:30, Paint Ball - Lumen Purple
appliedenergistics2:paint_ball:31, Paint Ball - Lumen Blue
appliedenergistics2:paint_ball:32, Paint Ball - Lumen Brown
appliedenergistics2:paint_ball:33, Paint Ball - Lumen Green
appliedenergistics2:paint_ball:34, Paint Ball - Lumen Red
appliedenergistics2:paint_ball:35, Paint Ball - Lumen Black
appliedenergistics2:dummy_fluid_item, item.appliedenergistics2.dummy_fluid_item.name
appliedenergistics2:material:28, Advanced Card
appliedenergistics2:material:44, Annihilation Core
appliedenergistics2:material:25, Basic Card
appliedenergistics2:material:52, Blank Pattern
appliedenergistics2:material:23, Calculation Processor
appliedenergistics2:material:13, Inscriber Calculation Press
appliedenergistics2:material:16, Printed Calculation Circuit
appliedenergistics2:material:27, Capacity Card
appliedenergistics2:material:53, Crafting Card
appliedenergistics2:material:29, Fuzzy Card
appliedenergistics2:material:31, Inverter Card
appliedenergistics2:material:60, Magnet Card
appliedenergistics2:material:58, Pattern Expansion Card
appliedenergistics2:material:59, Quantum Link Card
appliedenergistics2:material:26, Redstone Card
appliedenergistics2:material:30, Acceleration Card
appliedenergistics2:material:61, Sticky Card
appliedenergistics2:material:34, §d128³§r Spatial Component
appliedenergistics2:material:37, §a16k§r ME Storage Component
appliedenergistics2:material:33, §916³§r Spatial Component
appliedenergistics2:material:35, §61k§r ME Storage Component
appliedenergistics2:material:32, §62³§r Spatial Component
appliedenergistics2:material:36, §e4k§r ME Storage Component
appliedenergistics2:material:38, §b64k§r ME Storage Component
appliedenergistics2:material:0, Certus Quartz Crystal
appliedenergistics2:material:1, Charged Certus Quartz Crystal
appliedenergistics2:material:2, Certus Quartz Dust
appliedenergistics2:material:39, ME Storage Housing
appliedenergistics2:material:46, Ender Dust
appliedenergistics2:material:24, Engineering Processor
appliedenergistics2:material:14, Inscriber Engineering Press
appliedenergistics2:material:17, Printed Engineering Circuit
appliedenergistics2:material:4, Flour
appliedenergistics2:material:56, §a16k§r ME Fluid Storage Component
appliedenergistics2:material:54, §61k§r ME Fluid Storage Component
appliedenergistics2:material:55, §e4k§r ME Fluid Storage Component
appliedenergistics2:material:57, §b64k§r ME Fluid Storage Component
appliedenergistics2:material:7, Fluix Crystal
appliedenergistics2:material:8, Fluix Dust
appliedenergistics2:material:9, Fluix Pearl
appliedenergistics2:material:43, Formation Core
appliedenergistics2:material:51, Gold Dust
appliedenergistics2:material:49, Iron Dust
appliedenergistics2:material:22, Logic Processor
appliedenergistics2:material:15, Inscriber Logic Press
appliedenergistics2:material:18, Printed Logic Circuit
appliedenergistics2:material:6, Matter Ball
appliedenergistics2:material:21, Inscriber Name Press
appliedenergistics2:material:3, Nether Quartz Dust
appliedenergistics2:material:10, Pure Certus Quartz Crystal
appliedenergistics2:material:12, Pure Fluix Crystal
appliedenergistics2:material:11, Pure Nether Quartz Crystal
appliedenergistics2:material:48, Quantum Entangled Singularity
appliedenergistics2:material:5, Silicon
appliedenergistics2:material:19, Inscriber Silicon Press
appliedenergistics2:material:20, Printed Silicon
appliedenergistics2:material:47, Singularity
appliedenergistics2:material:45, Sky Stone Dust
appliedenergistics2:material:41, Wireless Receiver
appliedenergistics2:material:42, Wireless Booster
appliedenergistics2:material:40, Wooden Gear
appliedenergistics2:part:300, ME Annihilation Plane
appliedenergistics2:part:120, Cable Anchor
appliedenergistics2:part:20, ME Covered Cable - White
appliedenergistics2:part:21, ME Covered Cable - Orange
appliedenergistics2:part:22, ME Covered Cable - Magenta
appliedenergistics2:part:23, ME Covered Cable - Light Blue
appliedenergistics2:part:24, ME Covered Cable - Yellow
appliedenergistics2:part:25, ME Covered Cable - Lime
appliedenergistics2:part:26, ME Covered Cable - Pink
appliedenergistics2:part:27, ME Covered Cable - Gray
appliedenergistics2:part:28, ME Covered Cable - Light Gray
appliedenergistics2:part:29, ME Covered Cable - Cyan
appliedenergistics2:part:30, ME Covered Cable - Purple
appliedenergistics2:part:31, ME Covered Cable - Blue
appliedenergistics2:part:32, ME Covered Cable - Brown
appliedenergistics2:part:33, ME Covered Cable - Green
appliedenergistics2:part:34, ME Covered Cable - Red
appliedenergistics2:part:35, ME Covered Cable - Black
appliedenergistics2:part:36, ME Covered Cable - Fluix
appliedenergistics2:part:500, ME Dense Covered Cable - White
appliedenergistics2:part:501, ME Dense Covered Cable - Orange
appliedenergistics2:part:502, ME Dense Covered Cable - Magenta
appliedenergistics2:part:503, ME Dense Covered Cable - Light Blue
appliedenergistics2:part:504, ME Dense Covered Cable - Yellow
appliedenergistics2:part:505, ME Dense Covered Cable - Lime
appliedenergistics2:part:506, ME Dense Covered Cable - Pink
appliedenergistics2:part:507, ME Dense Covered Cable - Gray
appliedenergistics2:part:508, ME Dense Covered Cable - Light Gray
appliedenergistics2:part:509, ME Dense Covered Cable - Cyan
appliedenergistics2:part:510, ME Dense Covered Cable - Purple
appliedenergistics2:part:511, ME Dense Covered Cable - Blue
appliedenergistics2:part:512, ME Dense Covered Cable - Brown
appliedenergistics2:part:513, ME Dense Covered Cable - Green
appliedenergistics2:part:514, ME Dense Covered Cable - Red
appliedenergistics2:part:515, ME Dense Covered Cable - Black
appliedenergistics2:part:516, ME Dense Covered Cable - Fluix
appliedenergistics2:part:60, ME Dense Smart Cable - White
appliedenergistics2:part:61, ME Dense Smart Cable - Orange
appliedenergistics2:part:62, ME Dense Smart Cable - Magenta
appliedenergistics2:part:63, ME Dense Smart Cable - Light Blue
appliedenergistics2:part:64, ME Dense Smart Cable - Yellow
appliedenergistics2:part:65, ME Dense Smart Cable - Lime
appliedenergistics2:part:66, ME Dense Smart Cable - Pink
appliedenergistics2:part:67, ME Dense Smart Cable - Gray
appliedenergistics2:part:68, ME Dense Smart Cable - Light Gray
appliedenergistics2:part:69, ME Dense Smart Cable - Cyan
appliedenergistics2:part:70, ME Dense Smart Cable - Purple
appliedenergistics2:part:71, ME Dense Smart Cable - Blue
appliedenergistics2:part:72, ME Dense Smart Cable - Brown
appliedenergistics2:part:73, ME Dense Smart Cable - Green
appliedenergistics2:part:74, ME Dense Smart Cable - Red
appliedenergistics2:part:75, ME Dense Smart Cable - Black
appliedenergistics2:part:76, ME Dense Smart Cable - Fluix
appliedenergistics2:part:0, ME Glass Cable - White
appliedenergistics2:part:1, ME Glass Cable - Orange
appliedenergistics2:part:2, ME Glass Cable - Magenta
appliedenergistics2:part:3, ME Glass Cable - Light Blue
appliedenergistics2:part:4, ME Glass Cable - Yellow
appliedenergistics2:part:5, ME Glass Cable - Lime
appliedenergistics2:part:6, ME Glass Cable - Pink
appliedenergistics2:part:7, ME Glass Cable - Gray
appliedenergistics2:part:8, ME Glass Cable - Light Gray
appliedenergistics2:part:9, ME Glass Cable - Cyan
appliedenergistics2:part:10, ME Glass Cable - Purple
appliedenergistics2:part:11, ME Glass Cable - Blue
appliedenergistics2:part:12, ME Glass Cable - Brown
appliedenergistics2:part:13, ME Glass Cable - Green
appliedenergistics2:part:14, ME Glass Cable - Red
appliedenergistics2:part:15, ME Glass Cable - Black
appliedenergistics2:part:16, ME Glass Cable - Fluix
appliedenergistics2:part:40, ME Smart Cable - White
appliedenergistics2:part:41, ME Smart Cable - Orange
appliedenergistics2:part:42, ME Smart Cable - Magenta
appliedenergistics2:part:43, ME Smart Cable - Light Blue
appliedenergistics2:part:44, ME Smart Cable - Yellow
appliedenergistics2:part:45, ME Smart Cable - Lime
appliedenergistics2:part:46, ME Smart Cable - Pink
appliedenergistics2:part:47, ME Smart Cable - Gray
appliedenergistics2:part:48, ME Smart Cable - Light Gray
appliedenergistics2:part:49, ME Smart Cable - Cyan
appliedenergistics2:part:50, ME Smart Cable - Purple
appliedenergistics2:part:51, ME Smart Cable - Blue
appliedenergistics2:part:52, ME Smart Cable - Brown
appliedenergistics2:part:53, ME Smart Cable - Green
appliedenergistics2:part:54, ME Smart Cable - Red
appliedenergistics2:part:55, ME Smart Cable - Black
appliedenergistics2:part:56, ME Smart Cable - Fluix
appliedenergistics2:part:420, ME Conversion Monitor
appliedenergistics2:part:360, ME Crafting Terminal
appliedenergistics2:part:200, Dark Illuminated Panel
appliedenergistics2:part:341, ME Extended Processing Pattern Terminal
appliedenergistics2:part:260, ME Export Bus
appliedenergistics2:part:302, ME Fluid Annihilation Plane
appliedenergistics2:part:261, ME Fluid Export Bus
appliedenergistics2:part:321, ME Fluid Formation Plane
appliedenergistics2:part:241, ME Fluid Import Bus
appliedenergistics2:part:441, ME Fluid Interface
appliedenergistics2:part:522, ME Fluid Interface Configuration Terminal
appliedenergistics2:part:281, ME Fluid Level Emitter
appliedenergistics2:part:221, ME Fluid Storage Bus
appliedenergistics2:part:520, ME Fluid Terminal
appliedenergistics2:part:320, ME Formation Plane
appliedenergistics2:part:301, ME Identity Annihilation Plane
appliedenergistics2:part:240, ME Import Bus
appliedenergistics2:part:440, ME Interface
appliedenergistics2:part:521, ME Interface Configuration Terminal
appliedenergistics2:part:480, ME Interface Terminal
appliedenergistics2:part:100, ME Inverted Toggle Bus
appliedenergistics2:part:280, ME Level Emitter
appliedenergistics2:part:160, Bright Illuminated Panel
appliedenergistics2:part:222, ME OreDict Storage Bus
appliedenergistics2:part:469, P2P Tunnel - FE
appliedenergistics2:part:463, P2P Tunnel - Fluid
appliedenergistics2:part:462, P2P Tunnel - Item
appliedenergistics2:part:467, P2P Tunnel - Light
appliedenergistics2:part:460, P2P Tunnel - ME
appliedenergistics2:part:461, P2P Tunnel - Redstone
appliedenergistics2:part:340, ME Pattern Terminal
appliedenergistics2:part:140, Quartz Fiber
appliedenergistics2:part:180, Illuminated Panel
appliedenergistics2:part:220, ME Storage Bus
appliedenergistics2:part:400, ME Storage Monitor
appliedenergistics2:part:380, ME Terminal
appliedenergistics2:part:80, ME Toggle Bus
buildinggadgets:buildingtool, Building Gadget
buildinggadgets:exchangertool, Exchanging Gadget
buildinggadgets:copypastetool, Copy-Paste Gadget
buildinggadgets:templatemanager, Template Manager
buildinggadgets:template, Template
buildinggadgets:destructiontool, Destruction Gadget
buildinggadgets:constructionblock_dense, Dense Construction Block
buildinggadgets:constructionblock, Construction Block
buildinggadgets:constructionblockpowder, Construction Block Powder
buildinggadgets:constructionpaste, Construction Paste
buildinggadgets:construction_chunk_dense, Dense Construction Chunk
buildinggadgets:constructionpastecontainer, Paste Container
buildinggadgets:constructionpastecontainert2, Paste Container T2
buildinggadgets:constructionpastecontainert3, Paste Container T3
buildinggadgets:constructionpastecontainercreative, Creative Paste Container
chisel:auto_chisel, Auto Chisel
chisel:chisel_iron, Chisel
chisel:chisel_diamond, Diamond Chisel
chisel:chisel_hitech, iChisel
chisel:offsettool, Ender Offset Wand
elevatorid:elevator_white, White Elevator
elevatorid:elevator_orange, Orange Elevator
elevatorid:elevator_magenta, Magenta Elevator
elevatorid:elevator_light_blue, Light Blue Elevator
elevatorid:elevator_yellow, Yellow Elevator
elevatorid:elevator_lime, Lime Elevator
elevatorid:elevator_pink, Pink Elevator
elevatorid:elevator_gray, Gray Elevator
elevatorid:elevator_silver, Light Gray Elevator
elevatorid:elevator_cyan, Cyan Elevator
elevatorid:elevator_purple, Purple Elevator
elevatorid:elevator_blue, Blue Elevator
elevatorid:elevator_brown, Brown Elevator
elevatorid:elevator_green, Green Elevator
elevatorid:elevator_red, Red Elevator
elevatorid:elevator_black, Black Elevator
fluxnetworks:flux, Flux
fluxnetworks:fluxcore, Flux Core
fluxnetworks:fluxconfigurator, Flux Configurator
fluxnetworks:adminconfigurator, Admin Configurator
fluxnetworks:fluxblock, Flux Block
fluxnetworks:fluxplug, Flux Plug
fluxnetworks:fluxpoint, Flux Point
fluxnetworks:fluxcontroller, Flux Controller
fluxnetworks:fluxstorage, Basic Flux Storage
fluxnetworks:herculeanfluxstorage, Herculean Flux Storage
fluxnetworks:gargantuanfluxstorage, Gargantuan Flux Storage
mwc:copper_ore, Copper Ore
mwc:tin_ore, Tin Ore
mwc:sulfur_ore, Sulfur Ore
mwc:lead_ore, Lead Ore
mwc:graphite_ore, Graphite Ore
mwc:copper_ingot, Copper Ingot
mwc:tin_ingot, Tin Ingot
mwc:lead_ingot, Lead Ingot
mwc:sulfur_dust, Sulfur Dust
mwc:steel_dust, Steel Dust
mwc:graphite_chunk, Graphite Chunk
mwc:gunmetal_composite, Gunmetal Composite
mwc:carbon_fiber, Kevlar
mwc:synthetic_polymer_composite, Nylon
mwc:synthetic_plastic, Plastic Plate
mwc:steel_ingot, Steel Ingot
mwc:gunmetal_ingot, Gunmetal Ingot
mwc:gunmetal_plate, Gunmetal Plate
mwc:carbon_composite, Carbon Composite
mwc:vest_render, item.vest_render.name
naturescompass:naturescompass, Nature's Compass
hbmspace:insert_cmb, CMB Insert
retro_sophisticated_backpacks:backpack_leather, Leather Backpack
retro_sophisticated_backpacks:backpack_iron, Iron Backpack
retro_sophisticated_backpacks:backpack_gold, Gold Backpack
retro_sophisticated_backpacks:backpack_diamond, Diamond Backpack
retro_sophisticated_backpacks:backpack_obsidian, Obsidian Backpack
retro_sophisticated_backpacks:upgrade_base, Upgrade Base
retro_sophisticated_backpacks:stack_upgrade_starter_tier, Stack Upgrade Starter Tier
retro_sophisticated_backpacks:exponential_stack_upgrade, Exponential Stack Upgrade
retro_sophisticated_backpacks:stack_upgrade_tier_1, Stack Upgrade Tier 1
retro_sophisticated_backpacks:stack_upgrade_tier_2, Stack Upgrade Tier 2
retro_sophisticated_backpacks:stack_upgrade_tier_3, Stack Upgrade Tier 3
retro_sophisticated_backpacks:stack_upgrade_tier_4, Stack Upgrade Tier 4
retro_sophisticated_backpacks:crafting_upgrade, Crafting Upgrade
retro_sophisticated_backpacks:inception_upgrade, Inception Upgrade
retro_sophisticated_backpacks:pickup_upgrade, Pickup Upgrade
retro_sophisticated_backpacks:advanced_pickup_upgrade, Advanced Pickup Upgrade
retro_sophisticated_backpacks:feeding_upgrade, Feeding Upgrade
retro_sophisticated_backpacks:advanced_feeding_upgrade, Advanced Feeding Upgrade
retro_sophisticated_backpacks:deposit_upgrade, Deposit Upgrade
retro_sophisticated_backpacks:advanced_deposit_upgrade, Advanced Deposit Upgrade
retro_sophisticated_backpacks:restock_upgrade, Restock Upgrade
retro_sophisticated_backpacks:advanced_restock_upgrade, Advanced Restock Upgrade
retro_sophisticated_backpacks:filter_upgrade, Filter Upgrade
retro_sophisticated_backpacks:advanced_filter_upgrade, Advanced Filter Upgrade
rsgauges:bistableswitch2, Industrial Contact Lever
rsgauges:bistableswitch8, Industrial Lever
rsgauges:bistableswitch7, Industrial Rotary Lever
rsgauges:bistableswitch1, Rotary Machine Switch
rsgauges:bistableswitch3, Two-Button Machine Switch
rsgauges:bistableswitch5, ESTOP Button
rsgauges:bistableswitch6, Hopper Blocker
rsgauges:pulseswitch1, Machine Button
rsgauges:pulseswitch2, Fenced Machine Button
rsgauges:pulseswitch6, Industrial Button
rsgauges:pulseswitch5, Industrial Foot Button
rsgauges:pulseswitch3, Industrial Pull Handle Button
rsgauges:dimmerswitch1, Industrial Dimmer
rsgauges:contactmat1, Industrial Door Contact Mat
rsgauges:contactmat2, Industrial Contact Mat
rsgauges:contactmat3, Industrial Shock Sensitive Contact Mat
rsgauges:trapdoorswitch1, Industrial Shock Activated Trapdoor
rsgauges:trapdoorswitch2, Industrial Sensitive Shock Activated Trapdoor
rsgauges:trapdoorswitch3, Industrial Fall-Through Detection Frame
rsgauges:automaticswitch4, Industrial Day Timer Clock
rsgauges:automaticswitch7, Industrial Interval Signal Timer
rsgauges:automaticswitch1, Industrial Infrared Entity Detector
rsgauges:automaticswitch2, Industrial Linear Laser Entity Detector
rsgauges:automaticswitch3, Industrial Local Light Sensor
rsgauges:automaticswitch5, Industrial Rain Sensor
rsgauges:automaticswitch6, Industrial Thunderstorm Detector
rsgauges:observerswitch1, Industrial Block Category Detector
rsgauges:relay_pulseswitchrx1, Industrial Pulse Switch Link Receiver
rsgauges:relay_pulseswitchrx2, Industrial Cased Pulse Switch Link Receiver
rsgauges:relay_bistableswitchrx1, Industrial Switch Link Receiver
rsgauges:relay_bistableswitchrx2, Industrial Cased Switch Link Receiver
rsgauges:relay_pulseswitchtx1, Industrial Switch Link Pulse Sender
rsgauges:relay_bistableswitchtx1, Industrial Switch Link Sender
rsgauges:industrial_knock_switch, Knock Detector Bistable Switch (industrial)
rsgauges:industrial_knock_button, Knock Detector Pulse Switch (industrial)
rsgauges:flatgauge1, Analog Voltmeter Redstone Gauge
rsgauges:flatgauge6, Small Analog Voltmeter Redstone Gauge
rsgauges:flatgauge2, Analog Bar Redstone Gauge
rsgauges:flatgauge3, Small Digital Display Redstone Gauge
rsgauges:flatgauge5, Glass Tube Redstone Gauge
rsgauges:indicator4, Alarm Lamp
rsgauges:soundindicator1, Alarm Siren
rsgauges:indicator1, Green LED Redstone Indicator
rsgauges:indicator1blink1, Green Blinking LED Redstone Indicator
rsgauges:indicator2, Yellow LED Redstone Indicator
rsgauges:indicator2blink1, Yellow Blinking LED Redstone Indicator
rsgauges:indicator3, Red LED Redstone Indicator
rsgauges:indicator3blink1, Red LED Redstone Indicator
rsgauges:indicator_led_white, White LED Redstone Indicator
rsgauges:indicator_led_white_blink, White Blinking LED Redstone Indicator
rsgauges:bistableswitch_rustic1, Rustic Lever
rsgauges:bistableswitch_rustic2, Rustic Two-Hinge Lever
rsgauges:bistableswitch_rustic3, Rustic Rotary Lever
rsgauges:bistableswitch_rustic7, Rustic Nail Lever
rsgauges:pulseswitch_rustic1, Rustic Button
rsgauges:pulseswitch_rustic2, Rustic Small Button
rsgauges:pulseswitch_rustic3, Rustic Chain Button
rsgauges:pulseswitch_rustic7, Rustic Nail Button
rsgauges:contactmat_rustic1, Rustic Door Pressure Plate
rsgauges:contactmat_rustic2, Rustic Pressure Plate
rsgauges:contactmat_rustic3, Rustic Shock Sensitive Pressure Plate
rsgauges:trapdoorswitch_rustic1, Rustic Shock Activated Trapdoor
rsgauges:trapdoorswitch_rustic2, Rustic Sensitive Shock Activated Trapdoor
rsgauges:trapdoorswitch_rustic3, Rustic Fall-Through Detector Trapdoor
rsgauges:gauge_rustic2, Rustic Circular Wall Meter Redstone gauge
rsgauges:indicator_rustic_flag, Rustic Redstone Semaphore
rsgauges:bistableswitch_glass1, Bistable Glass Switch
rsgauges:bistableswitch_glass2, Bistable Glass Touch Switch
rsgauges:pulseswitch_glass1, Glass Button
rsgauges:pulseswitch_glass2, Small Glass Button
rsgauges:pulseswitch_glass3, Glass Touch Button
rsgauges:contactmat_glass1, Configurable Glass Contact Plate
rsgauges:contactmat_glass2, Glass Contact Plate
rsgauges:daytimeswitch_glass1, Glass Day Timer Clock
rsgauges:timerswitch_glass1, Glass Interval Signal Timer
rsgauges:detectorswitch_glass1, Glass Infrared Entity Detector
rsgauges:detectorswitch_glass2, Glass Linear Laser Entity Detector
rsgauges:industrial_comparator_switch, Industrial Comparator Switch
rsgauges:flatgauge4, Glass Bar Redstone Gauge
rsgauges:bistableswitch_oldfancy1, Old Fancy Lever
rsgauges:bistableswitch_oldfancy2, Old Fancy Rotary Lever
rsgauges:pulseswitch_oldfancy1, Old Fancy Button
rsgauges:pulseswitch_oldfancy2, Old Fancy Chain Button
rsgauges:pulseswitch_oldfancy4, Small Old Fancy Button
rsgauges:powerplant_yellow, Yellow power plant
rsgauges:powerplant_red, Red power plant
rsgauges:bistableswitch4, Small Light Switch
rsgauges:arrowtarget, Arrow Target
rsgauges:valve_wheel_switch, Valve Switch
rsgauges:elevator_button, Elevator Button
rsgauges:door_sensor_switch, Door sensor
rsgauges:sensitiveglass, Redstone-Sensitive Glass Block (Light Emitting)
rsgauges:sensitiveglass_white, Redstone-Sensitive Glass Block (White-Stained)
rsgauges:sensitiveglass_red, Redstone-Sensitive Glass Block (Red-Stained)
rsgauges:sensitiveglass_green, Redstone-Sensitive Glass Block (Green-Stained)
rsgauges:sensitiveglass_blue, Redstone-Sensitive Glass Block (Blue-Stained)
rsgauges:sensitiveglass_yellow, Redstone-Sensitive Glass Block (Yellow-Stained)
rsgauges:sensitiveglass_orange, Redstone-Sensitive Glass Block (Orange-Stained)
rsgauges:sensitiveglass_magenta, Redstone-Sensitive Glass Block (Magenta-Stained)
rsgauges:sensitiveglass_lightblue, Redstone-Sensitive Glass Block (Light-Blue-Stained)
rsgauges:sensitiveglass_lime, Redstone-Sensitive Glass Block (Lime-Stained)
rsgauges:sensitiveglass_pink, Redstone-Sensitive Glass Block (Pink-Stained)
rsgauges:sensitiveglass_gray, Redstone-Sensitive Glass Block (Gray-Stained)
rsgauges:sensitiveglass_lightgray, Redstone-Sensitive Glass Block (Light-Gray-Stained)
rsgauges:sensitiveglass_cyan, Redstone-Sensitive Glass Block (Cyan-Stained)
rsgauges:sensitiveglass_purple, Redstone-Sensitive Glass Block (Purple-Stained)
rsgauges:sensitiveglass_brown, Redstone-Sensitive Glass Block (Brown-Stained)
rsgauges:sensitiveglass_black, Redstone-Sensitive Glass Block (Black-Stained)
rsgauges:sensitiveglass_inverted, Redstone-Sensitive Glass Block (Inverted, Light Emitting)
rsgauges:pulseswitch_rustic4, Pulse switch
rsgauges:pulseswitch_rustic5, Pulse switch
rsgauges:pulseswitch_rustic6, Pulse switch
rsgauges:pulseswitch_oldfancy3, Pulse Switch
rsgauges:bistableswitch_oldfancy3, Bistable Switch
rsgauges:bistableswitch_oldfancy4, Bistable Switch
rsgauges:bistableswitch_oldfancy5, Bistable Switch
rsgauges:bistableswitch_oldfancy6, Bistable Switch
rsgauges:bistableswitch_oldfancy7, Bistable Switch
rsgauges:bistableswitch_rustic4, Bistable Switch
rsgauges:bistableswitch_rustic5, Bistable Switch
rsgauges:bistableswitch_rustic6, Bistable Switch
rsgauges:switchlink_pearl, Switch Link Pearl
snad:snad:0, Snad
snad:snad:1, Red Snad
srparasites:infested_furnace, Infested Furnace
srparasites:parasiterubbleslabhalf:0, Concentrated Flesh Slab
srparasites:parasiterubbleslabhalf:1, Fortified Bone Slab
srparasites:parasiterubbleslabhalf:2, Hivestone Slab
srparasites:parasiterubbleslabhalf:3, Hivestone Debris Slab
srparasites:parasiterubbleslabhalf:4, Consumed Wood Slab
srparasites:parasiterubbleslabhalf:5, Hivestone Brick Slab
srparasites:parasiterubbleslabhalf:6, Hivesteel Slab
srparasites:parasiterubbleslabhalf:7, Bleeding Obsidian Slab
srparasites:parasitestainslabhalf:0, Hivesoil Slab
srparasites:parasitestainslabhalf:1, Visceral Mud Slab
srparasites:parasitestainslabhalf:2, Flesh Chunk Slab
srparasites:parasitestainslabhalf:3, Compressed Artery Slab
srparasites:parasitestainslabhalf:4, Mycelium Network Slab
srparasites:parasitestainslabhalf:5, Contusion Slab
srparasites:parasitestainslabhalf:6, Sacked Flesh Slab
srparasites:relay_base, Relay Terminal | Bottom
srparasites:relay_middle, Relay Structure | Middle
srparasites:relay_roof, Relay Antennas | Top
srparasites:relaycontroller, Relay Controller
srparasites:flesh_stairs, Flesh Plank Stairs
srparasites:cooked_flesh_stairs, Cooked Flesh Stairs
srparasites:harleskinn_stairs, Harleskinn Stairs
srparasites:bruisewood_plank_stairs, Bruisewood Plank Stairs
srparasites:infested_sandstone_stairs, Infested Sandstone Stairs
srparasites:goth_planks_stairs, Goth Planks Stairs
srparasites:infested_planks_stairs, Infested Planks Stairs
srparasites:frost_weathered_stone_stairs, Frost Weathered Stone Stairs
srparasites:consumed_planks_stairs, Consumed Plank Stairs
srparasites:infested_stone_bricks_stairs, Infested Stone Bricks Stairs
srparasites:infested_polished_stone_bricks_stairs, Infested Polished Stone Bricks Stairs
srparasites:infested_stone_stairs, Infested Stone Stairs
srparasites:wheathered_bricks_stairs, Weathered Bricks Stairs
srparasites:wheathered_cobblestone_stairs, Weathered Cobblestone Stairs
srparasites:deadhead_plank_stairs, Deadhead Stairs
srparasites:residue_stairs, Residue Brick Stairs
srparasites:harleskinn_fence, Harleskinn Fence
srparasites:infested_fence, Infested Fence
srparasites:deadhead_fence, Deadhead Fence
srparasites:goth_fence, Goth Fence
srparasites:consumed_fence, Consumed Fence
srparasites:bruisewood_fence, Bruisewood Fence
srparasites:flesh_fence, Flesh Fence
srparasites:cooked_flesh_fence, Cooked Flesh Fence
srparasites:infestedstain, Infested Dirt
srparasites:infestremain, Infested Residue
srparasites:infestedtrunk, Infested Log
srparasites:infestedrubble, Infested Stone
srparasites:infestedbush:0, Infested Vein Thorns
srparasites:infestedbush:1, Infested Vein Branches
srparasites:infestedbush:2, Infested Vein Sprout
srparasites:infestedbush:3, Infested Veins Bush
srparasites:infestedbush:4, Infested Vein Coil
srparasites:infestedbush:5, Infested Vein Roots
srparasites:bloodyice, Bloody Ice
srparasites:gothshroom, Gothshroom
srparasites:parasite_barrier, Parasite Chunk Barrier | Creative-Only
srparasites:biomeheart, Hive Core
srparasites:colonyheart, Parasitic Colony Core
srparasites:colonyoutpost, Parasitic Colony Outpost
srparasites:biomepurifier, §bBiome Purifier
srparasites:dermoid_cyst, Dermoid Cyst
srparasites:node_redstone_lamp, Node Lamp
srparasites:biomass_block, Biomass Block
srparasites:residue_block, Residue Block
srparasites:fog_nullifier, Fog Nullifier
srparasites:residue_plants, Residue Bloomings
srparasites:infuser_furnace, Metallurgical Infuser Furnace
srparasites:assimilated_blossom, Assimilated Blossom
srparasites:potted_assimilated_blossom, Potted Assimilated Blossom
srparasites:potted_consumed_assimilated_blossom, Consumed Potted Assimilated Blossom
srparasites:infested_pot, Infested Flower Pot
srparasites:consumed_pot, Consumed Flower Pot
srparasites:alveoli, Alveoli
srparasites:sick_alveoli, Sick Alveoli
srparasites:alveoli_growth, Alveoli Growth
srparasites:solid_alveoli_block, Solid Alveoli Block
srparasites:infested_cobblestone, Infested Cobblestone
srparasites:infestation_purifier, Creative Infestation Purifier
srparasites:esca_bulb_white, Esca Bulb (White)
srparasites:esca_bulb_orange, Esca Bulb (Orange)
srparasites:esca_bulb_magenta, Esca Bulb (Magenta)
srparasites:esca_bulb_light_blue, Esca Bulb (Light Blue)
srparasites:esca_bulb_yellow, Esca Bulb (Yellow)
srparasites:esca_bulb_lime, Esca Bulb (Lime)
srparasites:esca_bulb_pink, Esca Bulb (Pink)
srparasites:esca_bulb_gray, Esca Bulb (Gray)
srparasites:esca_bulb_light_gray, Esca Bulb (Light Gray)
srparasites:esca_bulb_cyan, Esca Bulb (Cyan)
srparasites:esca_bulb_purple, Esca Bulb (Purple)
srparasites:esca_bulb_blue, Esca Bulb (Blue)
srparasites:esca_bulb_brown, Esca Bulb (Brown)
srparasites:esca_bulb_green, Esca Bulb (Green)
srparasites:esca_bulb_red, Esca Bulb (Red)
srparasites:esca_bulb_black, Esca Bulb (Black)
srparasites:esca_bulb, Esca Bulb
srparasites:parasitebush:0, Capillary Net
srparasites:parasitebush:1, Nerve Ringlet
srparasites:parasitebush:2, Parasitic Vesicle
srparasites:parasitebush:3, Terminal Blinder
srparasites:parasitebush:4, Small Incisor
srparasites:parasitebush:5, Frost-burnt Grass
srparasites:parasitebush:6, Frost-burned Grass
srparasites:parasitebush:7, Thornshade
srparasites:parasitecanister:0, §aBladder Sac
srparasites:parasitecanister:1, Vacuous Cyst
srparasites:parasitecanister:2, Grotesque Lump
srparasites:parasitecanister:3, Sac of Flesh
srparasites:parasitetrunk:0, Bruisewood Log
srparasites:parasitetrunk:1, Veinwood Log
srparasites:parasitetrunk:2, Darkwood Log
srparasites:parasitetrunk:3, Circle Trunk
srparasites:parasitetrunk:4, Deadhead Log
srparasites:parasiteplank:0, Deadhead Plank
srparasites:parasiteplank:1, Deadhead Plank
srparasites:parasiteloot:0, Benign Growth
srparasites:parasiteloot:1, Malignant Growth
srparasites:parasiteloot:2, Metastatic Mass
srparasites:parasitestain:0, Hivesoil
srparasites:parasitestain:1, Visceral Mud
srparasites:parasitestain:2, Flesh Chunk
srparasites:parasitestain:3, Compressed Arteries
srparasites:parasitestain:4, Mycelium Network
srparasites:parasitestain:5, Contusion Block
srparasites:parasitestain:6, Sacked Flesh Block
srparasites:parasiterubble:0, Concentrated Flesh Chunk
srparasites:parasiterubble:1, Fortified Bone
srparasites:parasiterubble:2, Hivestone
srparasites:parasiterubble:3, Hivestone Debris
srparasites:parasiterubble:4, Consumed Wood
srparasites:parasiterubble:5, Hivestone Bricks
srparasites:parasiterubble:6, Hivesteel
srparasites:parasiterubble:7, Bleeding Obsidian
srparasites:parasiterubble:8, Assimilated Fungus
srparasites:parasiterubble:9, Weathered Bricks
srparasites:parasiterubble:10, Weathered Bricks
srparasites:parasiterubble:11, Weathered Cobblestone
srparasites:parasiterubble:12, Weathered Cobblestone
srparasites:parasiterubble:13, Frost Weathered Stone
srparasites:parasiterubble:14, Frost Weathered Stone
srparasites:parasitestructure, Incomplete Parasitic Colony Structure
srparasites:parasitethin, Thin Parasitic Log
srparasites:parasitesapling:0, Veinwood Sapling
srparasites:parasitesapling:1, Eyesore Sapling
srparasites:parasitesapling:2, Darkwood Sapling
srparasites:parasitesapling:3, Consumed Sapling | WIP
srparasites:parasitesapling:4, Deadhead Sapling | WIP
srparasites:parasitesapling:5, Infested Sapling | WIP
srparasites:parasitemouth, Maw
srparasites:parasiterubbledense:0, Compressed Hivestone
srparasites:parasiterubbledense:1, Reinforced Hivestone
srparasites:parasiterubbledense:2, Parasitic Compressed Colony Stone
srparasites:parasiterubble_flesh_wall, Concentrated Flesh Wall
srparasites:infested_planks, Infested Planks
srparasites:infested_stone_bricks, Infested Stone Bricks
srparasites:infested_terracotta, Infested Terracotta
srparasites:infested_stone_polished, Polished Infested Stone
srparasites:residue_bricks, Residue Bricks
srparasites:infested_column, Infested Column
srparasites:inf_ss, Infested Sandstone
srparasites:inf_ss_chiseled, Chiseled Infested Sandstone
srparasites:inf_ss_cut, Chiseled Cut Sandstone
srparasites:ashen_glass, Ashen Glass
srparasites:shrouded_glass, Shrouded Glass
srparasites:harlequinn_glass, Harlequinn Glass
srparasites:bloody_glass, Bloody Glass
srparasites:infested_glass, Infested Glass
srparasites:shade_glass, Shade Glass
srparasites:sepia_glass, Sepia Glass
srparasites:moody_glass, Moody Glass
srparasites:ashen_glass_pane, Ashen Glass Pane
srparasites:infested_glass_pane, Infested Glass Pane
srparasites:bloody_glass_pane, Bloody Glass Pane
srparasites:harlequinn_glass_pane, Harlequinn Glass Pane
srparasites:shrouded_glass_pane, Shrouded Glass Pane
srparasites:shade_glass_pane, Shade Glass Pane
srparasites:sepia_glass_pane, Sepia Glass Pane
srparasites:moody_glass_pane, Moody Glass Pane
srparasites:goth_stem, Goth Stem
srparasites:assimilated_pumpkin, Assimilated Pumpkin
srparasites:assimilated_jack_o_lantern, Assimilated Jack o'Lantern
srparasites:assimilated_reed, Assimilated Sugar Cane
srparasites:cooked_flesh, Cooked Flesh
srparasites:cooked_flesh_planks, Cooked Flesh Planks
srparasites:flesh_planks, Flesh Planks
srparasites:goth_planks, Goth Planks
srparasites:brusewood_planks, Bruisewood Planks
srparasites:consumed_planks, Consumed Planks
srparasites:semiorganic_block, Semi-organic Block
srparasites:harlequinn_grass, Harlequinn Grass Block
srparasites:harleskinn_block, Harleskinn Block
srparasites:poland_skin_block, Poland Skin Block
srparasites:hair_follicle_block, Bronchial Tube
srparasites:locs_block, Locs Block
srparasites:infested_leaves, Infested Leaves
srparasites:infested_leaves_fast, Infested Leaves (Fast)
srparasites:hirsute_hair, Hirsute Hair
srparasites:tresses_hair, Tresses Hair
srparasites:lipoma_mass, Lipoma Mass
srparasites:consumed_workbench, Consumed Crafting Table
srparasites:infested_workbench, Infested Crafting Table
srparasites:infested_cactus, Infested Cactus
srparasites:harleskinn_slab:0, Harleskinn Slab
srparasites:infested_cobblestone_slab:0, Infested Cobblestone Slab
srparasites:infested_stone_slab:0, Infested Stone Slab
srparasites:infested_dirt_slab:0, Infested Dirt Slab
srparasites:reinforced_hivestone_slab:0, Reinforced Hivestone Slab
srparasites:parasitic_colony_core_slab:0, Parasitic Colony Core Slab
srparasites:sac_of_flesh_slab:0, Sac of Flesh Slab
srparasites:dead_head_plank_slab:0, Deadhead Plank Slab
srparasites:weathered_bricks_slab:0, Weathered Bricks Slab
srparasites:parasitic_compressed_colony_stone_slab:0, Parasitic Compressed Colony Stone Slab
srparasites:weathered_cobblestone_slab:0, Weathered Cobblestone Slab
srparasites:frost_weathered_stone_slab:0, Frost Weathered Stone Slab
srparasites:infested_stone_brick_slab:0, Infested Stone Brick Slab
srparasites:infested_terracotta_slab:0, Infested Terracotta Slab
srparasites:polished_infested_stone_slab:0, Polished Infested Stone Slab
srparasites:residue_brick_slab:0, Residue Brick Slab
srparasites:infested_sandstone_slab:0, Infested Sandstone Slab
srparasites:goth_plank_slab:0, Goth Plank Slab
srparasites:bruisewood_plank_slab:0, Bruisewood Plank Slab
srparasites:consumed_plank_slab:0, Consumed Plank Slab
srparasites:infested_plank_slab:0, Infested Plank Slab
srparasites:poland_skin_slab:0, Poland Skin Slab
srparasites:locs_block_slab:0, Locs Block Slab
srparasites:cooked_flesh_slab:0, Cooked Flesh Plank Slab
srparasites:flesh_slab:0, Flesh Plank Slab
srparasites:goth_door, Goth Door | WIP
srparasites:brusewood_door, Bruisewood Door | WIP
srparasites:consumed_door, Consumed Door | WIP
srparasites:diseased_sponge, Diseased Sponge
srparasites:brusewood_trapdoor, Bruisewood Trapdoor | WIP
srparasites:consumed_trapdoor, Consumed Trapdoor | WIP
srparasites:residue_wall, Residue Wall
srparasites:infested_plank_wall, Infested Plank Wall
srparasites:bruisewood_plank_wall, Bruisewood Plank Wall
srparasites:polished_infested_stone_wall, Polished Infested Stone Wall
srparasites:infested_stone_brick_wall, Infested Stone Brick Wall
srparasites:goth_plank_wall, Goth Plank Wall
srparasites:infested_sandstone_wall, Infested Sandstone Wall
srparasites:consumed_plank_wall, Consumed Plank Wall
srparasites:parasiteplank_deadhead_wall, Deadhead Plank Wall
srparasites:parasiterubble_weathb_wall, Weathered Brick Wall
srparasites:parasiterubbledense_colony_wall, Compressed Colony Stone Wall
srparasites:parasiterubble_weathfs_wall, Frost Weathered Stone Wall
srparasites:parasiterubbledense_biome_wall, Reinforced Hivestone Wall
srparasites:parasiterubble_weathbc_wall, Weathered Cobblestone Wall
srparasites:parasiterubble_bricks_wall, Hivestone Brick Wall
srparasites:parasitecanister_bag_wall, Sac of Flesh Wall
srparasites:infestedrubble_wall, Infested Stone Wall
srparasites:infestedstain_wall, Infested Dirt Wall
srparasites:parasitestain_flesh_wall, Flesh Chunk Wall
srparasites:parasiterubble_metal_wall, Hivesteel Wall
srparasites:parasiterubble_bonestairs, Fortified Bone Stairs
srparasites:parasiterubble_fleshstairs, Concentrated Flesh Stairs
srparasites:parasiterubble_stonestairs, Hivestone Stairs
srparasites:parasiterubble_stonedebrisstairs, Hivestone Debris Stairs
srparasites:parasiterubble_woodstairs, Consumed Wood Stairs
srparasites:parasiterubble_bricksstairs, Hivestone Bricks Stairs
srparasites:parasiterubble_metalstairs, Hivesteel Stairs
srparasites:parasiterubble_obsidianstairs, Bleeding Obsidian Stairs
srparasites:parasiterubble_fungusstairs, Assimilated Fungus Stairs
srparasites:parasitestain_fleshstairs, Flesh Chunk Stairs
srparasites:parasitestain_dirtstairs, Hivesoil Stairs
srparasites:parasitestain_mudstairs, Visceral Mud Stairs
srparasites:parasitestain_feelerstairs, Compressed Arteries Stairs
srparasites:parasiterubbledense_wallstairs, Compressed Hivestone Stairs
srparasites:parasiterubbledense_biomestairs, Reinforced Hivestone Stairs
srparasites:parasiterubbledense_colonystairs, Parasitic Compressed Colony Stone Stairs
srparasites:parasitetrunk_ballstairs, Bruisewood Stairs
srparasites:parasitetrunk_treestairs, Veinwood Stairs
srparasites:parasitetrunk_plantstairs, Darkwood Stairs
srparasites:parasiterubbleslabdouble, tile.srparasites.parasiterubbleslabdouble.name
srparasites:parasitestainslabdouble, tile.srparasites.parasitestainslabdouble.name
srparasites:parasitetendril, Parasitic Tendril
srparasites:parasitefog, Fog
srparasites:srpweb:0, §8Thin Webbing
srparasites:srpweb:1, §aToxicant Webbing
srparasites:srpweb:2, §8Tarnished Webbing
srparasites:evolutionlure:0, Lure (§4Weakened§f)
srparasites:evolutionlure:1, Lure (§cFaint§f)
srparasites:evolutionlure:2, Lure (§6Slender§f)
srparasites:evolutionlure:3, Lure (§eStable§f)
srparasites:evolutionlure:4, Lure (§2Substantial§f)
srparasites:evolutionlure:5, Lure (§aConcentrated§f)
srparasites:evolutionlure:6, Lure (§bConcentrated+§f)
srparasites:evolutionlure:7, Lure (§dConcentrated++§f)
srparasites:evolutionlure:8, Lure (§5Overloaded§f)
srparasites:evolutionlure:9, Lure (§9Anomalous§f)
srparasites:tunnel, Tunnel
srparasites:canisteractive, Gluttonous Cyst
srparasites:dispatchern, §cDispatcher Nidus
srparasites:infestedore:0, Pestilential Coal Ore
srparasites:infestedore:1, Pestilential Diamond Ore
srparasites:infestedore:2, Pestilential Emerald Ore
srparasites:infestedore:3, Pestilential Gold Ore
srparasites:infestedore:4, Pestilential Iron Ore
srparasites:infestedore:5, Pestilential Lapis Lazuli Ore
srparasites:infestedore:6, Pestilential Redstone Ore
srparasites:infestedore:7, Pestilential Ore
srparasites:infestedsand, Infested Sand
srparasites:goresim:0, Assimilated Remains (M)
srparasites:goresim:1, Assimilated Remains (S)
srparasites:goresim:2, Assimilated Remains (L)
srparasites:gorepri:0, Primitive Remains (M)
srparasites:gorepri:1, Primitive Remains (S)
srparasites:gorepri:2, Primitive Remains (L)
srparasites:goreada:0, Adapted Remains (M)
srparasites:goreada:1, Adapted Remains (S)
srparasites:goreada:2, Adapted Remains (L)
srparasites:gorepur:0, Pure Remains (M)
srparasites:gorepur:1, Pure Remains (S)
srparasites:gorepur:2, Pure Remains (L)
srparasites:gorefer:0, Feral Remains (M)
srparasites:gorefer:1, Feral Remains (S)
srparasites:gorefer:2, Feral Remains (L)
srparasites:goremar:0, Assimara Remains (M)
srparasites:goremar:1, Assimara Remains (S)
srparasites:goremar:2, Assimara Remains (L)
srparasites:alveolar_fluid, Alveolar Fluid
srparasites:deadblood_fluid, §2Dead Blood Fluid
srparasites:srp_field_guide, Compendium
srparasites:itemmobspawner_dorpa, Spawn Assimilated Big Spider
srparasites:itemmobspawner_infsquid, Spawn Assimilated Squid
srparasites:itemmobspawner_infbear, Spawn Assimilated Bear
srparasites:itemmobspawner_infhuman, Spawn Assimilated Human
srparasites:itemmobspawner_infhumanhead, Spawn Walking Human Head
srparasites:itemmobspawner_infenderman, Spawn Assimilated Enderman 
srparasites:itemmobspawner_infendermanhead, Spawn Walking Enderman Head
srparasites:itemmobspawner_infcow, Spawn Assimilated Cow
srparasites:itemmobspawner_infcowhead, Spawn Walking Cow Head
srparasites:itemmobspawner_infsheep, Spawn Assimilated Sheep
srparasites:itemmobspawner_infsheephead, Spawn Walking Sheep Head
srparasites:itemmobspawner_infwolf, Spawn Assimilated Wolf
srparasites:itemmobspawner_infwolfhead, Spawn Walking Wolf Head
srparasites:itemmobspawner_infpig, Spawn Assimilated Pig
srparasites:itemmobspawner_infpighead, Spawn Walking Pig Head
srparasites:itemmobspawner_infvillager, Spawn Assimilated Villager
srparasites:itemmobspawner_infvillagerhead, Spawn Walking Villager Head
srparasites:itemmobspawner_inhoos, Spawn Small Incomplete Form
srparasites:itemmobspawner_inhoom, Spawn Medium Incomplete Form
srparasites:itemmobspawner_infhorse, Spawn Assimilated Horse
srparasites:itemmobspawner_infhorsehead, Spawn Walking Horse Head
srparasites:itemmobspawner_infplayer, Spawn Assimilated Adventurer
srparasites:itemmobspawner_infplayerhead, Spawn Walking Adventurer Head
srparasites:itemmobspawner_infdragone, Spawn Assimilated Ender Dragon
srparasites:itemmobspawner_infdragonehead, Spawn Walking Ender Dragon Head
srparasites:itemmobspawner_quac, Spawn Worm Carrier 
srparasites:itemmobspawner_leer, Spawn Airscrew 
srparasites:itemmobspawner_ferbear, Spawn Feral Bear
srparasites:itemmobspawner_ferhuman, Spawn Feral Human
srparasites:itemmobspawner_fercow, Spawn Feral Cow
srparasites:itemmobspawner_ferenderman, Spawn Feral Enderman
srparasites:itemmobspawner_ferhorse, Spawn Feral Horse
srparasites:itemmobspawner_ferpig, Spawn Feral Pig
srparasites:itemmobspawner_fersheep, Spawn Feral Sheep
srparasites:itemmobspawner_fervillager, Spawn Feral Villager
srparasites:itemmobspawner_ferwolf, Spawn Feral Wolf
srparasites:itemmobspawner_marcow, Spawn Assimara Cow
srparasites:itemmobspawner_marenderman, Spawn Assimara Enderman 
srparasites:itemmobspawner_marvillager, Spawn Assimara Villager
srparasites:itemmobspawner_marhuman, Spawn Assimara Human
srparasites:itemmobspawner_marsheep, Spawn Assimara Sheep
srparasites:itemmobspawner_marbear, Spawn Assimara Bear
srparasites:itemmobspawner_higolem, Spawn Hijacked Golem
srparasites:itemmobspawner_hiblaze, Spawn Hijacked Blaze
srparasites:itemmobspawner_hiskeleton, Spawn Hijacked Skeleton
srparasites:itemmobspawner_host, Spawn Host
srparasites:itemmobspawner_hostii, Spawn Herd
srparasites:itemmobspawner_heed, Spawn Heed
srparasites:itemmobspawner_cruxa, Spawn Crux
srparasites:itemmobspawner_mes, Spawn Thrall
srparasites:itemmobspawner_lesh, Spawn Moving Flesh
srparasites:itemmobspawner_done, Spawn Dredge 
srparasites:itemmobspawner_cruxb, Spawn Incomplete Crux
srparasites:itemmobspawner_abobodies, Spawn Abomination Many Bodies
srparasites:itemmobspawner_abohead, Spawn Abomination Giant Head
srparasites:itemmobspawner_shyco, Spawn Primitive Longarms
srparasites:itemmobspawner_canra, Spawn Primitive Summoner
srparasites:itemmobspawner_nogla, Spawn Primitive Reeker
srparasites:itemmobspawner_hull, Spawn Primitive Manducater
srparasites:itemmobspawner_emana, Spawn Primitive Yelloweye
srparasites:itemmobspawner_bano, Spawn Primitive Bolster
srparasites:itemmobspawner_wymo, Spawn Primitive Tozoon 
srparasites:itemmobspawner_iki, Spawn Primitive Vermin
srparasites:itemmobspawner_ranrac, Spawn Primitive Arachnida
srparasites:itemmobspawner_lum, Spawn Primitive Devourer
srparasites:itemmobspawner_gim, Spawn Primitive Viscera
srparasites:itemmobspawner_zaa, Spawn Primitive Burrower
srparasites:itemmobspawner_shycoadapted, Spawn Adapted Longarms
srparasites:itemmobspawner_canraadapted, Spawn Adapted Summoner
srparasites:itemmobspawner_noglaadapted, Spawn Adapted Reeker
srparasites:itemmobspawner_hulladapted, Spawn Adapted Manducater
srparasites:itemmobspawner_emanaadapted, Spawn Adapted Yelloweye
srparasites:itemmobspawner_banoadapted, Spawn Adapted Bolster
srparasites:itemmobspawner_wymoadapted, Spawn Adapted Tozoon 
srparasites:itemmobspawner_ikiadapted, Spawn Adapted Vermin
srparasites:itemmobspawner_ranracadapted, Spawn Adapted Arachnida
srparasites:itemmobspawner_lumadapted, Spawn Adapted Devourer
srparasites:itemmobspawner_gimadapted, Spawn Adapted Viscera
srparasites:itemmobspawner_zaaadapted, Spawn Adapted Burrower
srparasites:itemmobspawner_lodo, Spawn Buglin
srparasites:itemmobspawner_mudo, Spawn Rupter
srparasites:itemmobspawner_nuuh, Spawn Mangler
srparasites:itemmobspawner_ata, Spawn Gnat
srparasites:itemmobspawner_rathol, Spawn Heavy Carrier
srparasites:itemmobspawner_gothol, Spawn Light Carrier
srparasites:itemmobspawner_buthol, Spawn Flying Carrier
srparasites:itemmobspawner_venkrol, Spawn Beckon Stage I
srparasites:itemmobspawner_venkrolsii, Spawn Beckon Stage II
srparasites:itemmobspawner_venkrolsiii, Spawn Beckon Stage III
srparasites:itemmobspawner_venkrolsiv, Spawn Beckon Stage IV
srparasites:itemmobspawner_tonro, Spawn Kyphosis
srparasites:itemmobspawner_unvo, Spawn Sentry 
srparasites:itemmobspawner_nak, Spawn Seizer
srparasites:itemmobspawner_dod, Spawn Dispatcher Stage I
srparasites:itemmobspawner_dodsii, Spawn Dispatcher Stage II
srparasites:itemmobspawner_dodsiii, Spawn Dispatcher Stage III
srparasites:itemmobspawner_dodsiv, Spawn Dispatcher Stage IV
srparasites:itemmobspawner_leem, Spawn Rooter Stage I
srparasites:itemmobspawner_leemsii, Spawn Rooter Stage II
srparasites:itemmobspawner_leemsiii, Spawn Rooter Stage III
srparasites:itemmobspawner_leemsiv, Spawn Rooter Stage IV
srparasites:itemmobspawner_alafha, Spawn Overseer
srparasites:itemmobspawner_ganro, Spawn Warden
srparasites:itemmobspawner_omboo, Spawn Light Bomber
srparasites:itemmobspawner_esor, Spawn Marauder
srparasites:itemmobspawner_orch, Spawn Monarch 
srparasites:itemmobspawner_flog, Spawn Grunt
srparasites:itemmobspawner_anged, Spawn Vigilante
srparasites:itemmobspawner_jinjo, Spawn Heavy Bomber
srparasites:itemmobspawner_vesta, Spawn Colony Carrier
srparasites:itemmobspawner_pheon, Spawn Haunter
srparasites:itemmobspawner_lencia, Spawn Bogle
srparasites:itemmobspawner_elvia, Spawn Wraith
srparasites:itemmobspawner_heblu, Spawn Draconite
srparasites:itemmobspawner_kirin, Spawn Kirin
srparasites:itemmobspawner_oronco, Spawn Ancient Dreadnaut
srparasites:itemmobspawner_terla, Spawn Ancient Overlord
srparasites:itemmobspawner_pod, Spawn Pod
srparasites:module_inborn, Inborn Module
srparasites:module_assimilated, Assimilated + Assimara Module
srparasites:module_hijacked, Hijacked Module
srparasites:module_feral, Feral Module
srparasites:module_crude, Crude Module
srparasites:module_primitive, Primitive Module
srparasites:module_adapted, Adapted Module
srparasites:module_nexus, Nexus Module
srparasites:module_deterrent, Deterrent Module
srparasites:module_pure, Pure Module
srparasites:module_preeminent, Preeminent Module
srparasites:module_ancient, Ancient Module
srparasites:module_desmoid, Desmoid Module
srparasites:module_eschar, Eschar Module
srparasites:module_resistance, Resistance Module
srparasites:module_ideal, Ideal Module
srparasites:module_origin, Origin Module
srparasites:alveoligrowth, Alveoli
srparasites:ada_summoner_drop, §bSummoner Core
srparasites:ada_yelloweye_drop, §bYelloweye Bone
srparasites:ada_manducater_drop, §bManducater Orb
srparasites:ada_reeker_drop, §bReeker Fang
srparasites:ada_longarms_drop, §bLongarm Armor Fragment
srparasites:ada_bolster_drop, §bBolster Husk
srparasites:ada_arachnida_drop, §bArachnida Claw
srparasites:ada_devourer_drop, §bDevourer Tentacle
srparasites:assimilated_flesh, Infected Flesh
srparasites:beckon_drop, §aBeckon Membrane
srparasites:dispatcher_drop, §cDispatcher Membrane
srparasites:pearl, Eye of the Beholder
srparasites:venkrol_boots, §aVenkrol Anchor Boots
srparasites:fishlin, Fishlin
srparasites:ada_vermin_drop, §dCorrosive Mucus
srparasites:ada_viscera_drop, §dChipped Motherly Membrane
srparasites:hijacked_drop, §cHijacked Growth
srparasites:hive_scrap, §7Hive Scrap
srparasites:bloody_bone, Hijacked Bone
srparasites:bloody_rod, Hijacked Blaze Rod
srparasites:bloody_iron_ingot, Hijacked Iron Ingot
srparasites:book_of_vengeance, §d§lThe Book of Vengeance
srparasites:bough, Bough
srparasites:itemtab, §dNULL
srparasites:itemassimilate, Assimilation Wand
srparasites:itemevolve, Evolution Wand
srparasites:itemdevolve, Devolution Wand
srparasites:itemvariant, Variant Wand
srparasites:itemthrow, §6Quench
srparasites:evclock, §cBloody Clock
srparasites:levelclock, §bLevel Clock
srparasites:nodecompass, §cNode Compass
srparasites:colonycompass, §cColony Compass
srparasites:origincompass, §cVector Compass
srparasites:dried_tendons, §eDried Tendons
srparasites:hardened_bone_handle, §eHardened Bone Handle
srparasites:infectious_blade_fragment, §eInfectious Blade Fragment
srparasites:tissue_spike, Module Tissue Spike
srparasites:module_base, Module Genic Receptacle
srparasites:organ_synth, Module Organ Synth
srparasites:living_core, §eLiving Core
srparasites:vile_shell, §eVile Shell
srparasites:bone, §eStrange Bone
srparasites:false_apple, False Apple
srparasites:semiorganic_ingot, Semi-organic Ingot
srparasites:the_sign_charm, The Sign
srparasites:thornshade_berry, §5Thornshade Berry
srparasites:infested_bonemeal, Infested Bonemeal
srparasites:lurecomponent1, §bRupter Viscera
srparasites:lurecomponent2, §bDiseased Heart
srparasites:lurecomponent3, §bAltered Tendons
srparasites:lurecomponent4, §bToxic Lung
srparasites:lurecomponent5, §bNoxious Brain
srparasites:lurecomponent6, §bTwisted Spinal Signal
srparasites:lurecomponent7, §bLure Component 7
srparasites:lurecomponent8, §bLure Component 8
srparasites:lurecomponent9, §bLure Component 9
srparasites:lurecomponent10, §bLure Component 10
srparasites:hijacked_iron_hoe, §cHijacked Iron Hoe
srparasites:hijacked_iron_axe, §cHijacked Iron Axe
srparasites:hijacked_iron_shovel, §cHijacked Iron Shovel
srparasites:hijacked_iron_sword, §cHijacked Iron Sword
srparasites:hijacked_iron_pickaxe, §cHijacked Iron Pickaxe
srparasites:weapon_scythe, §eLiving Scythe
srparasites:weapon_scythe_sentient, §6Sentient Greatscythe
srparasites:weapon_axe, §eLiving Axe
srparasites:weapon_axe_sentient, §6Sentient Greataxe
srparasites:weapon_sword, §eLiving Sword
srparasites:weapon_sword_sentient, §6Sentient Greatsword
srparasites:weapon_cleaver, §eLiving Cleaver
srparasites:weapon_cleaver_sentient, §6Sentient Greatcleaver
srparasites:weapon_bow, §eLiving Bow
srparasites:weapon_bow_sentient, §6Sentient Greatbow
srparasites:weapon_maul, §eLiving Maul 
srparasites:weapon_maul_sentient, §6Sentient Greatmaul
srparasites:weapon_lance, §eLiving Lance
srparasites:weapon_lance_sentient, §6Sentient Greatlance
srparasites:armor_helm, §eLiving Helm
srparasites:armor_chest, §eLiving Chest
srparasites:armor_pants, §eLiving Pants
srparasites:armor_boots, §eLiving Boots
srparasites:armor_helm_sentient, §6Sentient Helm
srparasites:armor_chest_sentient, §6Sentient Chest
srparasites:armor_pants_sentient, §6Sentient Pants
srparasites:armor_boots_sentient, §6Sentient Boots
srparasites:hijacked_iron_helmet, Hijacked Iron Helmet
srparasites:hijacked_iron_chestpiece, Hijacked Iron Chestplate
srparasites:hijacked_iron_leggings, Hijacked Iron Leggings
srparasites:hijacked_iron_boots, Hijacked Iron Boots
srparasites:discthree, §bSerenity
srparasites:thornshade_decanter, §5Thornshade Decanter
storagedrawers:basicdrawers:0, Basic Drawer
storagedrawers:basicdrawers:0, Basic Drawer
storagedrawers:basicdrawers:0, Basic Drawer
storagedrawers:basicdrawers:0, Basic Drawer
storagedrawers:basicdrawers:0, Basic Drawer
storagedrawers:basicdrawers:0, Basic Drawer
storagedrawers:basicdrawers:1, Basic Drawers 1x2
storagedrawers:basicdrawers:1, Basic Drawers 1x2
storagedrawers:basicdrawers:1, Basic Drawers 1x2
storagedrawers:basicdrawers:1, Basic Drawers 1x2
storagedrawers:basicdrawers:1, Basic Drawers 1x2
storagedrawers:basicdrawers:1, Basic Drawers 1x2
storagedrawers:basicdrawers:2, Basic Drawers 2x2
storagedrawers:basicdrawers:2, Basic Drawers 2x2
storagedrawers:basicdrawers:2, Basic Drawers 2x2
storagedrawers:basicdrawers:2, Basic Drawers 2x2
storagedrawers:basicdrawers:2, Basic Drawers 2x2
storagedrawers:basicdrawers:2, Basic Drawers 2x2
storagedrawers:basicdrawers:3, Half Drawers 1x2
storagedrawers:basicdrawers:3, Half Drawers 1x2
storagedrawers:basicdrawers:3, Half Drawers 1x2
storagedrawers:basicdrawers:3, Half Drawers 1x2
storagedrawers:basicdrawers:3, Half Drawers 1x2
storagedrawers:basicdrawers:3, Half Drawers 1x2
storagedrawers:basicdrawers:4, Half Drawers 2x2
storagedrawers:basicdrawers:4, Half Drawers 2x2
storagedrawers:basicdrawers:4, Half Drawers 2x2
storagedrawers:basicdrawers:4, Half Drawers 2x2
storagedrawers:basicdrawers:4, Half Drawers 2x2
storagedrawers:basicdrawers:4, Half Drawers 2x2
storagedrawers:keybutton:0, Drawer Key Button
storagedrawers:keybutton:1, Concealment Key Button
storagedrawers:keybutton:2, Personal Key Button
storagedrawers:keybutton:3, Quantify Key Button
storagedrawers:compdrawers, Compacting Drawer
storagedrawers:controller, Drawer Controller
storagedrawers:controllerslave, Controller Slave
storagedrawers:trim:0, Oak Trim
storagedrawers:trim:1, Spruce Trim
storagedrawers:trim:2, Birch Trim
storagedrawers:trim:3, Jungle Trim
storagedrawers:trim:4, Acacia Trim
storagedrawers:trim:5, Dark Oak Trim
storagedrawers:customdrawers:0, Framed Drawer
storagedrawers:customdrawers:1, Framed Drawers 1x2
storagedrawers:customdrawers:2, Framed Drawers 2x2
storagedrawers:customdrawers:3, Framed Half Drawers 1x2
storagedrawers:customdrawers:4, Framed Half Drawers 2x2
storagedrawers:customtrim, Framed Trim
storagedrawers:framingtable, Framing Table
storagedrawers:upgrade_template, Upgrade Template
storagedrawers:upgrade_storage:0, Storage Upgrade (I)
storagedrawers:upgrade_storage:1, Storage Upgrade (II)
storagedrawers:upgrade_storage:2, Storage Upgrade (III)
storagedrawers:upgrade_storage:3, Storage Upgrade (IV)
storagedrawers:upgrade_storage:4, Storage Upgrade (V)
storagedrawers:upgrade_one_stack, Storage Downgrade
storagedrawers:upgrade_status:0, Status Upgrade (I)
storagedrawers:upgrade_status:1, Status Upgrade (II)
storagedrawers:upgrade_void, Void Upgrade
storagedrawers:upgrade_conversion, Conversion Upgrade
storagedrawers:upgrade_creative:0, Creative Storage Upgrade
storagedrawers:upgrade_creative:1, Creative Vending Upgrade
storagedrawers:upgrade_redstone:0, Redstone Upgrade
storagedrawers:upgrade_redstone:1, Redstone Max Upgrade
storagedrawers:upgrade_redstone:2, Redstone Min Upgrade
storagedrawers:drawer_key, Drawer Key
storagedrawers:shroud_key, Concealment Key
storagedrawers:personal_key, Personal Key
storagedrawers:quantify_key, Quantify Key
storagedrawers:tape, Packing Tape
tconstruct:book, Materials and You
tconstruct:soil:0, Grout
tconstruct:soil:1, Green Slimy Mud
tconstruct:soil:2, Blue Slimy Mud
tconstruct:soil:3, Graveyard Soil
tconstruct:soil:4, Consecrated Soil
tconstruct:soil:5, Slimy Magma Mud
tconstruct:slime:1, Slime Block
tconstruct:slime:2, Slime Block
tconstruct:slime:3, Blood Slime Block
tconstruct:slime:4, Slime Block
tconstruct:slime_congealed:0, Congealed Slime Block
tconstruct:slime_congealed:1, Congealed Slime Block
tconstruct:slime_congealed:2, Congealed Slime Block
tconstruct:slime_congealed:3, Congealed Bloodblock
tconstruct:slime_congealed:4, Congealed Slime Block
tconstruct:ore:0, Cobalt Ore
tconstruct:ore:1, Ardite Ore
tconstruct:firewood:0, Lavawood
tconstruct:firewood:1, Firewood
tconstruct:deco_ground:0, Mud Bricks
tconstruct:clear_glass:0, Clear Glass
tconstruct:clear_stained_glass:0, Clear White Stained Glass
tconstruct:clear_stained_glass:1, Clear Orange Stained Glass
tconstruct:clear_stained_glass:2, Clear Magenta Stained Glass
tconstruct:clear_stained_glass:3, Clear Light Blue Stained Glass
tconstruct:clear_stained_glass:4, Clear Yellow Stained Glass
tconstruct:clear_stained_glass:5, Clear Light Green Stained Glass
tconstruct:clear_stained_glass:6, Clear Pink Stained Glass
tconstruct:clear_stained_glass:7, Clear Gray Stained Glass
tconstruct:clear_stained_glass:8, Clear Light Gray Stained Glass
tconstruct:clear_stained_glass:9, Clear Cyan Stained Glass
tconstruct:clear_stained_glass:10, Clear Purple Stained Glass
tconstruct:clear_stained_glass:11, Clear Blue Stained Glass
tconstruct:clear_stained_glass:12, Clear Brown Stained Glass
tconstruct:clear_stained_glass:13, Clear Green Stained Glass
tconstruct:clear_stained_glass:14, Clear Red Stained Glass
tconstruct:clear_stained_glass:15, Clear Black Stained Glass
tconstruct:deco_ground_slab:0, Mud Bricks Slab
tconstruct:firewood_slab:0, Lavawood Slab
tconstruct:firewood_slab:1, Firewood Slab
tconstruct:mudbrick_stairs:0, Mud Bricks Stairs
tconstruct:firewood_stairs:0, Firewood Stairs
tconstruct:lavawood_stairs:0, Lavawood Stairs
tconstruct:nuggets:0, Cobalt Nugget
tconstruct:nuggets:1, Ardite Nugget
tconstruct:nuggets:2, Manyullyn Nugget
tconstruct:nuggets:3, Knightslime Nugget
tconstruct:nuggets:4, Pigiron Nugget
tconstruct:ingots:0, Cobalt Ingot
tconstruct:ingots:1, Ardite Ingot
tconstruct:ingots:2, Manyullyn Ingot
tconstruct:ingots:3, Knightslime Ingot
tconstruct:ingots:4, Pigiron Ingot
tconstruct:materials:0, Seared Brick
tconstruct:materials:1, Mud Brick
tconstruct:materials:2, Dried Brick
tconstruct:materials:9, Green Slime Crystal
tconstruct:materials:10, Blue Slime Crystal
tconstruct:materials:11, Magma Slime Crystal
tconstruct:materials:12, Expander (Horizontal)
tconstruct:materials:13, Expander (Vertical)
tconstruct:materials:14, Reinforcement
tconstruct:materials:15, Silky Cloth
tconstruct:materials:16, Silky Jewel
tconstruct:materials:17, Necrotic Bone
tconstruct:materials:18, Ball of Moss
tconstruct:materials:19, Mending Moss
tconstruct:materials:50, Creative Modifier
tconstruct:edible:0, Bacon
tconstruct:edible:1, Slimeball
tconstruct:edible:2, Slimeball
tconstruct:edible:3, Coagulated Blood
tconstruct:edible:4, Slimeball
tconstruct:edible:5, Slimeball
tconstruct:edible:10, Monster Jerky
tconstruct:edible:11, Beef Jerky
tconstruct:edible:12, Chicken Jerky
tconstruct:edible:13, Bacon Jerky
tconstruct:edible:14, Mutton Jerky
tconstruct:edible:15, Rabbit Jerky
tconstruct:edible:20, Fish Jerky
tconstruct:edible:21, Salmon Jerky
tconstruct:edible:22, Clownfish Jerky
tconstruct:edible:23, Fugu Jerky
tconstruct:edible:30, Gelatinous Slime Drop
tconstruct:edible:31, Gelatinous Slime Drop
tconstruct:edible:32, Gelatinous Slime Drop
tconstruct:edible:33, Coagulated Blood Drop
tconstruct:edible:34, Gelatinous Slime Drop
tconstruct:metal:0, Block of Cobalt
tconstruct:metal:1, Block of Ardite
tconstruct:metal:2, Block of Manyullyn
tconstruct:metal:3, Block of Knightslime
tconstruct:metal:4, Block of Pigiron
tconstruct:metal:6, Silky Block of Jewel
tconstruct:slime_dirt:0, Green Slimy Dirt
tconstruct:slime_dirt:1, Blue Slimy Dirt
tconstruct:slime_dirt:2, Purple Slimy Dirt
tconstruct:slime_dirt:3, Magma Slimy Dirt
tconstruct:slime_grass:0, Slimy Grass
tconstruct:slime_grass:1, Green Slimy Grass
tconstruct:slime_grass:2, Blue Slimy Grass
tconstruct:slime_grass:3, Purple Slimy Grass
tconstruct:slime_grass:4, Magma Slimy Grass
tconstruct:slime_grass:5, Slimy Grass
tconstruct:slime_grass:6, Green Slimy Grass
tconstruct:slime_grass:7, Blue Slimy Grass
tconstruct:slime_grass:8, Purple Slimy Grass
tconstruct:slime_grass:9, Magma Slimy Grass
tconstruct:slime_grass:10, Slimy Grass
tconstruct:slime_grass:11, Green Slimy Grass
tconstruct:slime_grass:12, Blue Slimy Grass
tconstruct:slime_grass:13, Purple Slimy Grass
tconstruct:slime_grass:14, Magma Slimy Grass
tconstruct:slime_leaves:0, Slimy Leaves
tconstruct:slime_leaves:1, Slimy Leaves
tconstruct:slime_leaves:2, Slimy Leaves
tconstruct:slime_grass_tall:0, Tall Slimy Grass
tconstruct:slime_grass_tall:4, Tall Slimy Grass
tconstruct:slime_grass_tall:8, Tall Slimy Grass
tconstruct:slime_grass_tall:1, Slimy Fern
tconstruct:slime_grass_tall:5, Slimy Fern
tconstruct:slime_grass_tall:9, Slimy Fern
tconstruct:slime_sapling:0, Blue Slime Sapling
tconstruct:slime_sapling:1, Purple Slime Sapling
tconstruct:slime_sapling:2, Magma Slime Sapling
tconstruct:slime_vine_blue_end:0, Blue Slimy Vine
tconstruct:slime_vine_blue_mid:0, Blue Slimy Vine
tconstruct:slime_vine_blue:0, Blue Slimy Vine
tconstruct:slime_vine_purple_end:0, Purple Slimy Vine
tconstruct:slime_vine_purple_mid:0, Purple Slimy Vine
tconstruct:slime_vine_purple:0, Purple Slimy Vine
tconstruct:pattern:0, Blank Pattern
tconstruct:pattern:0, Large Sword Blade Pattern
tconstruct:pattern:0, Sharpening Kit Pattern
tconstruct:pattern:0, Large Plate Pattern
tconstruct:pattern:0, Arrow Shaft Pattern
tconstruct:pattern:0, Broad Axe Head Pattern
tconstruct:pattern:0, Bowlimb Pattern
tconstruct:pattern:0, Sign Plate Pattern
tconstruct:pattern:0, Bowstring Pattern
tconstruct:pattern:0, Hand Guard Pattern
tconstruct:pattern:0, Knife Blade Pattern
tconstruct:pattern:0, Wide Guard Pattern
tconstruct:pattern:0, Pickaxe Head Pattern
tconstruct:pattern:0, Kama Head Pattern
tconstruct:pattern:0, Cross Guard Pattern
tconstruct:pattern:0, Tough Binding Pattern
tconstruct:pattern:0, Sword Blade Pattern
tconstruct:pattern:0, Axe Head Pattern
tconstruct:pattern:0, Shovel Head Pattern
tconstruct:pattern:0, Excavator Head Pattern
tconstruct:pattern:0, Tool Rod Pattern
tconstruct:pattern:0, Shard Pattern
tconstruct:pattern:0, Tough Tool Rod Pattern
tconstruct:pattern:0, Hammer Head Pattern
tconstruct:pattern:0, Fletching Pattern
tconstruct:pattern:0, Binding Pattern
tconstruct:pattern:0, Arrow Head Pattern
tconstruct:pattern:0, Pan Pattern
tconstruct:pattern:0, Scythe Head Pattern
tconstruct:shard:0, Wooden Shard
tconstruct:shard:0, Stone Shard
tconstruct:shard:0, Flint Shard
tconstruct:shard:0, Cactus Shard
tconstruct:shard:0, Bone Shard
tconstruct:shard:0, Obsidian Shard
tconstruct:shard:0, Prismarine Shard
tconstruct:shard:0, End Shard
tconstruct:shard:0, Paper Shard
tconstruct:shard:0, Sponge Shard
tconstruct:shard:0, Firewood Shard
tconstruct:shard:0, Iron Shard
tconstruct:shard:0, Pig Iron Shard
tconstruct:shard:0, Knightslime Shard
tconstruct:shard:0, Slime Shard
tconstruct:shard:0, Slime Shard
tconstruct:shard:0, Magma Slime Shard
tconstruct:shard:0, Netherrack Shard
tconstruct:shard:0, Cobalt Shard
tconstruct:shard:0, Ardite Shard
tconstruct:shard:0, Manyullyn Shard
tconstruct:shard:0, Copper Shard
tconstruct:shard:0, Bronze Shard
tconstruct:shard:0, Lead Shard
tconstruct:shard:0, Silver Shard
tconstruct:shard:0, Electrum Shard
tconstruct:shard:0, Steel Shard
tconstruct:sharpening_kit:0, Wooden Sharpening Kit
tconstruct:sharpening_kit:0, Stone Sharpening Kit
tconstruct:sharpening_kit:0, Flint Sharpening Kit
tconstruct:sharpening_kit:0, Cactus Sharpening Kit
tconstruct:sharpening_kit:0, Bone Sharpening Kit
tconstruct:sharpening_kit:0, Obsidian Sharpening Kit
tconstruct:sharpening_kit:0, Prismarine Sharpening Kit
tconstruct:sharpening_kit:0, End Sharpening Kit
tconstruct:sharpening_kit:0, Paper Sharpening Kit
tconstruct:sharpening_kit:0, Sponge Sharpening Kit
tconstruct:sharpening_kit:0, Firewood Sharpening Kit
tconstruct:sharpening_kit:0, Iron Sharpening Kit
tconstruct:sharpening_kit:0, Pig Iron Sharpening Kit
tconstruct:sharpening_kit:0, Knightslime Sharpening Kit
tconstruct:sharpening_kit:0, Slime Sharpening Kit
tconstruct:sharpening_kit:0, Slime Sharpening Kit
tconstruct:sharpening_kit:0, Magma Slime Sharpening Kit
tconstruct:sharpening_kit:0, Netherrack Sharpening Kit
tconstruct:sharpening_kit:0, Cobalt Sharpening Kit
tconstruct:sharpening_kit:0, Ardite Sharpening Kit
tconstruct:sharpening_kit:0, Manyullyn Sharpening Kit
tconstruct:sharpening_kit:0, Copper Sharpening Kit
tconstruct:sharpening_kit:0, Bronze Sharpening Kit
tconstruct:sharpening_kit:0, Lead Sharpening Kit
tconstruct:sharpening_kit:0, Silver Sharpening Kit
tconstruct:sharpening_kit:0, Electrum Sharpening Kit
tconstruct:sharpening_kit:0, Steel Sharpening Kit
tconstruct:pick_head:0, Wooden Pickaxe Head
tconstruct:pick_head:0, Stone Pickaxe Head
tconstruct:pick_head:0, Flint Pickaxe Head
tconstruct:pick_head:0, Cactus Pickaxe Head
tconstruct:pick_head:0, Bone Pickaxe Head
tconstruct:pick_head:0, Obsidian Pickaxe Head
tconstruct:pick_head:0, Prismarine Pickaxe Head
tconstruct:pick_head:0, End Pickaxe Head
tconstruct:pick_head:0, Paper Pickaxe Head
tconstruct:pick_head:0, Sponge Pickaxe Head
tconstruct:pick_head:0, Firewood Pickaxe Head
tconstruct:pick_head:0, Iron Pickaxe Head
tconstruct:pick_head:0, Pig Iron Pickaxe Head
tconstruct:pick_head:0, Knightslime Pickaxe Head
tconstruct:pick_head:0, Slime Pickaxe Head
tconstruct:pick_head:0, Slime Pickaxe Head
tconstruct:pick_head:0, Magma Slime Pickaxe Head
tconstruct:pick_head:0, Netherrack Pickaxe Head
tconstruct:pick_head:0, Cobalt Pickaxe Head
tconstruct:pick_head:0, Ardite Pickaxe Head
tconstruct:pick_head:0, Manyullyn Pickaxe Head
tconstruct:pick_head:0, Copper Pickaxe Head
tconstruct:pick_head:0, Bronze Pickaxe Head
tconstruct:pick_head:0, Lead Pickaxe Head
tconstruct:pick_head:0, Silver Pickaxe Head
tconstruct:pick_head:0, Electrum Pickaxe Head
tconstruct:pick_head:0, Steel Pickaxe Head
tconstruct:shovel_head:0, Wooden Shovel Head
tconstruct:shovel_head:0, Stone Shovel Head
tconstruct:shovel_head:0, Flint Shovel Head
tconstruct:shovel_head:0, Cactus Shovel Head
tconstruct:shovel_head:0, Bone Shovel Head
tconstruct:shovel_head:0, Obsidian Shovel Head
tconstruct:shovel_head:0, Prismarine Shovel Head
tconstruct:shovel_head:0, End Shovel Head
tconstruct:shovel_head:0, Paper Shovel Head
tconstruct:shovel_head:0, Sponge Shovel Head
tconstruct:shovel_head:0, Firewood Shovel Head
tconstruct:shovel_head:0, Iron Shovel Head
tconstruct:shovel_head:0, Pig Iron Shovel Head
tconstruct:shovel_head:0, Knightslime Shovel Head
tconstruct:shovel_head:0, Slime Shovel Head
tconstruct:shovel_head:0, Slime Shovel Head
tconstruct:shovel_head:0, Magma Slime Shovel Head
tconstruct:shovel_head:0, Netherrack Shovel Head
tconstruct:shovel_head:0, Cobalt Shovel Head
tconstruct:shovel_head:0, Ardite Shovel Head
tconstruct:shovel_head:0, Manyullyn Shovel Head
tconstruct:shovel_head:0, Copper Shovel Head
tconstruct:shovel_head:0, Bronze Shovel Head
tconstruct:shovel_head:0, Lead Shovel Head
tconstruct:shovel_head:0, Silver Shovel Head
tconstruct:shovel_head:0, Electrum Shovel Head
tconstruct:shovel_head:0, Steel Shovel Head
tconstruct:axe_head:0, Wooden Axe Head
tconstruct:axe_head:0, Stone Axe Head
tconstruct:axe_head:0, Flint Axe Head
tconstruct:axe_head:0, Cactus Axe Head
tconstruct:axe_head:0, Bone Axe Head
tconstruct:axe_head:0, Obsidian Axe Head
tconstruct:axe_head:0, Prismarine Axe Head
tconstruct:axe_head:0, End Axe Head
tconstruct:axe_head:0, Paper Axe Head
tconstruct:axe_head:0, Sponge Axe Head
tconstruct:axe_head:0, Firewood Axe Head
tconstruct:axe_head:0, Iron Axe Head
tconstruct:axe_head:0, Pig Iron Axe Head
tconstruct:axe_head:0, Knightslime Axe Head
tconstruct:axe_head:0, Slime Axe Head
tconstruct:axe_head:0, Slime Axe Head
tconstruct:axe_head:0, Magma Slime Axe Head
tconstruct:axe_head:0, Netherrack Axe Head
tconstruct:axe_head:0, Cobalt Axe Head
tconstruct:axe_head:0, Ardite Axe Head
tconstruct:axe_head:0, Manyullyn Axe Head
tconstruct:axe_head:0, Copper Axe Head
tconstruct:axe_head:0, Bronze Axe Head
tconstruct:axe_head:0, Lead Axe Head
tconstruct:axe_head:0, Silver Axe Head
tconstruct:axe_head:0, Electrum Axe Head
tconstruct:axe_head:0, Steel Axe Head
tconstruct:broad_axe_head:0, Wooden Broad Axe Head
tconstruct:broad_axe_head:0, Stone Broad Axe Head
tconstruct:broad_axe_head:0, Flint Broad Axe Head
tconstruct:broad_axe_head:0, Cactus Broad Axe Head
tconstruct:broad_axe_head:0, Bone Broad Axe Head
tconstruct:broad_axe_head:0, Obsidian Broad Axe Head
tconstruct:broad_axe_head:0, Prismarine Broad Axe Head
tconstruct:broad_axe_head:0, End Broad Axe Head
tconstruct:broad_axe_head:0, Paper Broad Axe Head
tconstruct:broad_axe_head:0, Sponge Broad Axe Head
tconstruct:broad_axe_head:0, Firewood Broad Axe Head
tconstruct:broad_axe_head:0, Iron Broad Axe Head
tconstruct:broad_axe_head:0, Pig Iron Broad Axe Head
tconstruct:broad_axe_head:0, Knightslime Broad Axe Head
tconstruct:broad_axe_head:0, Slime Broad Axe Head
tconstruct:broad_axe_head:0, Slime Broad Axe Head
tconstruct:broad_axe_head:0, Magma Slime Broad Axe Head
tconstruct:broad_axe_head:0, Netherrack Broad Axe Head
tconstruct:broad_axe_head:0, Cobalt Broad Axe Head
tconstruct:broad_axe_head:0, Ardite Broad Axe Head
tconstruct:broad_axe_head:0, Manyullyn Broad Axe Head
tconstruct:broad_axe_head:0, Copper Broad Axe Head
tconstruct:broad_axe_head:0, Bronze Broad Axe Head
tconstruct:broad_axe_head:0, Lead Broad Axe Head
tconstruct:broad_axe_head:0, Silver Broad Axe Head
tconstruct:broad_axe_head:0, Electrum Broad Axe Head
tconstruct:broad_axe_head:0, Steel Broad Axe Head
tconstruct:sword_blade:0, Wooden Sword Blade
tconstruct:sword_blade:0, Stone Sword Blade
tconstruct:sword_blade:0, Flint Sword Blade
tconstruct:sword_blade:0, Cactus Sword Blade
tconstruct:sword_blade:0, Bone Sword Blade
tconstruct:sword_blade:0, Obsidian Sword Blade
tconstruct:sword_blade:0, Prismarine Sword Blade
tconstruct:sword_blade:0, End Sword Blade
tconstruct:sword_blade:0, Paper Sword Blade
tconstruct:sword_blade:0, Sponge Sword Blade
tconstruct:sword_blade:0, Firewood Sword Blade
tconstruct:sword_blade:0, Iron Sword Blade
tconstruct:sword_blade:0, Pig Iron Sword Blade
tconstruct:sword_blade:0, Knightslime Sword Blade
tconstruct:sword_blade:0, Slime Sword Blade
tconstruct:sword_blade:0, Slime Sword Blade
tconstruct:sword_blade:0, Magma Slime Sword Blade
tconstruct:sword_blade:0, Netherrack Sword Blade
tconstruct:sword_blade:0, Cobalt Sword Blade
tconstruct:sword_blade:0, Ardite Sword Blade
tconstruct:sword_blade:0, Manyullyn Sword Blade
tconstruct:sword_blade:0, Copper Sword Blade
tconstruct:sword_blade:0, Bronze Sword Blade
tconstruct:sword_blade:0, Lead Sword Blade
tconstruct:sword_blade:0, Silver Sword Blade
tconstruct:sword_blade:0, Electrum Sword Blade
tconstruct:sword_blade:0, Steel Sword Blade
tconstruct:large_sword_blade:0, Wooden Large Sword Blade
tconstruct:large_sword_blade:0, Stone Large Sword Blade
tconstruct:large_sword_blade:0, Flint Large Sword Blade
tconstruct:large_sword_blade:0, Cactus Large Sword Blade
tconstruct:large_sword_blade:0, Bone Large Sword Blade
tconstruct:large_sword_blade:0, Obsidian Large Sword Blade
tconstruct:large_sword_blade:0, Prismarine Large Sword Blade
tconstruct:large_sword_blade:0, End Large Sword Blade
tconstruct:large_sword_blade:0, Paper Large Sword Blade
tconstruct:large_sword_blade:0, Sponge Large Sword Blade
tconstruct:large_sword_blade:0, Firewood Large Sword Blade
tconstruct:large_sword_blade:0, Iron Large Sword Blade
tconstruct:large_sword_blade:0, Pig Iron Large Sword Blade
tconstruct:large_sword_blade:0, Knightslime Large Sword Blade
tconstruct:large_sword_blade:0, Slime Large Sword Blade
tconstruct:large_sword_blade:0, Slime Large Sword Blade
tconstruct:large_sword_blade:0, Magma Slime Large Sword Blade
tconstruct:large_sword_blade:0, Netherrack Large Sword Blade
tconstruct:large_sword_blade:0, Cobalt Large Sword Blade
tconstruct:large_sword_blade:0, Ardite Large Sword Blade
tconstruct:large_sword_blade:0, Manyullyn Large Sword Blade
tconstruct:large_sword_blade:0, Copper Large Sword Blade
tconstruct:large_sword_blade:0, Bronze Large Sword Blade
tconstruct:large_sword_blade:0, Lead Large Sword Blade
tconstruct:large_sword_blade:0, Silver Large Sword Blade
tconstruct:large_sword_blade:0, Electrum Large Sword Blade
tconstruct:large_sword_blade:0, Steel Large Sword Blade
tconstruct:hammer_head:0, Wooden Hammer Head
tconstruct:hammer_head:0, Stone Hammer Head
tconstruct:hammer_head:0, Flint Hammer Head
tconstruct:hammer_head:0, Cactus Hammer Head
tconstruct:hammer_head:0, Bone Hammer Head
tconstruct:hammer_head:0, Obsidian Hammer Head
tconstruct:hammer_head:0, Prismarine Hammer Head
tconstruct:hammer_head:0, End Hammer Head
tconstruct:hammer_head:0, Paper Hammer Head
tconstruct:hammer_head:0, Sponge Hammer Head
tconstruct:hammer_head:0, Firewood Hammer Head
tconstruct:hammer_head:0, Iron Hammer Head
tconstruct:hammer_head:0, Pig Iron Hammer Head
tconstruct:hammer_head:0, Knightslime Hammer Head
tconstruct:hammer_head:0, Slime Hammer Head
tconstruct:hammer_head:0, Slime Hammer Head
tconstruct:hammer_head:0, Magma Slime Hammer Head
tconstruct:hammer_head:0, Netherrack Hammer Head
tconstruct:hammer_head:0, Cobalt Hammer Head
tconstruct:hammer_head:0, Ardite Hammer Head
tconstruct:hammer_head:0, Manyullyn Hammer Head
tconstruct:hammer_head:0, Copper Hammer Head
tconstruct:hammer_head:0, Bronze Hammer Head
tconstruct:hammer_head:0, Lead Hammer Head
tconstruct:hammer_head:0, Silver Hammer Head
tconstruct:hammer_head:0, Electrum Hammer Head
tconstruct:hammer_head:0, Steel Hammer Head
tconstruct:excavator_head:0, Wooden Excavator Head
tconstruct:excavator_head:0, Stone Excavator Head
tconstruct:excavator_head:0, Flint Excavator Head
tconstruct:excavator_head:0, Cactus Excavator Head
tconstruct:excavator_head:0, Bone Excavator Head
tconstruct:excavator_head:0, Obsidian Excavator Head
tconstruct:excavator_head:0, Prismarine Excavator Head
tconstruct:excavator_head:0, End Excavator Head
tconstruct:excavator_head:0, Paper Excavator Head
tconstruct:excavator_head:0, Sponge Excavator Head
tconstruct:excavator_head:0, Firewood Excavator Head
tconstruct:excavator_head:0, Iron Excavator Head
tconstruct:excavator_head:0, Pig Iron Excavator Head
tconstruct:excavator_head:0, Knightslime Excavator Head
tconstruct:excavator_head:0, Slime Excavator Head
tconstruct:excavator_head:0, Slime Excavator Head
tconstruct:excavator_head:0, Magma Slime Excavator Head
tconstruct:excavator_head:0, Netherrack Excavator Head
tconstruct:excavator_head:0, Cobalt Excavator Head
tconstruct:excavator_head:0, Ardite Excavator Head
tconstruct:excavator_head:0, Manyullyn Excavator Head
tconstruct:excavator_head:0, Copper Excavator Head
tconstruct:excavator_head:0, Bronze Excavator Head
tconstruct:excavator_head:0, Lead Excavator Head
tconstruct:excavator_head:0, Silver Excavator Head
tconstruct:excavator_head:0, Electrum Excavator Head
tconstruct:excavator_head:0, Steel Excavator Head
tconstruct:kama_head:0, Wooden Kama Head
tconstruct:kama_head:0, Stone Kama Head
tconstruct:kama_head:0, Flint Kama Head
tconstruct:kama_head:0, Cactus Kama Head
tconstruct:kama_head:0, Bone Kama Head
tconstruct:kama_head:0, Obsidian Kama Head
tconstruct:kama_head:0, Prismarine Kama Head
tconstruct:kama_head:0, End Kama Head
tconstruct:kama_head:0, Paper Kama Head
tconstruct:kama_head:0, Sponge Kama Head
tconstruct:kama_head:0, Firewood Kama Head
tconstruct:kama_head:0, Iron Kama Head
tconstruct:kama_head:0, Pig Iron Kama Head
tconstruct:kama_head:0, Knightslime Kama Head
tconstruct:kama_head:0, Slime Kama Head
tconstruct:kama_head:0, Slime Kama Head
tconstruct:kama_head:0, Magma Slime Kama Head
tconstruct:kama_head:0, Netherrack Kama Head
tconstruct:kama_head:0, Cobalt Kama Head
tconstruct:kama_head:0, Ardite Kama Head
tconstruct:kama_head:0, Manyullyn Kama Head
tconstruct:kama_head:0, Copper Kama Head
tconstruct:kama_head:0, Bronze Kama Head
tconstruct:kama_head:0, Lead Kama Head
tconstruct:kama_head:0, Silver Kama Head
tconstruct:kama_head:0, Electrum Kama Head
tconstruct:kama_head:0, Steel Kama Head
tconstruct:scythe_head:0, Wooden Scythe Head
tconstruct:scythe_head:0, Stone Scythe Head
tconstruct:scythe_head:0, Flint Scythe Head
tconstruct:scythe_head:0, Cactus Scythe Head
tconstruct:scythe_head:0, Bone Scythe Head
tconstruct:scythe_head:0, Obsidian Scythe Head
tconstruct:scythe_head:0, Prismarine Scythe Head
tconstruct:scythe_head:0, End Scythe Head
tconstruct:scythe_head:0, Paper Scythe Head
tconstruct:scythe_head:0, Sponge Scythe Head
tconstruct:scythe_head:0, Firewood Scythe Head
tconstruct:scythe_head:0, Iron Scythe Head
tconstruct:scythe_head:0, Pig Iron Scythe Head
tconstruct:scythe_head:0, Knightslime Scythe Head
tconstruct:scythe_head:0, Slime Scythe Head
tconstruct:scythe_head:0, Slime Scythe Head
tconstruct:scythe_head:0, Magma Slime Scythe Head
tconstruct:scythe_head:0, Netherrack Scythe Head
tconstruct:scythe_head:0, Cobalt Scythe Head
tconstruct:scythe_head:0, Ardite Scythe Head
tconstruct:scythe_head:0, Manyullyn Scythe Head
tconstruct:scythe_head:0, Copper Scythe Head
tconstruct:scythe_head:0, Bronze Scythe Head
tconstruct:scythe_head:0, Lead Scythe Head
tconstruct:scythe_head:0, Silver Scythe Head
tconstruct:scythe_head:0, Electrum Scythe Head
tconstruct:scythe_head:0, Steel Scythe Head
tconstruct:pan_head:0, Wooden Pan
tconstruct:pan_head:0, Stone Pan
tconstruct:pan_head:0, Flint Pan
tconstruct:pan_head:0, Cactus Pan
tconstruct:pan_head:0, Bone Pan
tconstruct:pan_head:0, Obsidian Pan
tconstruct:pan_head:0, Prismarine Pan
tconstruct:pan_head:0, End Pan
tconstruct:pan_head:0, Paper Pan
tconstruct:pan_head:0, Sponge Pan
tconstruct:pan_head:0, Firewood Pan
tconstruct:pan_head:0, Iron Pan
tconstruct:pan_head:0, Pig Iron Pan
tconstruct:pan_head:0, Knightslime Pan
tconstruct:pan_head:0, Slime Pan
tconstruct:pan_head:0, Slime Pan
tconstruct:pan_head:0, Magma Slime Pan
tconstruct:pan_head:0, Netherrack Pan
tconstruct:pan_head:0, Cobalt Pan
tconstruct:pan_head:0, Ardite Pan
tconstruct:pan_head:0, Manyullyn Pan
tconstruct:pan_head:0, Copper Pan
tconstruct:pan_head:0, Bronze Pan
tconstruct:pan_head:0, Lead Pan
tconstruct:pan_head:0, Silver Pan
tconstruct:pan_head:0, Electrum Pan
tconstruct:pan_head:0, Steel Pan
tconstruct:sign_head:0, Wooden Sign Plate
tconstruct:sign_head:0, Stone Sign Plate
tconstruct:sign_head:0, Flint Sign Plate
tconstruct:sign_head:0, Cactus Sign Plate
tconstruct:sign_head:0, Bone Sign Plate
tconstruct:sign_head:0, Obsidian Sign Plate
tconstruct:sign_head:0, Prismarine Sign Plate
tconstruct:sign_head:0, End Sign Plate
tconstruct:sign_head:0, Paper Sign Plate
tconstruct:sign_head:0, Sponge Sign Plate
tconstruct:sign_head:0, Firewood Sign Plate
tconstruct:sign_head:0, Iron Sign Plate
tconstruct:sign_head:0, Pig Iron Sign Plate
tconstruct:sign_head:0, Knightslime Sign Plate
tconstruct:sign_head:0, Slime Sign Plate
tconstruct:sign_head:0, Slime Sign Plate
tconstruct:sign_head:0, Magma Slime Sign Plate
tconstruct:sign_head:0, Netherrack Sign Plate
tconstruct:sign_head:0, Cobalt Sign Plate
tconstruct:sign_head:0, Ardite Sign Plate
tconstruct:sign_head:0, Manyullyn Sign Plate
tconstruct:sign_head:0, Copper Sign Plate
tconstruct:sign_head:0, Bronze Sign Plate
tconstruct:sign_head:0, Lead Sign Plate
tconstruct:sign_head:0, Silver Sign Plate
tconstruct:sign_head:0, Electrum Sign Plate
tconstruct:sign_head:0, Steel Sign Plate
tconstruct:tool_rod:0, Wooden Tool Rod
tconstruct:tool_rod:0, Stone Tool Rod
tconstruct:tool_rod:0, Flint Tool Rod
tconstruct:tool_rod:0, Cactus Tool Rod
tconstruct:tool_rod:0, Bone Tool Rod
tconstruct:tool_rod:0, Obsidian Tool Rod
tconstruct:tool_rod:0, Prismarine Tool Rod
tconstruct:tool_rod:0, End Tool Rod
tconstruct:tool_rod:0, Paper Tool Rod
tconstruct:tool_rod:0, Sponge Tool Rod
tconstruct:tool_rod:0, Firewood Tool Rod
tconstruct:tool_rod:0, Iron Tool Rod
tconstruct:tool_rod:0, Pig Iron Tool Rod
tconstruct:tool_rod:0, Knightslime Tool Rod
tconstruct:tool_rod:0, Slime Tool Rod
tconstruct:tool_rod:0, Slime Tool Rod
tconstruct:tool_rod:0, Magma Slime Tool Rod
tconstruct:tool_rod:0, Netherrack Tool Rod
tconstruct:tool_rod:0, Cobalt Tool Rod
tconstruct:tool_rod:0, Ardite Tool Rod
tconstruct:tool_rod:0, Manyullyn Tool Rod
tconstruct:tool_rod:0, Copper Tool Rod
tconstruct:tool_rod:0, Bronze Tool Rod
tconstruct:tool_rod:0, Lead Tool Rod
tconstruct:tool_rod:0, Silver Tool Rod
tconstruct:tool_rod:0, Electrum Tool Rod
tconstruct:tool_rod:0, Steel Tool Rod
tconstruct:tough_tool_rod:0, Wooden Tough Tool Rod
tconstruct:tough_tool_rod:0, Stone Tough Tool Rod
tconstruct:tough_tool_rod:0, Flint Tough Tool Rod
tconstruct:tough_tool_rod:0, Cactus Tough Tool Rod
tconstruct:tough_tool_rod:0, Bone Tough Tool Rod
tconstruct:tough_tool_rod:0, Obsidian Tough Tool Rod
tconstruct:tough_tool_rod:0, Prismarine Tough Tool Rod
tconstruct:tough_tool_rod:0, End Tough Tool Rod
tconstruct:tough_tool_rod:0, Paper Tough Tool Rod
tconstruct:tough_tool_rod:0, Sponge Tough Tool Rod
tconstruct:tough_tool_rod:0, Firewood Tough Tool Rod
tconstruct:tough_tool_rod:0, Iron Tough Tool Rod
tconstruct:tough_tool_rod:0, Pig Iron Tough Tool Rod
tconstruct:tough_tool_rod:0, Knightslime Tough Tool Rod
tconstruct:tough_tool_rod:0, Slime Tough Tool Rod
tconstruct:tough_tool_rod:0, Slime Tough Tool Rod
tconstruct:tough_tool_rod:0, Magma Slime Tough Tool Rod
tconstruct:tough_tool_rod:0, Netherrack Tough Tool Rod
tconstruct:tough_tool_rod:0, Cobalt Tough Tool Rod
tconstruct:tough_tool_rod:0, Ardite Tough Tool Rod
tconstruct:tough_tool_rod:0, Manyullyn Tough Tool Rod
tconstruct:tough_tool_rod:0, Copper Tough Tool Rod
tconstruct:tough_tool_rod:0, Bronze Tough Tool Rod
tconstruct:tough_tool_rod:0, Lead Tough Tool Rod
tconstruct:tough_tool_rod:0, Silver Tough Tool Rod
tconstruct:tough_tool_rod:0, Electrum Tough Tool Rod
tconstruct:tough_tool_rod:0, Steel Tough Tool Rod
tconstruct:binding:0, Wooden Binding
tconstruct:binding:0, Stone Binding
tconstruct:binding:0, Flint Binding
tconstruct:binding:0, Cactus Binding
tconstruct:binding:0, Bone Binding
tconstruct:binding:0, Obsidian Binding
tconstruct:binding:0, Prismarine Binding
tconstruct:binding:0, End Binding
tconstruct:binding:0, Paper Binding
tconstruct:binding:0, Sponge Binding
tconstruct:binding:0, Firewood Binding
tconstruct:binding:0, Iron Binding
tconstruct:binding:0, Pig Iron Binding
tconstruct:binding:0, Knightslime Binding
tconstruct:binding:0, Slime Binding
tconstruct:binding:0, Slime Binding
tconstruct:binding:0, Magma Slime Binding
tconstruct:binding:0, Netherrack Binding
tconstruct:binding:0, Cobalt Binding
tconstruct:binding:0, Ardite Binding
tconstruct:binding:0, Manyullyn Binding
tconstruct:binding:0, Copper Binding
tconstruct:binding:0, Bronze Binding
tconstruct:binding:0, Lead Binding
tconstruct:binding:0, Silver Binding
tconstruct:binding:0, Electrum Binding
tconstruct:binding:0, Steel Binding
tconstruct:tough_binding:0, Wooden Tough Binding
tconstruct:tough_binding:0, Stone Tough Binding
tconstruct:tough_binding:0, Flint Tough Binding
tconstruct:tough_binding:0, Cactus Tough Binding
tconstruct:tough_binding:0, Bone Tough Binding
tconstruct:tough_binding:0, Obsidian Tough Binding
tconstruct:tough_binding:0, Prismarine Tough Binding
tconstruct:tough_binding:0, End Tough Binding
tconstruct:tough_binding:0, Paper Tough Binding
tconstruct:tough_binding:0, Sponge Tough Binding
tconstruct:tough_binding:0, Firewood Tough Binding
tconstruct:tough_binding:0, Iron Tough Binding
tconstruct:tough_binding:0, Pig Iron Tough Binding
tconstruct:tough_binding:0, Knightslime Tough Binding
tconstruct:tough_binding:0, Slime Tough Binding
tconstruct:tough_binding:0, Slime Tough Binding
tconstruct:tough_binding:0, Magma Slime Tough Binding
tconstruct:tough_binding:0, Netherrack Tough Binding
tconstruct:tough_binding:0, Cobalt Tough Binding
tconstruct:tough_binding:0, Ardite Tough Binding
tconstruct:tough_binding:0, Manyullyn Tough Binding
tconstruct:tough_binding:0, Copper Tough Binding
tconstruct:tough_binding:0, Bronze Tough Binding
tconstruct:tough_binding:0, Lead Tough Binding
tconstruct:tough_binding:0, Silver Tough Binding
tconstruct:tough_binding:0, Electrum Tough Binding
tconstruct:tough_binding:0, Steel Tough Binding
tconstruct:wide_guard:0, Wooden Wide Guard
tconstruct:wide_guard:0, Stone Wide Guard
tconstruct:wide_guard:0, Flint Wide Guard
tconstruct:wide_guard:0, Cactus Wide Guard
tconstruct:wide_guard:0, Bone Wide Guard
tconstruct:wide_guard:0, Obsidian Wide Guard
tconstruct:wide_guard:0, Prismarine Wide Guard
tconstruct:wide_guard:0, End Wide Guard
tconstruct:wide_guard:0, Paper Wide Guard
tconstruct:wide_guard:0, Sponge Wide Guard
tconstruct:wide_guard:0, Firewood Wide Guard
tconstruct:wide_guard:0, Iron Wide Guard
tconstruct:wide_guard:0, Pig Iron Wide Guard
tconstruct:wide_guard:0, Knightslime Wide Guard
tconstruct:wide_guard:0, Slime Wide Guard
tconstruct:wide_guard:0, Slime Wide Guard
tconstruct:wide_guard:0, Magma Slime Wide Guard
tconstruct:wide_guard:0, Netherrack Wide Guard
tconstruct:wide_guard:0, Cobalt Wide Guard
tconstruct:wide_guard:0, Ardite Wide Guard
tconstruct:wide_guard:0, Manyullyn Wide Guard
tconstruct:wide_guard:0, Copper Wide Guard
tconstruct:wide_guard:0, Bronze Wide Guard
tconstruct:wide_guard:0, Lead Wide Guard
tconstruct:wide_guard:0, Silver Wide Guard
tconstruct:wide_guard:0, Electrum Wide Guard
tconstruct:wide_guard:0, Steel Wide Guard
tconstruct:hand_guard:0, Wooden Hand Guard
tconstruct:hand_guard:0, Stone Hand Guard
tconstruct:hand_guard:0, Flint Hand Guard
tconstruct:hand_guard:0, Cactus Hand Guard
tconstruct:hand_guard:0, Bone Hand Guard
tconstruct:hand_guard:0, Obsidian Hand Guard
tconstruct:hand_guard:0, Prismarine Hand Guard
tconstruct:hand_guard:0, End Hand Guard
tconstruct:hand_guard:0, Paper Hand Guard
tconstruct:hand_guard:0, Sponge Hand Guard
tconstruct:hand_guard:0, Firewood Hand Guard
tconstruct:hand_guard:0, Iron Hand Guard
tconstruct:hand_guard:0, Pig Iron Hand Guard
tconstruct:hand_guard:0, Knightslime Hand Guard
tconstruct:hand_guard:0, Slime Hand Guard
tconstruct:hand_guard:0, Slime Hand Guard
tconstruct:hand_guard:0, Magma Slime Hand Guard
tconstruct:hand_guard:0, Netherrack Hand Guard
tconstruct:hand_guard:0, Cobalt Hand Guard
tconstruct:hand_guard:0, Ardite Hand Guard
tconstruct:hand_guard:0, Manyullyn Hand Guard
tconstruct:hand_guard:0, Copper Hand Guard
tconstruct:hand_guard:0, Bronze Hand Guard
tconstruct:hand_guard:0, Lead Hand Guard
tconstruct:hand_guard:0, Silver Hand Guard
tconstruct:hand_guard:0, Electrum Hand Guard
tconstruct:hand_guard:0, Steel Hand Guard
tconstruct:cross_guard:0, Wooden Cross Guard
tconstruct:cross_guard:0, Stone Cross Guard
tconstruct:cross_guard:0, Flint Cross Guard
tconstruct:cross_guard:0, Cactus Cross Guard
tconstruct:cross_guard:0, Bone Cross Guard
tconstruct:cross_guard:0, Obsidian Cross Guard
tconstruct:cross_guard:0, Prismarine Cross Guard
tconstruct:cross_guard:0, End Cross Guard
tconstruct:cross_guard:0, Paper Cross Guard
tconstruct:cross_guard:0, Sponge Cross Guard
tconstruct:cross_guard:0, Firewood Cross Guard
tconstruct:cross_guard:0, Iron Cross Guard
tconstruct:cross_guard:0, Pig Iron Cross Guard
tconstruct:cross_guard:0, Knightslime Cross Guard
tconstruct:cross_guard:0, Slime Cross Guard
tconstruct:cross_guard:0, Slime Cross Guard
tconstruct:cross_guard:0, Magma Slime Cross Guard
tconstruct:cross_guard:0, Netherrack Cross Guard
tconstruct:cross_guard:0, Cobalt Cross Guard
tconstruct:cross_guard:0, Ardite Cross Guard
tconstruct:cross_guard:0, Manyullyn Cross Guard
tconstruct:cross_guard:0, Copper Cross Guard
tconstruct:cross_guard:0, Bronze Cross Guard
tconstruct:cross_guard:0, Lead Cross Guard
tconstruct:cross_guard:0, Silver Cross Guard
tconstruct:cross_guard:0, Electrum Cross Guard
tconstruct:cross_guard:0, Steel Cross Guard
tconstruct:large_plate:0, Wooden Large Plate
tconstruct:large_plate:0, Stone Large Plate
tconstruct:large_plate:0, Flint Large Plate
tconstruct:large_plate:0, Cactus Large Plate
tconstruct:large_plate:0, Bone Large Plate
tconstruct:large_plate:0, Obsidian Large Plate
tconstruct:large_plate:0, Prismarine Large Plate
tconstruct:large_plate:0, End Large Plate
tconstruct:large_plate:0, Paper Large Plate
tconstruct:large_plate:0, Sponge Large Plate
tconstruct:large_plate:0, Firewood Large Plate
tconstruct:large_plate:0, Iron Large Plate
tconstruct:large_plate:0, Pig Iron Large Plate
tconstruct:large_plate:0, Knightslime Large Plate
tconstruct:large_plate:0, Slime Large Plate
tconstruct:large_plate:0, Slime Large Plate
tconstruct:large_plate:0, Magma Slime Large Plate
tconstruct:large_plate:0, Netherrack Large Plate
tconstruct:large_plate:0, Cobalt Large Plate
tconstruct:large_plate:0, Ardite Large Plate
tconstruct:large_plate:0, Manyullyn Large Plate
tconstruct:large_plate:0, Copper Large Plate
tconstruct:large_plate:0, Bronze Large Plate
tconstruct:large_plate:0, Lead Large Plate
tconstruct:large_plate:0, Silver Large Plate
tconstruct:large_plate:0, Electrum Large Plate
tconstruct:large_plate:0, Steel Large Plate
tconstruct:knife_blade:0, Wooden Knife Blade
tconstruct:knife_blade:0, Stone Knife Blade
tconstruct:knife_blade:0, Flint Knife Blade
tconstruct:knife_blade:0, Cactus Knife Blade
tconstruct:knife_blade:0, Bone Knife Blade
tconstruct:knife_blade:0, Obsidian Knife Blade
tconstruct:knife_blade:0, Prismarine Knife Blade
tconstruct:knife_blade:0, End Knife Blade
tconstruct:knife_blade:0, Paper Knife Blade
tconstruct:knife_blade:0, Sponge Knife Blade
tconstruct:knife_blade:0, Firewood Knife Blade
tconstruct:knife_blade:0, Iron Knife Blade
tconstruct:knife_blade:0, Pig Iron Knife Blade
tconstruct:knife_blade:0, Knightslime Knife Blade
tconstruct:knife_blade:0, Slime Knife Blade
tconstruct:knife_blade:0, Slime Knife Blade
tconstruct:knife_blade:0, Magma Slime Knife Blade
tconstruct:knife_blade:0, Netherrack Knife Blade
tconstruct:knife_blade:0, Cobalt Knife Blade
tconstruct:knife_blade:0, Ardite Knife Blade
tconstruct:knife_blade:0, Manyullyn Knife Blade
tconstruct:knife_blade:0, Copper Knife Blade
tconstruct:knife_blade:0, Bronze Knife Blade
tconstruct:knife_blade:0, Lead Knife Blade
tconstruct:knife_blade:0, Silver Knife Blade
tconstruct:knife_blade:0, Electrum Knife Blade
tconstruct:knife_blade:0, Steel Knife Blade
tconstruct:bow_limb:0, Wooden Bowlimb
tconstruct:bow_limb:0, Stone Bowlimb
tconstruct:bow_limb:0, Flint Bowlimb
tconstruct:bow_limb:0, Cactus Bowlimb
tconstruct:bow_limb:0, Bone Bowlimb
tconstruct:bow_limb:0, Obsidian Bowlimb
tconstruct:bow_limb:0, Prismarine Bowlimb
tconstruct:bow_limb:0, End Bowlimb
tconstruct:bow_limb:0, Paper Bowlimb
tconstruct:bow_limb:0, Sponge Bowlimb
tconstruct:bow_limb:0, Firewood Bowlimb
tconstruct:bow_limb:0, Iron Bowlimb
tconstruct:bow_limb:0, Pig Iron Bowlimb
tconstruct:bow_limb:0, Knightslime Bowlimb
tconstruct:bow_limb:0, Slime Bowlimb
tconstruct:bow_limb:0, Slime Bowlimb
tconstruct:bow_limb:0, Magma Slime Bowlimb
tconstruct:bow_limb:0, Netherrack Bowlimb
tconstruct:bow_limb:0, Cobalt Bowlimb
tconstruct:bow_limb:0, Ardite Bowlimb
tconstruct:bow_limb:0, Manyullyn Bowlimb
tconstruct:bow_limb:0, Copper Bowlimb
tconstruct:bow_limb:0, Bronze Bowlimb
tconstruct:bow_limb:0, Lead Bowlimb
tconstruct:bow_limb:0, Silver Bowlimb
tconstruct:bow_limb:0, Electrum Bowlimb
tconstruct:bow_limb:0, Steel Bowlimb
tconstruct:bow_string:0, String Bowstring
tconstruct:bow_string:0, Slimevine Bowstring
tconstruct:bow_string:0, Slimevine Bowstring
tconstruct:bow_string:0, Vines Bowstring
tconstruct:arrow_head:0, Wooden Arrow Head
tconstruct:arrow_head:0, Stone Arrow Head
tconstruct:arrow_head:0, Flint Arrow Head
tconstruct:arrow_head:0, Cactus Arrow Head
tconstruct:arrow_head:0, Bone Arrow Head
tconstruct:arrow_head:0, Obsidian Arrow Head
tconstruct:arrow_head:0, Prismarine Arrow Head
tconstruct:arrow_head:0, End Arrow Head
tconstruct:arrow_head:0, Paper Arrow Head
tconstruct:arrow_head:0, Sponge Arrow Head
tconstruct:arrow_head:0, Firewood Arrow Head
tconstruct:arrow_head:0, Iron Arrow Head
tconstruct:arrow_head:0, Pig Iron Arrow Head
tconstruct:arrow_head:0, Knightslime Arrow Head
tconstruct:arrow_head:0, Slime Arrow Head
tconstruct:arrow_head:0, Slime Arrow Head
tconstruct:arrow_head:0, Magma Slime Arrow Head
tconstruct:arrow_head:0, Netherrack Arrow Head
tconstruct:arrow_head:0, Cobalt Arrow Head
tconstruct:arrow_head:0, Ardite Arrow Head
tconstruct:arrow_head:0, Manyullyn Arrow Head
tconstruct:arrow_head:0, Copper Arrow Head
tconstruct:arrow_head:0, Bronze Arrow Head
tconstruct:arrow_head:0, Lead Arrow Head
tconstruct:arrow_head:0, Silver Arrow Head
tconstruct:arrow_head:0, Electrum Arrow Head
tconstruct:arrow_head:0, Steel Arrow Head
tconstruct:arrow_shaft:0, Wooden Arrow Shaft
tconstruct:arrow_shaft:0, Bone Arrow Shaft
tconstruct:arrow_shaft:0, Blazerod Arrow Shaft
tconstruct:arrow_shaft:0, Reeds Arrow Shaft
tconstruct:arrow_shaft:0, Ice Arrow Shaft
tconstruct:arrow_shaft:0, Endrod Arrow Shaft
tconstruct:fletching:0, Feather Fletching
tconstruct:fletching:0, Slimeleaf Fletching
tconstruct:fletching:0, Slimeleaf Fletching
tconstruct:fletching:0, Slimeleaf Fletching
tconstruct:fletching:0, Leaf Fletching
tconstruct:bolt_core:0, Wood-Iron Bolt Core
tconstruct:bolt_core:0, Bone-Iron Bolt Core
tconstruct:bolt_core:0, Blazerod-Iron Bolt Core
tconstruct:bolt_core:0, Reeds-Iron Bolt Core
tconstruct:bolt_core:0, Ice-Iron Bolt Core
tconstruct:bolt_core:0, Endrod-Iron Bolt Core
tconstruct:tooltables:0, Crafting Station
tconstruct:tooltables:1, Stencil Table
tconstruct:tooltables:1, Stencil Table
tconstruct:tooltables:1, Stencil Table
tconstruct:tooltables:1, Stencil Table
tconstruct:tooltables:1, Stencil Table
tconstruct:tooltables:1, Stencil Table
tconstruct:tooltables:1, Stencil Table
tconstruct:tooltables:1, Stencil Table
tconstruct:tooltables:1, Stencil Table
tconstruct:tooltables:1, Stencil Table
tconstruct:tooltables:1, Stencil Table
tconstruct:tooltables:1, Stencil Table
tconstruct:tooltables:1, Stencil Table
tconstruct:tooltables:1, Stencil Table
tconstruct:tooltables:1, Stencil Table
tconstruct:tooltables:1, Stencil Table
tconstruct:tooltables:1, Stencil Table
tconstruct:tooltables:1, Stencil Table
tconstruct:tooltables:1, Stencil Table
tconstruct:tooltables:1, Stencil Table
tconstruct:tooltables:1, Stencil Table
tconstruct:tooltables:1, Stencil Table
tconstruct:tooltables:1, Stencil Table
tconstruct:tooltables:1, Stencil Table
tconstruct:tooltables:1, Stencil Table
tconstruct:tooltables:1, Stencil Table
tconstruct:tooltables:1, Stencil Table
tconstruct:tooltables:1, Stencil Table
tconstruct:tooltables:1, Stencil Table
tconstruct:tooltables:1, Stencil Table
tconstruct:tooltables:1, Stencil Table
tconstruct:tooltables:1, Stencil Table
tconstruct:tooltables:1, Stencil Table
tconstruct:tooltables:1, Stencil Table
tconstruct:tooltables:1, Stencil Table
tconstruct:tooltables:1, Stencil Table
tconstruct:tooltables:1, Stencil Table
tconstruct:tooltables:1, Stencil Table
tconstruct:tooltables:1, Stencil Table
tconstruct:tooltables:1, Stencil Table
tconstruct:tooltables:1, Stencil Table
tconstruct:tooltables:1, Stencil Table
tconstruct:tooltables:1, Stencil Table
tconstruct:tooltables:1, Stencil Table
tconstruct:tooltables:1, Stencil Table
tconstruct:tooltables:1, Stencil Table
tconstruct:tooltables:1, Stencil Table
tconstruct:tooltables:1, Stencil Table
tconstruct:tooltables:1, Stencil Table
tconstruct:tooltables:1, Stencil Table
tconstruct:tooltables:1, Stencil Table
tconstruct:tooltables:1, Stencil Table
tconstruct:tooltables:1, Stencil Table
tconstruct:tooltables:1, Stencil Table
tconstruct:tooltables:1, Stencil Table
tconstruct:tooltables:1, Stencil Table
tconstruct:tooltables:1, Stencil Table
tconstruct:tooltables:1, Stencil Table
tconstruct:tooltables:1, Stencil Table
tconstruct:tooltables:1, Stencil Table
tconstruct:tooltables:1, Stencil Table
tconstruct:tooltables:1, Stencil Table
tconstruct:tooltables:1, Stencil Table
tconstruct:tooltables:1, Stencil Table
tconstruct:tooltables:1, Stencil Table
tconstruct:tooltables:1, Stencil Table
tconstruct:tooltables:1, Stencil Table
tconstruct:tooltables:1, Stencil Table
tconstruct:tooltables:1, Stencil Table
tconstruct:tooltables:1, Stencil Table
tconstruct:tooltables:1, Stencil Table
tconstruct:tooltables:1, Stencil Table
tconstruct:tooltables:1, Stencil Table
tconstruct:tooltables:1, Stencil Table
tconstruct:tooltables:1, Stencil Table
tconstruct:tooltables:1, Stencil Table
tconstruct:tooltables:1, Stencil Table
tconstruct:tooltables:1, Stencil Table
tconstruct:tooltables:1, Stencil Table
tconstruct:tooltables:1, Stencil Table
tconstruct:tooltables:1, Stencil Table
tconstruct:tooltables:1, Stencil Table
tconstruct:tooltables:1, Stencil Table
tconstruct:tooltables:1, Stencil Table
tconstruct:tooltables:1, Stencil Table
tconstruct:tooltables:1, Stencil Table
tconstruct:tooltables:1, Stencil Table
tconstruct:tooltables:1, Stencil Table
tconstruct:tooltables:1, Stencil Table
tconstruct:tooltables:1, Stencil Table
tconstruct:tooltables:1, Stencil Table
tconstruct:tooltables:1, Stencil Table
tconstruct:tooltables:1, Stencil Table
tconstruct:tooltables:1, Stencil Table
tconstruct:tooltables:1, Stencil Table
tconstruct:tooltables:1, Stencil Table
tconstruct:tooltables:4, Pattern Chest
tconstruct:tooltables:2, Part Builder
tconstruct:tooltables:2, Part Builder
tconstruct:tooltables:2, Part Builder
tconstruct:tooltables:2, Part Builder
tconstruct:tooltables:2, Part Builder
tconstruct:tooltables:2, Part Builder
tconstruct:tooltables:5, Part Chest
tconstruct:tooltables:3, Tool Station
tconstruct:toolforge:0, Tool Forge
tconstruct:toolforge:0, Tool Forge
tconstruct:toolforge:0, Tool Forge
tconstruct:toolforge:0, Tool Forge
tconstruct:toolforge:0, Tool Forge
tconstruct:toolforge:0, Tool Forge
tconstruct:toolforge:0, Tool Forge
tconstruct:toolforge:0, Tool Forge
tconstruct:toolforge:0, Tool Forge
tconstruct:toolforge:0, Tool Forge
tconstruct:toolforge:0, Tool Forge
tconstruct:toolforge:0, Tool Forge
tconstruct:toolforge:0, Tool Forge
tconstruct:toolforge:0, Tool Forge
tconstruct:toolforge:0, Tool Forge
tconstruct:toolforge:0, Tool Forge
tconstruct:toolforge:0, Tool Forge
tconstruct:pickaxe, Pickaxe
tconstruct:shovel, Shovel
tconstruct:hatchet, Hatchet
tconstruct:mattock, Mattock
tconstruct:kama, Kama
tconstruct:hammer, Hammer
tconstruct:excavator, Excavator
tconstruct:lumberaxe, Lumberaxe
tconstruct:scythe, Scythe
tconstruct:broadsword, Broadsword
tconstruct:longsword, Longsword
tconstruct:rapier, Rapier
tconstruct:frypan, Frypan
tconstruct:battlesign, Battlesign
tconstruct:cleaver, Cleaver
tconstruct:shortbow, Shortbow
tconstruct:longbow, Longbow
tconstruct:crossbow, Crossbow
tconstruct:arrow, Arrow
tconstruct:bolt, Bolt
tconstruct:shuriken, Shuriken
tconstruct:seared:0, Seared Stone
tconstruct:seared:1, Seared Cobblestone
tconstruct:seared:2, Seared Paver
tconstruct:seared:3, Seared Bricks
tconstruct:seared:4, Cracked Seared Bricks
tconstruct:seared:5, Fancy Seared Bricks
tconstruct:seared:6, Square Seared Bricks
tconstruct:seared:7, Seared Road
tconstruct:seared:8, Seared Creeperface
tconstruct:seared:9, Triangle Seared Bricks
tconstruct:seared:10, Small Seared Bricks
tconstruct:seared:11, Seared Tiles
tconstruct:smeltery_controller:0, Smeltery Controller
tconstruct:seared_tank:0, Seared Tank
tconstruct:seared_tank:1, Seared Gauge
tconstruct:seared_tank:2, Seared Window
tconstruct:faucet:0, Seared Faucet
tconstruct:channel:0, Casting Channel
tconstruct:casting:0, Casting Table
tconstruct:casting:1, Casting Basin
tconstruct:smeltery_io:0, Seared Drain
tconstruct:seared_glass:0, Seared Glass
tconstruct:seared_furnace_controller:0, Seared Furnace Controller
tconstruct:tinker_tank_controller:0, Tinker Tank Controller
tconstruct:seared_slab:0, Seared Stone Slab
tconstruct:seared_slab:1, Seared Cobblestone Slab
tconstruct:seared_slab:2, Seared Paver Slab
tconstruct:seared_slab:3, Seared Bricks Slab
tconstruct:seared_slab:4, Cracked Seared Bricks Slab
tconstruct:seared_slab:5, Fancy Seared Bricks Slab
tconstruct:seared_slab:6, Square Seared Bricks Slab
tconstruct:seared_slab:7, Seared Road Slab
tconstruct:seared_slab2:0, Seared Creeperface Slab
tconstruct:seared_slab2:1, Triangle Seared Bricks Slab
tconstruct:seared_slab2:2, Small Seared Bricks Slab
tconstruct:seared_slab2:3, Seared Tile Slab
tconstruct:seared_stairs_stone:0, Seared Stone Stairs
tconstruct:seared_stairs_cobble:0, Seared Cobblestone Stairs
tconstruct:seared_stairs_paver:0, Seared Paver Stairs
tconstruct:seared_stairs_brick:0, Seared Bricks Stairs
tconstruct:seared_stairs_brick_cracked:0, Cracked Seared Bricks Stairs
tconstruct:seared_stairs_brick_fancy:0, Fancy Seared Bricks Stairs
tconstruct:seared_stairs_brick_square:0, Square Seared Bricks Stairs
tconstruct:seared_stairs_brick_triangle:0, Triangle Seared Bricks Stairs
tconstruct:seared_stairs_brick_small:0, Small Seared Bricks Stairs
tconstruct:seared_stairs_road:0, Seared Road Stairs
tconstruct:seared_stairs_tile:0, Seared Tile Stairs
tconstruct:seared_stairs_creeper:0, Seared Creeperface Stairs
tconstruct:cast:0, Blank Cast
tconstruct:cast:0, Large Sword Blade Cast
tconstruct:cast:0, Sharpening Kit Cast
tconstruct:cast:0, Large Plate Cast
tconstruct:cast:0, Broad Axe Head Cast
tconstruct:cast:0, Bowlimb Cast
tconstruct:cast:0, Sign Plate Cast
tconstruct:cast:0, Hand Guard Cast
tconstruct:cast:0, Knife Blade Cast
tconstruct:cast:0, Wide Guard Cast
tconstruct:cast:0, Pickaxe Head Cast
tconstruct:cast:0, Kama Head Cast
tconstruct:cast:0, Cross Guard Cast
tconstruct:cast:0, Tough Binding Cast
tconstruct:cast:0, Sword Blade Cast
tconstruct:cast:0, Axe Head Cast
tconstruct:cast:0, Shovel Head Cast
tconstruct:cast:0, Excavator Head Cast
tconstruct:cast:0, Tool Rod Cast
tconstruct:cast:0, Shard Cast
tconstruct:cast:0, Tough Tool Rod Cast
tconstruct:cast:0, Hammer Head Cast
tconstruct:cast:0, Binding Cast
tconstruct:cast:0, Arrow Head Cast
tconstruct:cast:0, Pan Cast
tconstruct:cast:0, Scythe Head Cast
tconstruct:cast_custom:0, Ingot Cast
tconstruct:cast_custom:1, Nugget Cast
tconstruct:cast_custom:2, Gem Cast
tconstruct:cast_custom:3, Plate Cast
tconstruct:cast_custom:4, Gear Cast
tconstruct:clay_cast:0, item.tconstruct.clay_cast.blank
tconstruct:clay_cast:0, Large Sword Blade Clay Cast
tconstruct:clay_cast:0, Sharpening Kit Clay Cast
tconstruct:clay_cast:0, Large Plate Clay Cast
tconstruct:clay_cast:0, Broad Axe Head Clay Cast
tconstruct:clay_cast:0, Bowlimb Clay Cast
tconstruct:clay_cast:0, Sign Plate Clay Cast
tconstruct:clay_cast:0, Hand Guard Clay Cast
tconstruct:clay_cast:0, Knife Blade Clay Cast
tconstruct:clay_cast:0, Wide Guard Clay Cast
tconstruct:clay_cast:0, Pickaxe Head Clay Cast
tconstruct:clay_cast:0, Kama Head Clay Cast
tconstruct:clay_cast:0, Cross Guard Clay Cast
tconstruct:clay_cast:0, Tough Binding Clay Cast
tconstruct:clay_cast:0, Sword Blade Clay Cast
tconstruct:clay_cast:0, Axe Head Clay Cast
tconstruct:clay_cast:0, Shovel Head Clay Cast
tconstruct:clay_cast:0, Excavator Head Clay Cast
tconstruct:clay_cast:0, Tool Rod Clay Cast
tconstruct:clay_cast:0, Shard Clay Cast
tconstruct:clay_cast:0, Tough Tool Rod Clay Cast
tconstruct:clay_cast:0, Hammer Head Clay Cast
tconstruct:clay_cast:0, Binding Clay Cast
tconstruct:clay_cast:0, Arrow Head Clay Cast
tconstruct:clay_cast:0, Pan Clay Cast
tconstruct:clay_cast:0, Scythe Head Clay Cast
tconstruct:stone_torch:0, Stone Torch
tconstruct:stone_ladder:0, Stone Ladder
tconstruct:punji:0, Punji Sticks
tconstruct:rack:0, Item Rack
tconstruct:rack:1, Drying Rack
tconstruct:wood_rail:0, Wooden Rail
tconstruct:wood_rail_trapdoor:0, Wooden Rail with a Trapdoor
tconstruct:wooden_hopper:0, Wooden Hopper
tconstruct:slime_channel:0, Slime Channel
tconstruct:slime_channel:1, Slime Channel
tconstruct:slime_channel:2, Slime Channel
tconstruct:slime_channel:3, Blood Channel
tconstruct:slime_channel:4, Slime Channel
tconstruct:dried_clay:0, Dried Clay
tconstruct:dried_clay:1, Dried Bricks
tconstruct:dried_clay_slab:0, Dried Clay Slab
tconstruct:dried_clay_slab:1, Dried Bricks Slab
tconstruct:dried_clay_stairs:0, Dried Clay Stairs
tconstruct:dried_brick_stairs:0, Dried Bricks Stairs
tconstruct:brownstone:0, Smooth Brownstone
tconstruct:brownstone:1, Rough Brownstone
tconstruct:brownstone:2, Brownstone Paver
tconstruct:brownstone:3, Brownstone Bricks
tconstruct:brownstone:4, Cracked Brownstone Bricks
tconstruct:brownstone:5, Fancy Brownstone Bricks
tconstruct:brownstone:6, Square Brownstone Bricks
tconstruct:brownstone:7, Brownstone Road
tconstruct:brownstone:8, Brownstone Creeperface
tconstruct:brownstone:9, Triangle Brownstone Bricks
tconstruct:brownstone:10, Small Brownstone Bricks
tconstruct:brownstone:11, Brownstone Tiles
tconstruct:brownstone_slab:0, Smooth Brownstone Slab
tconstruct:brownstone_slab:1, Rough Brownstone Slab
tconstruct:brownstone_slab:2, Brownstone Paver Slab
tconstruct:brownstone_slab:3, Brownstone Bricks Slab
tconstruct:brownstone_slab:4, Cracked Brownstone Bricks Slab
tconstruct:brownstone_slab:5, Fancy Brownstone Bricks Slab
tconstruct:brownstone_slab:6, Square Brownstone Bricks Slab
tconstruct:brownstone_slab:7, Brownstone Road Slab
tconstruct:brownstone_slab2:0, Brownstone Creeperface Slab
tconstruct:brownstone_slab2:1, Triangle Brownstone Bricks Slab
tconstruct:brownstone_slab2:2, Small Brownstone Bricks Slab
tconstruct:brownstone_slab2:3, Brownstone Tile Slab
tconstruct:brownstone_stairs_smooth:0, Smooth Brownstone Stairs
tconstruct:brownstone_stairs_rough:0, Rough Brownstone Stairs
tconstruct:brownstone_stairs_paver:0, Brownstone Paver Stairs
tconstruct:brownstone_stairs_brick:0, Brownstone Bricks Stairs
tconstruct:brownstone_stairs_brick_cracked:0, Cracked Brownstone Bricks Stairs
tconstruct:brownstone_stairs_brick_fancy:0, Fancy Brownstone Bricks Stairs
tconstruct:brownstone_stairs_brick_square:0, Square Brownstone Bricks Stairs
tconstruct:brownstone_stairs_brick_triangle:0, Triangle Brownstone Bricks Stairs
tconstruct:brownstone_stairs_brick_small:0, Small Brownstone Bricks Stairs
tconstruct:brownstone_stairs_road:0, Brownstone Road Stairs
tconstruct:brownstone_stairs_tile:0, Brownstone Tile Stairs
tconstruct:brownstone_stairs_creeper:0, Brownstone Creeperface Stairs
tconstruct:slimesling:0, Slimesling
tconstruct:slimesling:1, Slimesling
tconstruct:slimesling:2, Slimesling
tconstruct:slimesling:3, Congealed Bloodsling
tconstruct:slimesling:4, Slimesling
tconstruct:slime_boots:0, Slime Boots
tconstruct:slime_boots:1, Slime Boots
tconstruct:slime_boots:2, Slime Boots
tconstruct:slime_boots:3, Congealed Blood Boots
tconstruct:slime_boots:4, Slime Boots
tconstruct:piggybackpack, Piggybackpack
tconstruct:throwball:0, Glowball
tconstruct:throwball:1, EFLN
tconstruct:stone_stick, Stone Rod
tconstruct:fancy_frame:0, Fancy Item Frame
tconstruct:fancy_frame:1, Aluminium Brass Item Frame
tconstruct:fancy_frame:2, Cobalt Item Frame
tconstruct:fancy_frame:3, Ardite Item Frame
tconstruct:fancy_frame:4, Manyullyn Item Frame
tconstruct:fancy_frame:5, Golden Item Frame
tconstruct:fancy_frame:6, Clear Item Frame
tconstruct:moms_spaghetti, Mom's Spaghetti
torchmaster:mega_torch:0, Mega Torch
torchmaster:mega_torch:1, Unlit Mega Torch
torchmaster:terrain_lighter, Terrain Lighter
torchmaster:dread_lamp, Dread Lamp
torchmaster:feral_flare_lantern, Feral Flare Lantern
torchmaster:frozen_pearl, Frozen Pearl
woot:die:0, Mesh Die
woot:die:1, Plate Die
woot:die:2, Core Die
woot:die:3, Shard Die
woot:factorycore:0, Heart Core
woot:factorycore:1, Controller Core
woot:factorycore:2, Tier I Upgrade Core
woot:factorycore:3, Tier II Upgrade Core
woot:factorycore:4, Tier III Upgrade Core
woot:factorycore:5, Power Core
woot:factorycore:6, Cap Core
woot:factorybase, Factory Base
woot:stygianironingot, Stygian Iron Ingot
woot:stygianironplate, Stygian Iron Plate
woot:endershard, Ender Shard
woot:prism, Prism
woot:soulsanddust, Soul Dust
woot:stygianirondust, Stygian Iron Dust
woot:shard:0, Diamond Shard
woot:shard:1, Emerald Shard
woot:shard:2, Quartz Shard
woot:shard:3, Nether Star Shard
woot:shard:4, Tier II Shard
woot:shard:5, Tier III Shard
woot:shard:6, Tier IV Shard
woot:yahhammer, Ya Hammer
woot:xpshard, XP Shard (16XP)
woot:fakemanual, Readme
woot:builder, The Intern
woot:anvil, Stygian Iron Anvil
woot:layout, Factory Layout
woot:factory, Factory Heart
woot:soulstone, Soul Stone
woot:stygianiron, Stygian Iron Block
woot:stygianironore, Stygian Iron Ore
woot:importer, Factory Importer
woot:exporter, Factory Exporter
woot:controller, Factory Controller
woot:structure:0, Factory Flesh Casing
woot:structure:1, Factory Bone Casing
woot:structure:2, Factory Blaze Casing
woot:structure:3, Factory Ender Casing
woot:structure:4, Factory Nether Casing
woot:structure:5, Factory Upgrade Base
woot:structure:6, Factory Tier I Cap
woot:structure:7, Factory Tier II Cap
woot:structure:8, Factory Tier III Cap
woot:structure:9, Factory Tier IV Cap
woot:cell:0, Basic Power Cell
woot:cell:1, Advanced Power Cell
woot:cell:2, Premium Power Cell
woot:upgrade:0, Rate I Upgrade
woot:upgrade:1, Rate II Upgrade
woot:upgrade:2, Rate III Upgrade
woot:upgrade:3, Looting I Upgrade
woot:upgrade:4, Looting II Upgrade
woot:upgrade:5, Looting III Upgrade
woot:upgrade:6, XP I Upgrade
woot:upgrade:7, XP II Upgrade
woot:upgrade:8, XP III Upgrade
woot:upgrade:9, Mass I Upgrade
woot:upgrade:10, Mass II Upgrade
woot:upgrade:11, Mass III Upgrade
woot:upgrade:12, Decapitate I Upgrade
woot:upgrade:13, Decapitate II Upgrade
woot:upgrade:14, Decapitate III Upgrade
woot:upgradeb:0, Efficiency I Upgrade
woot:upgradeb:1, Efficiency II Upgrade
woot:upgradeb:2, Efficiency III Upgrade
woot:upgradeb:3, Blood Magic Life Essence Tank I Upgrade
woot:upgradeb:4, Blood Magic Life Essence Tank II Upgrade
woot:upgradeb:5, Blood Magic Life Essence Tank III Upgrade
woot:upgradeb:6, Blood Magic Life Essence Altar I Upgrade
woot:upgradeb:7, Blood Magic Life Essence Altar II Upgrade
woot:upgradeb:8, Blood Magic Life Essence Altar III Upgrade
woot:upgradeb:9, EvilCraft Blood Tank I Upgrade
woot:upgradeb:10, EvilCraft Blood Tank II Upgrade
woot:upgradeb:11, EvilCraft Blood Tank III Upgrade
woot:upgradeb:12, Blood Magic Crystal I Upgrade
woot:upgradeb:13, Blood Magic Crystal II Upgrade
woot:upgradeb:14, Blood Magic Crystal III Upgrade
xtones:base, Xtone Tile
xtones:lamp_flat, Flat Lamp
xtones:agon:0, Agon 1
xtones:agon:1, Agon 2
xtones:agon:2, Agon 3
xtones:agon:3, Agon 4
xtones:agon:4, Agon 5
xtones:agon:5, Agon 6
xtones:agon:6, Agon 7
xtones:agon:7, Agon 8
xtones:agon:8, Agon 9
xtones:agon:9, Agon 10
xtones:agon:10, Agon 11
xtones:agon:11, Agon 12
xtones:agon:12, Agon 13
xtones:agon:13, Agon 14
xtones:agon:14, Agon 15
xtones:agon:15, Agon 16
xtones:azur:0, Azur 1
xtones:azur:1, Azur 2
xtones:azur:2, Azur 3
xtones:azur:3, Azur 4
xtones:azur:4, Azur 5
xtones:azur:5, Azur 6
xtones:azur:6, Azur 7
xtones:azur:7, Azur 8
xtones:azur:8, Azur 9
xtones:azur:9, Azur 10
xtones:azur:10, Azur 11
xtones:azur:11, Azur 12
xtones:azur:12, Azur 13
xtones:azur:13, Azur 14
xtones:azur:14, Azur 15
xtones:azur:15, Azur 16
xtones:bitt:0, Bitt 1
xtones:bitt:1, Bitt 2
xtones:bitt:2, Bitt 3
xtones:bitt:3, Bitt 4
xtones:bitt:4, Bitt 5
xtones:bitt:5, Bitt 6
xtones:bitt:6, Bitt 7
xtones:bitt:7, Bitt 8
xtones:bitt:8, Bitt 9
xtones:bitt:9, Bitt 10
xtones:bitt:10, Bitt 11
xtones:bitt:11, Bitt 12
xtones:bitt:12, Bitt 13
xtones:bitt:13, Bitt 14
xtones:bitt:14, Bitt 15
xtones:bitt:15, Bitt 16
xtones:cray:0, Cray 1
xtones:cray:1, Cray 2
xtones:cray:2, Cray 3
xtones:cray:3, Cray 4
xtones:cray:4, Cray 5
xtones:cray:5, Cray 6
xtones:cray:6, Cray 7
xtones:cray:7, Cray 8
xtones:cray:8, Cray 9
xtones:cray:9, Cray 10
xtones:cray:10, Cray 11
xtones:cray:11, Cray 12
xtones:cray:12, Cray 13
xtones:cray:13, Cray 14
xtones:cray:14, Cray 15
xtones:cray:15, Cray 16
xtones:fort:0, Fort 1
xtones:fort:1, Fort 2
xtones:fort:2, Fort 3
xtones:fort:3, Fort 4
xtones:fort:4, Fort 5
xtones:fort:5, Fort 6
xtones:fort:6, Fort 7
xtones:fort:7, Fort 8
xtones:fort:8, Fort 9
xtones:fort:9, Fort 10
xtones:fort:10, Fort 11
xtones:fort:11, Fort 12
xtones:fort:12, Fort 13
xtones:fort:13, Fort 14
xtones:fort:14, Fort 15
xtones:fort:15, Fort 16
xtones:glaxx:0, Glaxx 1
xtones:glaxx:1, Glaxx 2
xtones:glaxx:2, Glaxx 3
xtones:glaxx:3, Glaxx 4
xtones:glaxx:4, Glaxx 5
xtones:glaxx:5, Glaxx 6
xtones:glaxx:6, Glaxx 7
xtones:glaxx:7, Glaxx 8
xtones:glaxx:8, Glaxx 9
xtones:glaxx:9, Glaxx 10
xtones:glaxx:10, Glaxx 11
xtones:glaxx:11, Glaxx 12
xtones:glaxx:12, Glaxx 13
xtones:glaxx:13, Glaxx 14
xtones:glaxx:14, Glaxx 15
xtones:glaxx:15, Glaxx 16
xtones:iszm:0, Iszm 1
xtones:iszm:1, Iszm 2
xtones:iszm:2, Iszm 3
xtones:iszm:3, Iszm 4
xtones:iszm:4, Iszm 5
xtones:iszm:5, Iszm 6
xtones:iszm:6, Iszm 7
xtones:iszm:7, Iszm 8
xtones:iszm:8, Iszm 9
xtones:iszm:9, Iszm 10
xtones:iszm:10, Iszm 11
xtones:iszm:11, Iszm 12
xtones:iszm:12, Iszm 13
xtones:iszm:13, Iszm 14
xtones:iszm:14, Iszm 15
xtones:iszm:15, Iszm 16
xtones:jelt:0, Jelt 1
xtones:jelt:1, Jelt 2
xtones:jelt:2, Jelt 3
xtones:jelt:3, Jelt 4
xtones:jelt:4, Jelt 5
xtones:jelt:5, Jelt 6
xtones:jelt:6, Jelt 7
xtones:jelt:7, Jelt 8
xtones:jelt:8, Jelt 9
xtones:jelt:9, Jelt 10
xtones:jelt:10, Jelt 11
xtones:jelt:11, Jelt 12
xtones:jelt:12, Jelt 13
xtones:jelt:13, Jelt 14
xtones:jelt:14, Jelt 15
xtones:jelt:15, Jelt 16
xtones:korp:0, Korp 1
xtones:korp:1, Korp 2
xtones:korp:2, Korp 3
xtones:korp:3, Korp 4
xtones:korp:4, Korp 5
xtones:korp:5, Korp 6
xtones:korp:6, Korp 7
xtones:korp:7, Korp 8
xtones:korp:8, Korp 9
xtones:korp:9, Korp 10
xtones:korp:10, Korp 11
xtones:korp:11, Korp 12
xtones:korp:12, Korp 13
xtones:korp:13, Korp 14
xtones:korp:14, Korp 15
xtones:korp:15, Korp 16
xtones:kryp:0, Kryp 1
xtones:kryp:1, Kryp 2
xtones:kryp:2, Kryp 3
xtones:kryp:3, Kryp 4
xtones:kryp:4, Kryp 5
xtones:kryp:5, Kryp 6
xtones:kryp:6, Kryp 7
xtones:kryp:7, Kryp 8
xtones:kryp:8, Kryp 9
xtones:kryp:9, Kryp 10
xtones:kryp:10, Kryp 11
xtones:kryp:11, Kryp 12
xtones:kryp:12, Kryp 13
xtones:kryp:13, Kryp 14
xtones:kryp:14, Kryp 15
xtones:kryp:15, Kryp 16
xtones:lair:0, Lair 1
xtones:lair:1, Lair 2
xtones:lair:2, Lair 3
xtones:lair:3, Lair 4
xtones:lair:4, Lair 5
xtones:lair:5, Lair 6
xtones:lair:6, Lair 7
xtones:lair:7, Lair 8
xtones:lair:8, Lair 9
xtones:lair:9, Lair 10
xtones:lair:10, Lair 11
xtones:lair:11, Lair 12
xtones:lair:12, Lair 13
xtones:lair:13, Lair 14
xtones:lair:14, Lair 15
xtones:lair:15, Lair 16
xtones:lave:0, Lave 1
xtones:lave:1, Lave 2
xtones:lave:2, Lave 3
xtones:lave:3, Lave 4
xtones:lave:4, Lave 5
xtones:lave:5, Lave 6
xtones:lave:6, Lave 7
xtones:lave:7, Lave 8
xtones:lave:8, Lave 9
xtones:lave:9, Lave 10
xtones:lave:10, Lave 11
xtones:lave:11, Lave 12
xtones:lave:12, Lave 13
xtones:lave:13, Lave 14
xtones:lave:14, Lave 15
xtones:lave:15, Lave 16
xtones:mint:0, Mint 1
xtones:mint:1, Mint 2
xtones:mint:2, Mint 3
xtones:mint:3, Mint 4
xtones:mint:4, Mint 5
xtones:mint:5, Mint 6
xtones:mint:6, Mint 7
xtones:mint:7, Mint 8
xtones:mint:8, Mint 9
xtones:mint:9, Mint 10
xtones:mint:10, Mint 11
xtones:mint:11, Mint 12
xtones:mint:12, Mint 13
xtones:mint:13, Mint 14
xtones:mint:14, Mint 15
xtones:mint:15, Mint 16
xtones:myst:0, Myst 1
xtones:myst:1, Myst 2
xtones:myst:2, Myst 3
xtones:myst:3, Myst 4
xtones:myst:4, Myst 5
xtones:myst:5, Myst 6
xtones:myst:6, Myst 7
xtones:myst:7, Myst 8
xtones:myst:8, Myst 9
xtones:myst:9, Myst 10
xtones:myst:10, Myst 11
xtones:myst:11, Myst 12
xtones:myst:12, Myst 13
xtones:myst:13, Myst 14
xtones:myst:14, Myst 15
xtones:myst:15, Myst 16
xtones:reds:0, Reds 1
xtones:reds:1, Reds 2
xtones:reds:2, Reds 3
xtones:reds:3, Reds 4
xtones:reds:4, Reds 5
xtones:reds:5, Reds 6
xtones:reds:6, Reds 7
xtones:reds:7, Reds 8
xtones:reds:8, Reds 9
xtones:reds:9, Reds 10
xtones:reds:10, Reds 11
xtones:reds:11, Reds 12
xtones:reds:12, Reds 13
xtones:reds:13, Reds 14
xtones:reds:14, Reds 15
xtones:reds:15, Reds 16
xtones:reed:0, Reed 1
xtones:reed:1, Reed 2
xtones:reed:2, Reed 3
xtones:reed:3, Reed 4
xtones:reed:4, Reed 5
xtones:reed:5, Reed 6
xtones:reed:6, Reed 7
xtones:reed:7, Reed 8
xtones:reed:8, Reed 9
xtones:reed:9, Reed 10
xtones:reed:10, Reed 11
xtones:reed:11, Reed 12
xtones:reed:12, Reed 13
xtones:reed:13, Reed 14
xtones:reed:14, Reed 15
xtones:reed:15, Reed 16
xtones:roen:0, Roen 1
xtones:roen:1, Roen 2
xtones:roen:2, Roen 3
xtones:roen:3, Roen 4
xtones:roen:4, Roen 5
xtones:roen:5, Roen 6
xtones:roen:6, Roen 7
xtones:roen:7, Roen 8
xtones:roen:8, Roen 9
xtones:roen:9, Roen 10
xtones:roen:10, Roen 11
xtones:roen:11, Roen 12
xtones:roen:12, Roen 13
xtones:roen:13, Roen 14
xtones:roen:14, Roen 15
xtones:roen:15, Roen 16
xtones:sols:0, Sols 1
xtones:sols:1, Sols 2
xtones:sols:2, Sols 3
xtones:sols:3, Sols 4
xtones:sols:4, Sols 5
xtones:sols:5, Sols 6
xtones:sols:6, Sols 7
xtones:sols:7, Sols 8
xtones:sols:8, Sols 9
xtones:sols:9, Sols 10
xtones:sols:10, Sols 11
xtones:sols:11, Sols 12
xtones:sols:12, Sols 13
xtones:sols:13, Sols 14
xtones:sols:14, Sols 15
xtones:sols:15, Sols 16
xtones:sync:0, Sync 1
xtones:sync:1, Sync 2
xtones:sync:2, Sync 3
xtones:sync:3, Sync 4
xtones:sync:4, Sync 5
xtones:sync:5, Sync 6
xtones:sync:6, Sync 7
xtones:sync:7, Sync 8
xtones:sync:8, Sync 9
xtones:sync:9, Sync 10
xtones:sync:10, Sync 11
xtones:sync:11, Sync 12
xtones:sync:12, Sync 13
xtones:sync:13, Sync 14
xtones:sync:14, Sync 15
xtones:sync:15, Sync 16
xtones:tank:0, Tank 1
xtones:tank:1, Tank 2
xtones:tank:2, Tank 3
xtones:tank:3, Tank 4
xtones:tank:4, Tank 5
xtones:tank:5, Tank 6
xtones:tank:6, Tank 7
xtones:tank:7, Tank 8
xtones:tank:8, Tank 9
xtones:tank:9, Tank 10
xtones:tank:10, Tank 11
xtones:tank:11, Tank 12
xtones:tank:12, Tank 13
xtones:tank:13, Tank 14
xtones:tank:14, Tank 15
xtones:tank:15, Tank 16
xtones:vect:0, Vect 1
xtones:vect:1, Vect 2
xtones:vect:2, Vect 3
xtones:vect:3, Vect 4
xtones:vect:4, Vect 5
xtones:vect:5, Vect 6
xtones:vect:6, Vect 7
xtones:vect:7, Vect 8
xtones:vect:8, Vect 9
xtones:vect:9, Vect 10
xtones:vect:10, Vect 11
xtones:vect:11, Vect 12
xtones:vect:12, Vect 13
xtones:vect:13, Vect 14
xtones:vect:14, Vect 15
xtones:vect:15, Vect 16
xtones:vena:0, Vena 1
xtones:vena:1, Vena 2
xtones:vena:2, Vena 3
xtones:vena:3, Vena 4
xtones:vena:4, Vena 5
xtones:vena:5, Vena 6
xtones:vena:6, Vena 7
xtones:vena:7, Vena 8
xtones:vena:8, Vena 9
xtones:vena:9, Vena 10
xtones:vena:10, Vena 11
xtones:vena:11, Vena 12
xtones:vena:12, Vena 13
xtones:vena:13, Vena 14
xtones:vena:14, Vena 15
xtones:vena:15, Vena 16
xtones:zane:0, Zane 1
xtones:zane:1, Zane 2
xtones:zane:2, Zane 3
xtones:zane:3, Zane 4
xtones:zane:4, Zane 5
xtones:zane:5, Zane 6
xtones:zane:6, Zane 7
xtones:zane:7, Zane 8
xtones:zane:8, Zane 9
xtones:zane:9, Zane 10
xtones:zane:10, Zane 11
xtones:zane:11, Zane 12
xtones:zane:12, Zane 13
xtones:zane:13, Zane 14
xtones:zane:14, Zane 15
xtones:zane:15, Zane 16
xtones:zech:0, Zech 1
xtones:zech:1, Zech 2
xtones:zech:2, Zech 3
xtones:zech:3, Zech 4
xtones:zech:4, Zech 5
xtones:zech:5, Zech 6
xtones:zech:6, Zech 7
xtones:zech:7, Zech 8
xtones:zech:8, Zech 9
xtones:zech:9, Zech 10
xtones:zech:10, Zech 11
xtones:zech:11, Zech 12
xtones:zech:12, Zech 13
xtones:zech:13, Zech 14
xtones:zech:14, Zech 15
xtones:zech:15, Zech 16
xtones:zest:0, Zest 1
xtones:zest:1, Zest 2
xtones:zest:2, Zest 3
xtones:zest:3, Zest 4
xtones:zest:4, Zest 5
xtones:zest:5, Zest 6
xtones:zest:6, Zest 7
xtones:zest:7, Zest 8
xtones:zest:8, Zest 9
xtones:zest:9, Zest 10
xtones:zest:10, Zest 11
xtones:zest:11, Zest 12
xtones:zest:12, Zest 13
xtones:zest:13, Zest 14
xtones:zest:14, Zest 15
xtones:zest:15, Zest 16
xtones:zeta:0, Zeta 1
xtones:zeta:1, Zeta 2
xtones:zeta:2, Zeta 3
xtones:zeta:3, Zeta 4
xtones:zeta:4, Zeta 5
xtones:zeta:5, Zeta 6
xtones:zeta:6, Zeta 7
xtones:zeta:7, Zeta 8
xtones:zeta:8, Zeta 9
xtones:zeta:9, Zeta 10
xtones:zeta:10, Zeta 11
xtones:zeta:11, Zeta 12
xtones:zeta:12, Zeta 13
xtones:zeta:13, Zeta 14
xtones:zeta:14, Zeta 15
xtones:zeta:15, Zeta 16
xtones:zion:0, Zion 1
xtones:zion:1, Zion 2
xtones:zion:2, Zion 3
xtones:zion:3, Zion 4
xtones:zion:4, Zion 5
xtones:zion:5, Zion 6
xtones:zion:6, Zion 7
xtones:zion:7, Zion 8
xtones:zion:8, Zion 9
xtones:zion:9, Zion 10
xtones:zion:10, Zion 11
xtones:zion:11, Zion 12
xtones:zion:12, Zion 13
xtones:zion:13, Zion 14
xtones:zion:14, Zion 15
xtones:zion:15, Zion 16
xtones:zkul:0, Zkul 1
xtones:zkul:1, Zkul 2
xtones:zkul:2, Zkul 3
xtones:zkul:3, Zkul 4
xtones:zkul:4, Zkul 5
xtones:zkul:5, Zkul 6
xtones:zkul:6, Zkul 7
xtones:zkul:7, Zkul 8
xtones:zkul:8, Zkul 9
xtones:zkul:9, Zkul 10
xtones:zkul:10, Zkul 11
xtones:zkul:11, Zkul 12
xtones:zkul:12, Zkul 13
xtones:zkul:13, Zkul 14
xtones:zkul:14, Zkul 15
xtones:zkul:15, Zkul 16
xtones:zoea:0, Zoea 1
xtones:zoea:1, Zoea 2
xtones:zoea:2, Zoea 3
xtones:zoea:3, Zoea 4
xtones:zoea:4, Zoea 5
xtones:zoea:5, Zoea 6
xtones:zoea:6, Zoea 7
xtones:zoea:7, Zoea 8
xtones:zoea:8, Zoea 9
xtones:zoea:9, Zoea 10
xtones:zoea:10, Zoea 11
xtones:zoea:11, Zoea 12
xtones:zoea:12, Zoea 13
xtones:zoea:13, Zoea 14
xtones:zoea:14, Zoea 15
xtones:zoea:15, Zoea 16
xtones:zome:0, Zome 1
xtones:zome:1, Zome 2
xtones:zome:2, Zome 3
xtones:zome:3, Zome 4
xtones:zome:4, Zome 5
xtones:zome:5, Zome 6
xtones:zome:6, Zome 7
xtones:zome:7, Zome 8
xtones:zome:8, Zome 9
xtones:zome:9, Zome 10
xtones:zome:10, Zome 11
xtones:zome:11, Zome 12
xtones:zome:12, Zome 13
xtones:zome:13, Zome 14
xtones:zome:14, Zome 15
xtones:zome:15, Zome 16
xtones:zone:0, Zone 1
xtones:zone:1, Zone 2
xtones:zone:2, Zone 3
xtones:zone:3, Zone 4
xtones:zone:4, Zone 5
xtones:zone:5, Zone 6
xtones:zone:6, Zone 7
xtones:zone:7, Zone 8
xtones:zone:8, Zone 9
xtones:zone:9, Zone 10
xtones:zone:10, Zone 11
xtones:zone:11, Zone 12
xtones:zone:12, Zone 13
xtones:zone:13, Zone 14
xtones:zone:14, Zone 15
xtones:zone:15, Zone 16
xtones:zorg:0, Zorg 1
xtones:zorg:1, Zorg 2
xtones:zorg:2, Zorg 3
xtones:zorg:3, Zorg 4
xtones:zorg:4, Zorg 5
xtones:zorg:5, Zorg 6
xtones:zorg:6, Zorg 7
xtones:zorg:7, Zorg 8
xtones:zorg:8, Zorg 9
xtones:zorg:9, Zorg 10
xtones:zorg:10, Zorg 11
xtones:zorg:11, Zorg 12
xtones:zorg:12, Zorg 13
xtones:zorg:13, Zorg 14
xtones:zorg:14, Zorg 15
xtones:zorg:15, Zorg 16
xtones:ztyl:0, Ztyl 1
xtones:ztyl:1, Ztyl 2
xtones:ztyl:2, Ztyl 3
xtones:ztyl:3, Ztyl 4
xtones:ztyl:4, Ztyl 5
xtones:ztyl:5, Ztyl 6
xtones:ztyl:6, Ztyl 7
xtones:ztyl:7, Ztyl 8
xtones:ztyl:8, Ztyl 9
xtones:ztyl:9, Ztyl 10
xtones:ztyl:10, Ztyl 11
xtones:ztyl:11, Ztyl 12
xtones:ztyl:12, Ztyl 13
xtones:ztyl:13, Ztyl 14
xtones:ztyl:14, Ztyl 15
xtones:ztyl:15, Ztyl 16
xtones:zyth:0, Zyth 1
xtones:zyth:1, Zyth 2
xtones:zyth:2, Zyth 3
xtones:zyth:3, Zyth 4
xtones:zyth:4, Zyth 5
xtones:zyth:5, Zyth 6
xtones:zyth:6, Zyth 7
xtones:zyth:7, Zyth 8
xtones:zyth:8, Zyth 9
xtones:zyth:9, Zyth 10
xtones:zyth:10, Zyth 11
xtones:zyth:11, Zyth 12
xtones:zyth:12, Zyth 13
xtones:zyth:13, Zyth 14
xtones:zyth:14, Zyth 15
xtones:zyth:15, Zyth 16
valkyrielib:guide, Digital Guide
valkyrielib:modifier_component, Modifier Component
valkyrielib:modifier_speed, Speed Modifier
environmentaltech:litherite, Litherite
environmentaltech:litherite_paver, Litherite Paver
environmentaltech:litherite_bricks, Litherite Bricks
environmentaltech:litherite_tiles, Litherite Tiles
environmentaltech:litherite_stairs, Litherite Stairs
environmentaltech:litherite_brick_stairs, Litherite Brick Stairs
environmentaltech:litherite_tile_stairs, Litherite Tile Stairs
environmentaltech:litherite_slab:0, Litherite Slab
environmentaltech:litherite_paver_slab:0, Litherite Paver Slab
environmentaltech:litherite_brick_slab:0, Litherite Brick Slab
environmentaltech:litherite_tile_slab:0, Litherite Tile Slab
environmentaltech:erodium, Erodium
environmentaltech:erodium_paver, Erodium Paver
environmentaltech:erodium_bricks, Erodium Bricks
environmentaltech:erodium_tiles, Erodium Tiles
environmentaltech:erodium_stairs, Erodium Stairs
environmentaltech:erodium_brick_stairs, Erodium Brick Stairs
environmentaltech:erodium_tile_stairs, Erodium Tile Stairs
environmentaltech:erodium_slab:0, Erodium Slab
environmentaltech:erodium_paver_slab:0, Erodium Paver Slab
environmentaltech:erodium_brick_slab:0, Erodium Brick Slab
environmentaltech:erodium_tile_slab:0, Erodium Tile Slab
environmentaltech:kyronite, Kyronite
environmentaltech:kyronite_paver, Kyronite Paver
environmentaltech:kyronite_bricks, Kyronite Bricks
environmentaltech:kyronite_tiles, Kyronite Tiles
environmentaltech:kyronite_stairs, Kyronite Stairs
environmentaltech:kyronite_brick_stairs, Kyronite Brick Stairs
environmentaltech:kyronite_tile_stairs, Kyronite Tile Stairs
environmentaltech:kyronite_slab:0, Kyronite Slab
environmentaltech:kyronite_paver_slab:0, Kyronite Paver Slab
environmentaltech:kyronite_brick_slab:0, Kyronite Brick Slab
environmentaltech:kyronite_tile_slab:0, Kyronite Tile Slab
environmentaltech:pladium, Pladium
environmentaltech:pladium_paver, Pladium Paver
environmentaltech:pladium_bricks, Pladium Bricks
environmentaltech:pladium_tiles, Pladium Tiles
environmentaltech:pladium_stairs, Pladium Stairs
environmentaltech:pladium_brick_stairs, Pladium Brick Stairs
environmentaltech:pladium_tile_stairs, Pladium Tile Stairs
environmentaltech:pladium_slab:0, Pladium Slab
environmentaltech:pladium_paver_slab:0, Pladium Paver Slab
environmentaltech:pladium_brick_slab:0, Pladium Brick Slab
environmentaltech:pladium_tile_slab:0, Pladium Tile Slab
environmentaltech:ionite, Ionite
environmentaltech:ionite_paver, Ionite Paver
environmentaltech:ionite_bricks, Ionite Bricks
environmentaltech:ionite_tiles, Ionite Tiles
environmentaltech:ionite_stairs, Ionite Stairs
environmentaltech:ionite_brick_stairs, Ionite Brick Stairs
environmentaltech:ionite_tile_stairs, Ionite Tile Stairs
environmentaltech:ionite_slab:0, Ionite Slab
environmentaltech:ionite_paver_slab:0, Ionite Paver Slab
environmentaltech:ionite_brick_slab:0, Ionite Brick Slab
environmentaltech:ionite_tile_slab:0, Ionite Tile Slab
environmentaltech:aethium, Aethium
environmentaltech:aethium_paver, Aethium Paver
environmentaltech:aethium_bricks, Aethium Bricks
environmentaltech:aethium_tiles, Aethium Tiles
environmentaltech:aethium_stairs, Aethium Stairs
environmentaltech:aethium_brick_stairs, Aethium Brick Stairs
environmentaltech:aethium_tile_stairs, Aethium Tile Stairs
environmentaltech:aethium_slab:0, Aethium Slab
environmentaltech:aethium_paver_slab:0, Aethium Paver Slab
environmentaltech:aethium_brick_slab:0, Aethium Brick Slab
environmentaltech:aethium_tile_slab:0, Aethium Tile Slab
environmentaltech:lonsdaleite, Lonsdaleite
environmentaltech:lonsdaleite_paver, Lonsdaleite Paver
environmentaltech:lonsdaleite_bricks, Lonsdaleite Bricks
environmentaltech:lonsdaleite_tiles, Lonsdaleite Tiles
environmentaltech:lonsdaleite_stairs, Lonsdaleite Stairs
environmentaltech:lonsdaleite_brick_stairs, Lonsdaleite Brick Stairs
environmentaltech:lonsdaleite_tile_stairs, Lonsdaleite Tile Stairs
environmentaltech:lonsdaleite_slab:0, Lonsdaleite Slab
environmentaltech:lonsdaleite_paver_slab:0, Lonsdaleite Paver Slab
environmentaltech:lonsdaleite_brick_slab:0, Lonsdaleite Brick Slab
environmentaltech:lonsdaleite_tile_slab:0, Lonsdaleite Tile Slab
environmentaltech:mica, Mica
environmentaltech:litherite_crystal, Litherite Crystal
environmentaltech:erodium_crystal, Erodium Crystal
environmentaltech:kyronite_crystal, Kyronite Crystal
environmentaltech:pladium_crystal, Pladium Crystal
environmentaltech:ionite_crystal, Ionite Crystal
environmentaltech:aethium_crystal, Aethium Crystal
environmentaltech:lonsdaleite_crystal, Lonsdaleite Crystal
environmentaltech:interconnect, Interconnect
environmentaltech:tool_multiblock_assembler, Assembler
environmentaltech:connector, Connector
environmentaltech:modifier_null, Null Modifier
environmentaltech:modifier_speed, Speed Modifier
environmentaltech:modifier_luck, Luck Modifier
environmentaltech:structure_frame_1, Structure Frame Tier 1
environmentaltech:structure_frame_2, Structure Frame Tier 2
environmentaltech:structure_frame_3, Structure Frame Tier 3
environmentaltech:structure_frame_4, Structure Frame Tier 4
environmentaltech:structure_frame_5, Structure Frame Tier 5
environmentaltech:structure_frame_6, Structure Frame Tier 6
environmentaltech:structure_panel, Structure Panel
environmentaltech:structure_panel_clear, Clear Structure Panel
environmentaltech:laser_core, Laser Core
environmentaltech:laser_lens, Clear Laser Lens
environmentaltech:laser_lens_crystal, Crystal Laser Lens
environmentaltech:laser_lens_colored:0, White Laser Lens
environmentaltech:laser_lens_colored:1, Orange Laser Lens
environmentaltech:laser_lens_colored:2, Magenta Laser Lens
environmentaltech:laser_lens_colored:3, Light Blue Laser Lens
environmentaltech:laser_lens_colored:4, Yellow Laser Lens
environmentaltech:laser_lens_colored:5, Lime Laser Lens
environmentaltech:laser_lens_colored:6, Pink Laser Lens
environmentaltech:laser_lens_colored:7, Gray Laser Lens
environmentaltech:laser_lens_colored:8, Light Gray Laser Lens
environmentaltech:laser_lens_colored:9, Cyan Laser Lens
environmentaltech:laser_lens_colored:10, Purple Laser Lens
environmentaltech:laser_lens_colored:11, Blue Laser Lens
environmentaltech:laser_lens_colored:12, Brown Laser Lens
environmentaltech:laser_lens_colored:13, Green Laser Lens
environmentaltech:laser_lens_colored:14, Red Laser Lens
environmentaltech:laser_lens_colored:15, Black Laser Lens
environmentaltech:modifier_accuracy, Accuracy Modifier
environmentaltech:diode, Diode
environmentaltech:void_ore_miner_cont_1, Void Ore Miner Controller Tier 1
environmentaltech:void_ore_miner_cont_2, Void Ore Miner Controller Tier 2
environmentaltech:void_ore_miner_cont_3, Void Ore Miner Controller Tier 3
environmentaltech:void_ore_miner_cont_4, Void Ore Miner Controller Tier 4
environmentaltech:void_ore_miner_cont_5, Void Ore Miner Controller Tier 5
environmentaltech:void_ore_miner_cont_6, Void Ore Miner Controller Tier 6
environmentaltech:void_res_miner_cont_1, Void Resource Miner Controller Tier 1
environmentaltech:void_res_miner_cont_2, Void Resource Miner Controller Tier 2
environmentaltech:void_res_miner_cont_3, Void Resource Miner Controller Tier 3
environmentaltech:void_res_miner_cont_4, Void Resource Miner Controller Tier 4
environmentaltech:void_res_miner_cont_5, Void Resource Miner Controller Tier 5
environmentaltech:void_res_miner_cont_6, Void Resource Miner Controller Tier 6
environmentaltech:void_botanic_miner_cont_1, Void Botanic Miner Controller Tier 1
environmentaltech:void_botanic_miner_cont_2, Void Botanic Miner Controller Tier 2
environmentaltech:void_botanic_miner_cont_3, Void Botanic Miner Controller Tier 3
environmentaltech:void_botanic_miner_cont_4, Void Botanic Miner Controller Tier 4
environmentaltech:void_botanic_miner_cont_5, Void Botanic Miner Controller Tier 5
environmentaltech:void_botanic_miner_cont_6, Void Botanic Miner Controller Tier 6
environmentaltech:modifier_creative_flight, Creative Flight Modifier
environmentaltech:modifier_flight_speed, Flight Speed Modifier
environmentaltech:modifier_haste, Haste Modifier
environmentaltech:modifier_strength, Strength Modifier
environmentaltech:modifier_jump_boost, Jump Boost Modifier
environmentaltech:modifier_regeneration, Regen Modifier
environmentaltech:modifier_resistance, Resistance Modifier
environmentaltech:modifier_fire_resistance, Fire Resistance Modifier
environmentaltech:modifier_water_breathing, Water Breathing Modifier
environmentaltech:modifier_invisibility, Invisibility Modifier
environmentaltech:modifier_night_vision, Night Vision Modifier
environmentaltech:modifier_health_boost, Health Boost Modifier
environmentaltech:modifier_absorption, Absoption Modifier
environmentaltech:modifier_saturation, Saturation Modifier
environmentaltech:modifier_glowing, Glowing Modifier
environmentaltech:nano_cont_ranged_1, Ranged Nano Bot Beacon Tier 1
environmentaltech:nano_cont_ranged_2, Ranged Nano Bot Beacon Tier 2
environmentaltech:nano_cont_ranged_3, Ranged Nano Bot Beacon Tier 3
environmentaltech:nano_cont_ranged_4, Ranged Nano Bot Beacon Tier 4
environmentaltech:nano_cont_ranged_5, Ranged Nano Bot Beacon Tier 5
environmentaltech:nano_cont_ranged_6, Ranged Nano Bot Beacon Tier 6
environmentaltech:nano_cont_personal_1, Personal Nano Bot Beacon Tier 1
environmentaltech:nano_cont_personal_2, Personal Nano Bot Beacon Tier 2
environmentaltech:nano_cont_personal_3, Personal Nano Bot Beacon Tier 3
environmentaltech:nano_cont_personal_4, Personal Nano Bot Beacon Tier 4
environmentaltech:nano_cont_personal_5, Personal Nano Bot Beacon Tier 5
environmentaltech:nano_cont_personal_6, Personal Nano Bot Beacon Tier 6
testdummy:dummy, Test Dummy
guideapi:woot-guide, item.guideapi.book.woot.guide.name